time, x, y, speed, dir_x, dir_y, angular_velocity
0.000000, 0.000000, 0.000000, 0.000000, 0.173648, 0.984808, 0.000000
0.010000, 0.000260, 0.000496, 0.056042, 0.173648, 0.984808, 0.000000
0.020000, 0.000781, 0.001489, 0.112084, 0.173648, 0.984808, 0.000000
0.030000, 0.001563, 0.002977, 0.168126, 0.173648, 0.984808, 0.000000
0.040000, 0.002605, 0.004962, 0.224168, 0.173648, 0.984808, 0.000000
0.050000, 0.003907, 0.007443, 0.280210, 0.173648, 0.984808, 0.000000
0.060000, 0.005470, 0.010420, 0.336252, 0.173648, 0.984808, 0.000000
0.070000, 0.007293, 0.013894, 0.392294, 0.173648, 0.984808, 0.000000
0.080000, 0.009377, 0.017864, 0.448336, 0.173648, 0.984808, 0.000000
0.090000, 0.011721, 0.022330, 0.504378, 0.173648, 0.984808, 0.000000
0.100000, 0.014326, 0.027292, 0.560420, 0.173648, 0.984808, 0.000000
0.110000, 0.017191, 0.032750, 0.616462, 0.173648, 0.984808, 0.000000
0.120000, 0.020317, 0.038704, 0.672503, 0.173648, 0.984808, 0.000000
0.130000, 0.023703, 0.045155, 0.728545, 0.173648, 0.984808, 0.000000
0.140000, 0.027349, 0.052102, 0.784586, 0.173648, 0.984808, 0.000000
0.150000, 0.031257, 0.059545, 0.840628, 0.173648, 0.984808, 0.000000
0.160000, 0.035424, 0.067485, 0.896669, 0.173648, 0.984808, 0.000000
0.170000, 0.039852, 0.075920, 0.952710, 0.173648, 0.984808, 0.000000
0.180000, 0.044541, 0.084852, 1.008751, 0.173648, 0.984808, 0.000000
0.190000, 0.049489, 0.094280, 1.064792, 0.173648, 0.984808, 0.000000
0.200000, 0.054699, 0.104204, 1.120832, 0.173648, 0.984808, 0.000000
0.210000, 0.060169, 0.114624, 1.176873, 0.173648, 0.984808, 0.000000
0.220000, 0.065899, 0.125541, 1.232913, 0.173648, 0.984808, 0.000000
0.230000, 0.071890, 0.136954, 1.288954, 0.173648, 0.984808, 0.000000
0.240000, 0.078141, 0.148863, 1.344994, 0.173648, 0.984808, 0.000000
0.250000, 0.084653, 0.161268, 1.401034, 0.173648, 0.984808, 0.000000
0.260000, 0.091425, 0.174169, 1.457073, 0.173648, 0.984808, 0.000000
0.270000, 0.098458, 0.187567, 1.513113, 0.173648, 0.984808, 0.000000
0.280000, 0.105751, 0.201460, 1.569152, 0.173648, 0.984808, 0.000000
0.290000, 0.113304, 0.215850, 1.625191, 0.173648, 0.984808, 0.000000
0.300000, 0.121118, 0.230736, 1.681230, 0.173648, 0.984808, 0.000000
0.310000, 0.129193, 0.246118, 1.737269, 0.173648, 0.984808, 0.000000
0.320000, 0.137528, 0.261997, 1.793307, 0.173648, 0.984808, 0.000000
0.330000, 0.146123, 0.278371, 1.849345, 0.173648, 0.984808, 0.000000
0.340000, 0.154979, 0.295242, 1.905383, 0.173648, 0.984808, 0.000000
0.350000, 0.164095, 0.312609, 1.961421, 0.173648, 0.984808, 0.000000
0.360000, 0.173472, 0.330472, 2.017458, 0.173648, 0.984808, 0.000000
0.370000, 0.183109, 0.348831, 2.073495, 0.173648, 0.984808, 0.000000
0.380000, 0.193007, 0.367687, 2.129532, 0.173648, 0.984808, 0.000000
0.390000, 0.203165, 0.387039, 2.185569, 0.173648, 0.984808, 0.000000
0.400000, 0.213583, 0.406886, 2.241605, 0.173648, 0.984808, 0.000000
0.410000, 0.224262, 0.427230, 2.297641, 0.173648, 0.984808, 0.000000
0.420000, 0.235202, 0.448070, 2.353676, 0.173648, 0.984808, 0.000000
0.430000, 0.246401, 0.469407, 2.409712, 0.173648, 0.984808, 0.000000
0.440000, 0.257862, 0.491239, 2.465747, 0.173648, 0.984808, 0.000000
0.450000, 0.269582, 0.513567, 2.521781, 0.173648, 0.984808, 0.000000
0.460000, 0.281564, 0.536392, 2.577816, 0.173648, 0.984808, 0.000000
0.470000, 0.293805, 0.559713, 2.633850, 0.173648, 0.984808, 0.000000
0.480000, 0.306307, 0.583530, 2.689883, 0.173648, 0.984808, 0.000000
0.490000, 0.319070, 0.607843, 2.745917, 0.173648, 0.984808, 0.000000
0.500000, 0.332092, 0.632652, 2.801949, 0.173648, 0.984808, 0.000000
0.510000, 0.345376, 0.657957, 2.857982, 0.173648, 0.984808, 0.000000
0.520000, 0.358919, 0.683759, 2.914014, 0.173648, 0.984808, 0.000000
0.530000, 0.372724, 0.710057, 2.970046, 0.173648, 0.984808, 0.000000
0.540000, 0.386788, 0.736850, 3.026077, 0.173648, 0.984808, 0.000000
0.550000, 0.401113, 0.764140, 3.082108, 0.173648, 0.984808, 0.000000
0.560000, 0.415699, 0.791926, 3.138138, 0.173648, 0.984808, 0.000000
0.570000, 0.430544, 0.820208, 3.194168, 0.173648, 0.984808, 0.000000
0.580000, 0.445651, 0.848986, 3.250198, 0.173648, 0.984808, 0.000000
0.590000, 0.461017, 0.878260, 3.306227, 0.173648, 0.984808, 0.000000
0.600000, 0.476644, 0.908031, 3.362256, 0.173648, 0.984808, 0.000000
0.610000, 0.492532, 0.938297, 3.418284, 0.173648, 0.984808, 0.000000
0.620000, 0.508680, 0.969059, 3.474312, 0.173648, 0.984808, 0.000000
0.630000, 0.525088, 1.000318, 3.530339, 0.173648, 0.984808, 0.000000
0.640000, 0.541757, 1.032073, 3.586366, 0.173648, 0.984808, 0.000000
0.650000, 0.558686, 1.064323, 3.642392, 0.173648, 0.984808, 0.000000
0.660000, 0.575875, 1.097070, 3.698418, 0.173648, 0.984808, 0.000000
0.670000, 0.593325, 1.130313, 3.754443, 0.173648, 0.984808, 0.000000
0.680000, 0.611035, 1.164052, 3.810468, 0.173648, 0.984808, 0.000000
0.690000, 0.629006, 1.198287, 3.866493, 0.173648, 0.984808, 0.000000
0.700000, 0.647237, 1.233018, 3.922516, 0.173648, 0.984808, 0.000000
0.710000, 0.665728, 1.268245, 3.978540, 0.173648, 0.984808, 0.000000
0.720000, 0.684480, 1.303968, 4.034562, 0.173648, 0.984808, 0.000000
0.730000, 0.703492, 1.340187, 4.090585, 0.173648, 0.984808, 0.000000
0.740000, 0.722765, 1.376902, 4.146606, 0.173648, 0.984808, 0.000000
0.750000, 0.742298, 1.414114, 4.202627, 0.173648, 0.984808, 0.000000
0.760000, 0.762091, 1.451821, 4.258648, 0.173648, 0.984808, 0.000000
0.770000, 0.782145, 1.490024, 4.314668, 0.173648, 0.984808, 0.000000
0.780000, 0.802459, 1.528723, 4.370687, 0.173648, 0.984808, 0.000000
0.790000, 0.823033, 1.567918, 4.426705, 0.173648, 0.984808, 0.000000
0.800000, 0.843868, 1.607610, 4.482724, 0.173648, 0.984808, 0.000000
0.810000, 0.864963, 1.647797, 4.538741, 0.173648, 0.984808, 0.000000
0.820000, 0.886319, 1.688480, 4.594758, 0.173648, 0.984808, 0.000000
0.830000, 0.907934, 1.729659, 4.650774, 0.173648, 0.984808, 0.000000
0.840000, 0.929811, 1.771334, 4.706790, 0.173648, 0.984808, 0.000000
0.850000, 0.951947, 1.813506, 4.762805, 0.173648, 0.984808, 0.000000
0.860000, 0.974344, 1.856173, 4.818819, 0.173648, 0.984808, 0.000000
0.870000, 0.997001, 1.899336, 4.874833, 0.173648, 0.984808, 0.000000
0.880000, 1.019919, 1.942995, 4.930846, 0.173648, 0.984808, 0.000000
0.890000, 1.043097, 1.987150, 4.986858, 0.173648, 0.984808, 0.000000
0.900000, 1.066535, 2.031801, 5.042870, 0.173648, 0.984808, 0.000000
0.910000, 1.090233, 2.076948, 5.098881, 0.173648, 0.984808, 0.000000
0.920000, 1.114192, 2.122590, 5.154891, 0.173648, 0.984808, 0.000000
0.930000, 1.138411, 2.168729, 5.210900, 0.173648, 0.984808, 0.000000
0.940000, 1.162891, 2.215364, 5.266909, 0.173648, 0.984808, 0.000000
0.950000, 1.187631, 2.262494, 5.322917, 0.173648, 0.984808, 0.000000
0.960000, 1.212631, 2.310121, 5.378925, 0.173648, 0.984808, 0.000000
0.970000, 1.237891, 2.358243, 5.434931, 0.173648, 0.984808, 0.000000
0.980000, 1.263412, 2.406861, 5.490937, 0.173648, 0.984808, 0.000000
0.990000, 1.289193, 2.455975, 5.546943, 0.173648, 0.984808, 0.000000
1.000000, 1.315234, 2.505585, 5.602947, 0.173648, 0.984808, 0.000000
1.010000, 1.341536, 2.555691, 5.658951, 0.173648, 0.984808, 0.000000
1.020000, 1.368098, 2.606293, 5.714953, 0.173648, 0.984808, 0.000000
1.030000, 1.394920, 2.657390, 5.770956, 0.173648, 0.984808, 0.000000
1.040000, 1.422003, 2.708984, 5.826957, 0.173648, 0.984808, 0.000000
1.050000, 1.449345, 2.761073, 5.882957, 0.173648, 0.984808, 0.000000
1.060000, 1.476948, 2.813658, 5.938957, 0.173648, 0.984808, 0.000000
1.070000, 1.504812, 2.866739, 5.994956, 0.173648, 0.984808, 0.000000
1.080000, 1.532935, 2.920316, 6.050954, 0.173648, 0.984808, 0.000000
1.090000, 1.561319, 2.974388, 6.106951, 0.173648, 0.984808, 0.000000
1.100000, 1.589963, 3.028957, 6.162948, 0.173648, 0.984808, 0.000000
1.110000, 1.618867, 3.084021, 6.218943, 0.173648, 0.984808, 0.000000
1.120000, 1.648032, 3.139581, 6.274938, 0.173648, 0.984808, 0.000000
1.130000, 1.677457, 3.195637, 6.330932, 0.173648, 0.984808, 0.000000
1.140000, 1.707142, 3.252188, 6.386925, 0.173648, 0.984808, 0.000000
1.150000, 1.737087, 3.309236, 6.442917, 0.173648, 0.984808, 0.000000
1.160000, 1.767293, 3.366779, 6.498908, 0.173648, 0.984808, 0.000000
1.170000, 1.797759, 3.424818, 6.554899, 0.173648, 0.984808, 0.000000
1.180000, 1.828485, 3.483352, 6.610888, 0.173648, 0.984808, 0.000000
1.190000, 1.859471, 3.542382, 6.666877, 0.173648, 0.984808, 0.000000
1.200000, 1.890717, 3.601908, 6.722864, 0.173648, 0.984808, 0.000000
1.210000, 1.922224, 3.661930, 6.778851, 0.173648, 0.984808, 0.000000
1.220000, 1.953991, 3.722448, 6.834837, 0.173648, 0.984808, 0.000000
1.230000, 1.986018, 3.783461, 6.890822, 0.173648, 0.984808, 0.000000
1.240000, 2.018305, 3.844970, 6.946806, 0.173648, 0.984808, 0.000000
1.250000, 2.050853, 3.906974, 7.002789, 0.173648, 0.984808, 0.000000
1.260000, 2.083661, 3.969475, 7.058771, 0.173648, 0.984808, 0.000000
1.270000, 2.116728, 4.032470, 7.114752, 0.173648, 0.984808, 0.000000
1.280000, 2.150056, 4.095962, 7.170732, 0.173648, 0.984808, 0.000000
1.290000, 2.183645, 4.159949, 7.226711, 0.173648, 0.984808, 0.000000
1.300000, 2.217493, 4.224432, 7.282689, 0.173648, 0.984808, 0.000000
1.310000, 2.251602, 4.289411, 7.338666, 0.173648, 0.984808, 0.000000
1.320000, 2.285970, 4.354885, 7.394643, 0.173648, 0.984808, 0.000000
1.330000, 2.320599, 4.420855, 7.450618, 0.173648, 0.984808, 0.000000
1.340000, 2.355488, 4.487320, 7.506592, 0.173648, 0.984808, 0.000000
1.350000, 2.390638, 4.554281, 7.562565, 0.173648, 0.984808, 0.000000
1.360000, 2.426047, 4.621737, 7.618537, 0.173648, 0.984808, 0.000000
1.370000, 2.461716, 4.689690, 7.674508, 0.173648, 0.984808, 0.000000
1.380000, 2.497646, 4.758137, 7.730478, 0.173648, 0.984808, 0.000000
1.390000, 2.533836, 4.827081, 7.786447, 0.173648, 0.984808, 0.000001
1.400000, 2.570286, 4.896519, 7.842415, 0.173648, 0.984808, 0.000001
1.410000, 2.606996, 4.966454, 7.898382, 0.173648, 0.984808, 0.000001
1.420000, 2.643966, 5.036884, 7.954347, 0.173648, 0.984808, 0.000001
1.430000, 2.681196, 5.107809, 8.010312, 0.173648, 0.984808, 0.000001
1.440000, 2.718687, 5.179230, 8.066275, 0.173648, 0.984808, 0.000001
1.450000, 2.756437, 5.251147, 8.122238, 0.173648, 0.984808, 0.000001
1.460000, 2.794448, 5.323559, 8.178199, 0.173648, 0.984808, 0.000001
1.470000, 2.832718, 5.396466, 8.234159, 0.173648, 0.984808, 0.000001
1.480000, 2.871249, 5.469869, 8.290118, 0.173648, 0.984808, 0.000001
1.490000, 2.910040, 5.543767, 8.346076, 0.173648, 0.984808, 0.000001
1.500000, 2.949091, 5.618161, 8.402033, 0.173648, 0.984808, 0.000001
1.510000, 2.988402, 5.693050, 8.457989, 0.173648, 0.984808, 0.000001
1.520000, 3.027973, 5.768435, 8.513943, 0.173648, 0.984808, 0.000001
1.530000, 3.067804, 5.844315, 8.569897, 0.173648, 0.984808, 0.000001
1.540000, 3.107895, 5.920691, 8.625849, 0.173648, 0.984808, 0.000001
1.550000, 3.148246, 5.997562, 8.681800, 0.173648, 0.984808, 0.000001
1.560000, 3.188857, 6.074928, 8.737750, 0.173648, 0.984808, 0.000001
1.570000, 3.229728, 6.152790, 8.793698, 0.173648, 0.984808, 0.000001
1.580000, 3.270860, 6.231147, 8.849646, 0.173648, 0.984808, 0.000001
1.590000, 3.312251, 6.310000, 8.905592, 0.173648, 0.984808, 0.000001
1.600000, 3.353902, 6.389348, 8.961537, 0.173648, 0.984808, 0.000001
1.610000, 3.395814, 6.469191, 9.017481, 0.173648, 0.984808, 0.000001
1.620000, 3.437985, 6.549529, 9.073423, 0.173648, 0.984808, 0.000001
1.630000, 3.480416, 6.630363, 9.129365, 0.173648, 0.984808, 0.000001
1.640000, 3.523108, 6.711692, 9.185305, 0.173648, 0.984808, 0.000001
1.650000, 3.566059, 6.793517, 9.241243, 0.173648, 0.984808, 0.000001
1.660000, 3.609270, 6.875836, 9.297181, 0.173648, 0.984808, 0.000001
1.670000, 3.652742, 6.958651, 9.353117, 0.173648, 0.984808, 0.000001
1.680000, 3.696473, 7.041962, 9.409052, 0.173648, 0.984808, 0.000001
1.690000, 3.740464, 7.125767, 9.464986, 0.173648, 0.984808, 0.000001
1.700000, 3.784716, 7.210068, 9.520918, 0.173648, 0.984808, 0.000001
1.710000, 3.829227, 7.294864, 9.576850, 0.173648, 0.984808, 0.000001
1.720000, 3.873998, 7.380155, 9.632779, 0.173648, 0.984808, 0.000001
1.730000, 3.919029, 7.465942, 9.688708, 0.173648, 0.984808, 0.000001
1.740000, 3.964320, 7.552223, 9.744635, 0.173648, 0.984808, 0.000001
1.750000, 4.009871, 7.639000, 9.800561, 0.173648, 0.984808, 0.000001
1.760000, 4.055682, 7.726272, 9.856485, 0.173648, 0.984808, 0.000001
1.770000, 4.101753, 7.814039, 9.912409, 0.173648, 0.984808, 0.000001
1.780000, 4.148083, 7.902301, 9.968330, 0.173647, 0.984808, 0.000001
1.790000, 4.194674, 7.991059, 10.024251, 0.173647, 0.984808, 0.000001
1.800000, 4.241524, 8.080311, 10.080170, 0.173647, 0.984808, 0.000001
1.810000, 4.288635, 8.170059, 10.136088, 0.173647, 0.984808, 0.000001
1.820000, 4.336005, 8.260302, 10.192004, 0.173647, 0.984808, 0.000001
1.830000, 4.383635, 8.351039, 10.247919, 0.173647, 0.984808, 0.000001
1.840000, 4.431525, 8.442272, 10.303832, 0.173647, 0.984808, 0.000001
1.850000, 4.479675, 8.534000, 10.359745, 0.173647, 0.984808, 0.000001
1.860000, 4.528085, 8.626223, 10.415655, 0.173647, 0.984808, 0.000001
1.870000, 4.576754, 8.718941, 10.471565, 0.173647, 0.984808, 0.000001
1.880000, 4.625684, 8.812154, 10.527472, 0.173647, 0.984808, 0.000001
1.890000, 4.674873, 8.905862, 10.583379, 0.173647, 0.984808, 0.000001
1.900000, 4.724322, 9.000066, 10.639284, 0.173647, 0.984808, 0.000001
1.910000, 4.774031, 9.094764, 10.695187, 0.173647, 0.984808, 0.000001
1.920000, 4.824000, 9.189957, 10.751090, 0.173647, 0.984808, 0.000001
1.930000, 4.874229, 9.285645, 10.806990, 0.173647, 0.984808, 0.000001
1.940000, 4.924717, 9.381828, 10.862889, 0.173647, 0.984808, 0.000001
1.950000, 4.975465, 9.478505, 10.918787, 0.173647, 0.984808, 0.000001
1.960000, 5.026473, 9.575678, 10.974683, 0.173647, 0.984808, 0.000001
1.970000, 5.077741, 9.673346, 11.030578, 0.173647, 0.984808, 0.000001
1.980000, 5.129269, 9.771509, 11.086471, 0.173647, 0.984808, 0.000001
1.990000, 5.181056, 9.870166, 11.142363, 0.173647, 0.984808, 0.000001
2.000000, 5.233103, 9.969318, 11.198253, 0.173647, 0.984808, 0.000002
2.010000, 5.285410, 10.068966, 11.254141, 0.173647, 0.984808, 0.000002
2.020000, 5.337977, 10.169108, 11.310028, 0.173647, 0.984808, 0.000002
2.030000, 5.390803, 10.269744, 11.365914, 0.173647, 0.984808, 0.000002
2.040000, 5.443889, 10.370876, 11.421798, 0.173647, 0.984808, 0.000002
2.050000, 5.497235, 10.472503, 11.477680, 0.173647, 0.984808, 0.000002
2.060000, 5.550840, 10.574624, 11.533561, 0.173647, 0.984808, 0.000002
2.070000, 5.604706, 10.677240, 11.589441, 0.173647, 0.984808, 0.000002
2.080000, 5.658830, 10.780351, 11.645318, 0.173647, 0.984808, 0.000002
2.090000, 5.713215, 10.883956, 11.701194, 0.173647, 0.984808, 0.000002
2.100000, 5.767859, 10.988056, 11.757069, 0.173647, 0.984808, 0.000002
2.110000, 5.822764, 11.092651, 11.812942, 0.173647, 0.984808, 0.000002
2.120000, 5.877927, 11.197741, 11.868813, 0.173647, 0.984808, 0.000002
2.130000, 5.933351, 11.303325, 11.924683, 0.173647, 0.984808, 0.000002
2.140000, 5.989034, 11.409404, 11.980551, 0.173647, 0.984808, 0.000002
2.150000, 6.044976, 11.515978, 12.036418, 0.173647, 0.984808, 0.000002
2.160000, 6.101179, 11.623046, 12.092282, 0.173647, 0.984808, 0.000002
2.170000, 6.157641, 11.730609, 12.148145, 0.173647, 0.984808, 0.000002
2.180000, 6.214362, 11.838667, 12.204007, 0.173647, 0.984808, 0.000002
2.190000, 6.271344, 11.947219, 12.259867, 0.173647, 0.984808, 0.000002
2.200000, 6.328584, 12.056266, 12.315725, 0.173647, 0.984808, 0.000002
2.210000, 6.386085, 12.165807, 12.371581, 0.173647, 0.984808, 0.000002
2.220000, 6.443845, 12.275843, 12.427436, 0.173647, 0.984808, 0.000002
2.230000, 6.501865, 12.386373, 12.483289, 0.173647, 0.984808, 0.000002
2.240000, 6.560144, 12.497398, 12.539141, 0.173647, 0.984808, 0.000002
2.250000, 6.618683, 12.608918, 12.594991, 0.173647, 0.984808, 0.000002
2.260000, 6.677481, 12.720932, 12.650839, 0.173647, 0.984808, 0.000002
2.270000, 6.736539, 12.833440, 12.706685, 0.173647, 0.984808, 0.000002
2.280000, 6.795856, 12.946443, 12.762529, 0.173647, 0.984808, 0.000002
2.290000, 6.855433, 13.059940, 12.818372, 0.173647, 0.984808, 0.000002
2.300000, 6.915270, 13.173932, 12.874213, 0.173647, 0.984808, 0.000002
2.310000, 6.975366, 13.288418, 12.930052, 0.173647, 0.984808, 0.000002
2.320000, 7.035722, 13.403399, 12.985890, 0.173647, 0.984808, 0.000002
2.330000, 7.096337, 13.518874, 13.041726, 0.173647, 0.984808, 0.000002
2.340000, 7.157211, 13.634843, 13.097560, 0.173647, 0.984808, 0.000002
2.350000, 7.218346, 13.751307, 13.153392, 0.173647, 0.984808, 0.000002
2.360000, 7.279739, 13.868265, 13.209222, 0.173647, 0.984808, 0.000002
2.370000, 7.341392, 13.985717, 13.265051, 0.173646, 0.984808, 0.000002
2.380000, 7.403305, 14.103664, 13.320878, 0.173646, 0.984808, 0.000003
2.390000, 7.465477, 14.222105, 13.376703, 0.173646, 0.984808, 0.000003
2.400000, 7.527908, 14.341040, 13.432526, 0.173646, 0.984808, 0.000003
2.410000, 7.590599, 14.460470, 13.488347, 0.173646, 0.984808, 0.000003
2.420000, 7.653550, 14.580393, 13.544167, 0.173646, 0.984808, 0.000003
2.430000, 7.716759, 14.700811, 13.599985, 0.173646, 0.984808, 0.000003
2.440000, 7.780229, 14.821723, 13.655800, 0.173646, 0.984808, 0.000003
2.450000, 7.843957, 14.943130, 13.711614, 0.173646, 0.984808, 0.000003
2.460000, 7.907945, 15.065030, 13.767426, 0.173646, 0.984808, 0.000003
2.470000, 7.972193, 15.187425, 13.823237, 0.173646, 0.984808, 0.000003
2.480000, 8.036699, 15.310314, 13.879045, 0.173646, 0.984808, 0.000003
2.490000, 8.101466, 15.433697, 13.934852, 0.173646, 0.984808, 0.000003
2.500000, 8.166491, 15.557574, 13.990656, 0.173646, 0.984808, 0.000003
2.510000, 8.231776, 15.681945, 14.046459, 0.173646, 0.984808, 0.000003
2.520000, 8.297320, 15.806810, 14.102259, 0.173646, 0.984808, 0.000003
2.530000, 8.363124, 15.932169, 14.158058, 0.173646, 0.984808, 0.000003
2.540000, 8.429187, 16.058023, 14.213855, 0.173646, 0.984808, 0.000003
2.550000, 8.495509, 16.184370, 14.269650, 0.173646, 0.984808, 0.000003
2.560000, 8.562090, 16.311212, 14.325443, 0.173646, 0.984808, 0.000003
2.570000, 8.628931, 16.438547, 14.381234, 0.173646, 0.984808, 0.000003
2.580000, 8.696031, 16.566376, 14.437023, 0.173646, 0.984808, 0.000003
2.590000, 8.763391, 16.694700, 14.492811, 0.173646, 0.984808, 0.000003
2.600000, 8.831009, 16.823517, 14.548596, 0.173646, 0.984808, 0.000003
2.610000, 8.898887, 16.952828, 14.604379, 0.173646, 0.984808, 0.000003
2.620000, 8.967025, 17.082633, 14.660160, 0.173646, 0.984808, 0.000003
2.630000, 9.035421, 17.212932, 14.715939, 0.173646, 0.984808, 0.000003
2.640000, 9.104077, 17.343725, 14.771717, 0.173646, 0.984808, 0.000003
2.650000, 9.172992, 17.475011, 14.827492, 0.173646, 0.984808, 0.000003
2.660000, 9.242166, 17.606792, 14.883265, 0.173646, 0.984808, 0.000004
2.670000, 9.311599, 17.739066, 14.939036, 0.173646, 0.984808, 0.000004
2.680000, 9.381292, 17.871834, 14.994805, 0.173646, 0.984808, 0.000004
2.690000, 9.451243, 18.005096, 15.050572, 0.173646, 0.984808, 0.000004
2.700000, 9.521454, 18.138852, 15.106338, 0.173645, 0.984808, 0.000004
2.710000, 9.591924, 18.273101, 15.162101, 0.173645, 0.984808, 0.000004
2.720000, 9.662654, 18.407844, 15.217862, 0.173645, 0.984808, 0.000004
2.730000, 9.733642, 18.543081, 15.273620, 0.173645, 0.984808, 0.000004
2.740000, 9.804890, 18.678811, 15.329377, 0.173645, 0.984808, 0.000004
2.750000, 9.876396, 18.815036, 15.385132, 0.173645, 0.984808, 0.000004
2.760000, 9.948162, 18.951753, 15.440885, 0.173645, 0.984808, 0.000004
2.770000, 10.020187, 19.088965, 15.496635, 0.173645, 0.984808, 0.000004
2.780000, 10.092471, 19.226670, 15.552384, 0.173645, 0.984808, 0.000004
2.790000, 10.165014, 19.364869, 15.608130, 0.173645, 0.984808, 0.000004
2.800000, 10.237816, 19.503561, 15.663874, 0.173645, 0.984808, 0.000004
2.810000, 10.310878, 19.642747, 15.719616, 0.173645, 0.984808, 0.000004
2.820000, 10.384198, 19.782426, 15.775356, 0.173645, 0.984808, 0.000004
2.830000, 10.457777, 19.922599, 15.831094, 0.173645, 0.984808, 0.000004
2.840000, 10.531616, 20.063265, 15.886830, 0.173645, 0.984808, 0.000004
2.850000, 10.605713, 20.204425, 15.942563, 0.173645, 0.984808, 0.000004
2.860000, 10.680070, 20.346078, 15.998294, 0.173645, 0.984808, 0.000004
2.870000, 10.754685, 20.488225, 16.054024, 0.173645, 0.984808, 0.000004
2.880000, 10.829560, 20.630865, 16.109750, 0.173645, 0.984808, 0.000004
2.890000, 10.904693, 20.773999, 16.165475, 0.173645, 0.984808, 0.000005
2.900000, 10.980086, 20.917626, 16.221198, 0.173645, 0.984808, 0.000005
2.910000, 11.055737, 21.061746, 16.276918, 0.173645, 0.984808, 0.000005
2.920000, 11.131648, 21.206360, 16.332636, 0.173645, 0.984808, 0.000005
2.930000, 11.207817, 21.351467, 16.388352, 0.173645, 0.984808, 0.000005
2.940000, 11.284245, 21.497067, 16.444066, 0.173644, 0.984808, 0.000005
2.950000, 11.360933, 21.643160, 16.499778, 0.173644, 0.984808, 0.000005
2.960000, 11.437879, 21.789747, 16.555487, 0.173644, 0.984808, 0.000005
2.970000, 11.515084, 21.936827, 16.611194, 0.173644, 0.984808, 0.000005
2.980000, 11.592548, 22.084401, 16.666899, 0.173644, 0.984808, 0.000005
2.990000, 11.670271, 22.232467, 16.722601, 0.173644, 0.984808, 0.000005
3.000000, 11.748252, 22.381027, 16.778301, 0.173644, 0.984808, 0.000005
3.010000, 11.826493, 22.530080, 16.833999, 0.173644, 0.984808, 0.000005
3.020000, 11.904993, 22.679626, 16.889695, 0.173644, 0.984808, 0.000005
3.030000, 11.983751, 22.829665, 16.945388, 0.173644, 0.984808, 0.000005
3.040000, 12.062768, 22.980197, 17.001079, 0.173644, 0.984808, 0.000005
3.050000, 12.142044, 23.131223, 17.056768, 0.173644, 0.984808, 0.000005
3.060000, 12.221579, 23.282741, 17.112455, 0.173644, 0.984809, 0.000005
3.070000, 12.301372, 23.434752, 17.168139, 0.173644, 0.984809, 0.000005
3.080000, 12.381425, 23.587257, 17.223821, 0.173644, 0.984809, 0.000005
3.090000, 12.461736, 23.740254, 17.279500, 0.173644, 0.984809, 0.000005
3.100000, 12.542306, 23.893745, 17.335177, 0.173644, 0.984809, 0.000006
3.110000, 12.623134, 24.047728, 17.390852, 0.173644, 0.984809, 0.000006
3.120000, 12.704222, 24.202205, 17.446524, 0.173644, 0.984809, 0.000006
3.130000, 12.785568, 24.357174, 17.502195, 0.173644, 0.984809, 0.000006
3.140000, 12.867173, 24.512636, 17.557862, 0.173643, 0.984809, 0.000006
3.150000, 12.949037, 24.668591, 17.613528, 0.173643, 0.984809, 0.000006
3.160000, 13.031159, 24.825039, 17.669190, 0.173643, 0.984809, 0.000006
3.170000, 13.113540, 24.981980, 17.724851, 0.173643, 0.984809, 0.000006
3.180000, 13.196180, 25.139414, 17.780509, 0.173643, 0.984809, 0.000006
3.190000, 13.279078, 25.297340, 17.836165, 0.173643, 0.984809, 0.000006
3.200000, 13.362235, 25.455759, 17.891818, 0.173643, 0.984809, 0.000006
3.210000, 13.445651, 25.614671, 17.947469, 0.173643, 0.984809, 0.000006
3.220000, 13.529325, 25.774076, 18.003117, 0.173643, 0.984809, 0.000006
3.230000, 13.613258, 25.933973, 18.058763, 0.173643, 0.984809, 0.000006
3.240000, 13.697449, 26.094363, 18.114407, 0.173643, 0.984809, 0.000006
3.250000, 13.781900, 26.255246, 18.170048, 0.173643, 0.984809, 0.000006
3.260000, 13.866608, 26.416621, 18.225687, 0.173643, 0.984809, 0.000006
3.270000, 13.951576, 26.578489, 18.281323, 0.173643, 0.984809, 0.000006
3.280000, 14.036802, 26.740849, 18.336957, 0.173643, 0.984809, 0.000007
3.290000, 14.122286, 26.903703, 18.392588, 0.173643, 0.984809, 0.000007
3.300000, 14.208029, 27.067048, 18.448217, 0.173642, 0.984809, 0.000007
3.310000, 14.294030, 27.230886, 18.503843, 0.173642, 0.984809, 0.000007
3.320000, 14.380291, 27.395217, 18.559467, 0.173642, 0.984809, 0.000007
3.330000, 14.466809, 27.560040, 18.615088, 0.173642, 0.984809, 0.000007
3.340000, 14.553586, 27.725356, 18.670706, 0.173642, 0.984809, 0.000007
3.350000, 14.640622, 27.891164, 18.726323, 0.173642, 0.984809, 0.000007
3.360000, 14.727916, 28.057465, 18.781936, 0.173642, 0.984809, 0.000007
3.370000, 14.815468, 28.224258, 18.837547, 0.173642, 0.984809, 0.000007
3.380000, 14.903279, 28.391543, 18.893156, 0.173642, 0.984809, 0.000007
3.390000, 14.991348, 28.559321, 18.948762, 0.173642, 0.984809, 0.000007
3.400000, 15.079676, 28.727591, 19.004365, 0.173642, 0.984809, 0.000007
3.410000, 15.168262, 28.896353, 19.059966, 0.173642, 0.984809, 0.000007
3.420000, 15.257107, 29.065608, 19.115564, 0.173642, 0.984809, 0.000007
3.430000, 15.346210, 29.235354, 19.171160, 0.173642, 0.984809, 0.000007
3.440000, 15.435571, 29.405594, 19.226753, 0.173641, 0.984809, 0.000008
3.450000, 15.525191, 29.576325, 19.282344, 0.173641, 0.984809, 0.000008
3.460000, 15.615069, 29.747548, 19.337932, 0.173641, 0.984809, 0.000008
3.470000, 15.705205, 29.919264, 19.393517, 0.173641, 0.984809, 0.000008
3.480000, 15.795600, 30.091472, 19.449099, 0.173641, 0.984809, 0.000008
3.490000, 15.886253, 30.264172, 19.504679, 0.173641, 0.984809, 0.000008
3.500000, 15.977164, 30.437364, 19.560257, 0.173641, 0.984809, 0.000008
3.510000, 16.068334, 30.611048, 19.615832, 0.173641, 0.984809, 0.000008
3.520000, 16.159762, 30.785224, 19.671404, 0.173641, 0.984809, 0.000008
3.530000, 16.251448, 30.959893, 19.726973, 0.173641, 0.984809, 0.000008
3.540000, 16.343393, 31.135053, 19.782540, 0.173641, 0.984809, 0.000008
3.550000, 16.435595, 31.310705, 19.838104, 0.173641, 0.984809, 0.000008
3.560000, 16.528056, 31.486849, 19.893665, 0.173641, 0.984809, 0.000008
3.570000, 16.620775, 31.663485, 19.949224, 0.173640, 0.984809, 0.000008
3.580000, 16.713753, 31.840613, 20.004780, 0.173640, 0.984809, 0.000008
3.590000, 16.806988, 32.018233, 20.060333, 0.173640, 0.984809, 0.000009
3.600000, 16.900482, 32.196345, 20.115884, 0.173640, 0.984809, 0.000009
3.610000, 16.994234, 32.374949, 20.171432, 0.173640, 0.984809, 0.000009
3.620000, 17.088244, 32.554044, 20.226977, 0.173640, 0.984809, 0.000009
3.630000, 17.182512, 32.733631, 20.282519, 0.173640, 0.984809, 0.000009
3.640000, 17.277038, 32.913710, 20.338059, 0.173640, 0.984809, 0.000009
3.650000, 17.371823, 33.094281, 20.393596, 0.173640, 0.984809, 0.000009
3.660000, 17.466865, 33.275344, 20.449130, 0.173640, 0.984809, 0.000009
3.670000, 17.562166, 33.456898, 20.504662, 0.173640, 0.984809, 0.000009
3.680000, 17.657724, 33.638944, 20.560190, 0.173640, 0.984809, 0.000009
3.690000, 17.753541, 33.821481, 20.615716, 0.173639, 0.984809, 0.000009
3.700000, 17.849616, 34.004510, 20.671239, 0.173639, 0.984809, 0.000009
3.710000, 17.945949, 34.188031, 20.726760, 0.173639, 0.984809, 0.000009
3.720000, 18.042539, 34.372043, 20.782277, 0.173639, 0.984809, 0.000009
3.730000, 18.139388, 34.556547, 20.837792, 0.173639, 0.984809, 0.000010
3.740000, 18.236495, 34.741542, 20.893304, 0.173639, 0.984809, 0.000010
3.750000, 18.333860, 34.927029, 20.948813, 0.173639, 0.984809, 0.000010
3.760000, 18.431483, 35.113007, 21.004319, 0.173639, 0.984809, 0.000010
3.770000, 18.529363, 35.299477, 21.059822, 0.173639, 0.984809, 0.000010
3.780000, 18.627502, 35.486438, 21.115323, 0.173639, 0.984809, 0.000010
3.790000, 18.725899, 35.673891, 21.170821, 0.173638, 0.984809, 0.000010
3.800000, 18.824553, 35.861835, 21.226316, 0.173638, 0.984809, 0.000010
3.810000, 18.923466, 36.050270, 21.281808, 0.173638, 0.984810, 0.000010
3.820000, 19.022636, 36.239197, 21.337297, 0.173638, 0.984810, 0.000010
3.830000, 19.122064, 36.428615, 21.392783, 0.173638, 0.984810, 0.000010
3.840000, 19.221750, 36.618524, 21.448266, 0.173638, 0.984810, 0.000010
3.850000, 19.321694, 36.808924, 21.503747, 0.173638, 0.984810, 0.000010
3.860000, 19.421896, 36.999816, 21.559225, 0.173638, 0.984810, 0.000011
3.870000, 19.522355, 37.191199, 21.614699, 0.173638, 0.984810, 0.000011
3.880000, 19.623073, 37.383073, 21.670171, 0.173638, 0.984810, 0.000011
3.890000, 19.724048, 37.575438, 21.725640, 0.173637, 0.984810, 0.000011
3.900000, 19.825281, 37.768294, 21.781106, 0.173637, 0.984810, 0.000011
3.910000, 19.926772, 37.961642, 21.836569, 0.173637, 0.984810, 0.000011
3.920000, 20.028520, 38.155480, 21.892029, 0.173637, 0.984810, 0.000011
3.930000, 20.130526, 38.349810, 21.947486, 0.173637, 0.984810, 0.000011
3.940000, 20.232790, 38.544630, 22.002940, 0.173637, 0.984810, 0.000011
3.950000, 20.335312, 38.739942, 22.058391, 0.173637, 0.984810, 0.000011
3.960000, 20.438091, 38.935744, 22.113839, 0.173637, 0.984810, 0.000011
3.970000, 20.541128, 39.132038, 22.169284, 0.173637, 0.984810, 0.000011
3.980000, 20.644423, 39.328822, 22.224727, 0.173636, 0.984810, 0.000012
3.990000, 20.747975, 39.526097, 22.280166, 0.173636, 0.984810, 0.000012
4.000000, 20.851785, 39.723863, 22.335602, 0.173636, 0.984810, 0.000012
4.010000, 20.955853, 39.922120, 22.391035, 0.173636, 0.984810, 0.000012
4.020000, 21.060178, 40.120868, 22.446466, 0.173636, 0.984810, 0.000012
4.030000, 21.164761, 40.320106, 22.501893, 0.173636, 0.984810, 0.000012
4.040000, 21.269601, 40.519835, 22.557317, 0.173636, 0.984810, 0.000012
4.050000, 21.374699, 40.720055, 22.612738, 0.173636, 0.984810, 0.000012
4.060000, 21.480055, 40.920766, 22.668156, 0.173635, 0.984810, 0.000012
4.070000, 21.585668, 41.121967, 22.723571, 0.173635, 0.984810, 0.000012
4.080000, 21.691538, 41.323659, 22.778983, 0.173635, 0.984810, 0.000012
4.090000, 21.797666, 41.525841, 22.834392, 0.173635, 0.984810, 0.000013
4.100000, 21.904052, 41.728514, 22.889798, 0.173635, 0.984810, 0.000013
4.110000, 22.010695, 41.931678, 22.945201, 0.173635, 0.984810, 0.000013
4.120000, 22.117596, 42.135332, 23.000600, 0.173635, 0.984810, 0.000013
4.130000, 22.224754, 42.339477, 23.055997, 0.173635, 0.984810, 0.000013
4.140000, 22.332169, 42.544112, 23.111391, 0.173634, 0.984810, 0.000013
4.150000, 22.439842, 42.749238, 23.166781, 0.173634, 0.984810, 0.000013
4.160000, 22.547772, 42.954854, 23.222168, 0.173634, 0.984810, 0.000013
4.170000, 22.655960, 43.160960, 23.277552, 0.173634, 0.984810, 0.000013
4.180000, 22.764405, 43.367557, 23.332933, 0.173634, 0.984810, 0.000013
4.190000, 22.873108, 43.574644, 23.388311, 0.173634, 0.984810, 0.000013
4.200000, 22.982067, 43.782222, 23.443686, 0.173634, 0.984810, 0.000014
4.210000, 23.091285, 43.990290, 23.499058, 0.173634, 0.984810, 0.000014
4.220000, 23.200759, 44.198848, 23.554426, 0.173633, 0.984810, 0.000014
4.230000, 23.310491, 44.407896, 23.609791, 0.173633, 0.984810, 0.000014
4.240000, 23.420480, 44.617434, 23.665153, 0.173633, 0.984810, 0.000014
4.250000, 23.530726, 44.827463, 23.720512, 0.173633, 0.984810, 0.000014
4.260000, 23.641230, 45.037982, 23.775868, 0.173633, 0.984810, 0.000014
4.270000, 23.751991, 45.248990, 23.831220, 0.173633, 0.984810, 0.000014
4.280000, 23.863009, 45.460489, 23.886570, 0.173633, 0.984810, 0.000014
4.290000, 23.974284, 45.672478, 23.941916, 0.173632, 0.984811, 0.000014
4.300000, 24.085816, 45.884957, 23.997259, 0.173632, 0.984811, 0.000015
4.310000, 24.197606, 46.097927, 24.052598, 0.173632, 0.984811, 0.000015
4.320000, 24.309653, 46.311386, 24.107935, 0.173632, 0.984811, 0.000015
4.330000, 24.421957, 46.525335, 24.163268, 0.173632, 0.984811, 0.000015
4.340000, 24.534518, 46.739773, 24.218598, 0.173632, 0.984811, 0.000015
4.350000, 24.647336, 46.954702, 24.273925, 0.173632, 0.984811, 0.000015
4.360000, 24.760412, 47.170121, 24.329248, 0.173631, 0.984811, 0.000015
4.370000, 24.873744, 47.386029, 24.384569, 0.173631, 0.984811, 0.000015
4.380000, 24.987334, 47.602428, 24.439885, 0.173631, 0.984811, 0.000015
4.390000, 25.101180, 47.819316, 24.495199, 0.173631, 0.984811, 0.000015
4.400000, 25.215284, 48.036693, 24.550509, 0.173631, 0.984811, 0.000016
4.410000, 25.329645, 48.254561, 24.605817, 0.173631, 0.984811, 0.000016
4.420000, 25.444262, 48.472918, 24.661120, 0.173631, 0.984811, 0.000016
4.430000, 25.559137, 48.691765, 24.716421, 0.173630, 0.984811, 0.000016
4.440000, 25.674269, 48.911101, 24.771718, 0.173630, 0.984811, 0.000016
4.450000, 25.789658, 49.130928, 24.827012, 0.173630, 0.984811, 0.000016
4.460000, 25.905303, 49.351243, 24.882302, 0.173630, 0.984811, 0.000016
4.470000, 26.021206, 49.572048, 24.937589, 0.173630, 0.984811, 0.000016
4.480000, 26.137365, 49.793343, 24.992873, 0.173630, 0.984811, 0.000016
4.490000, 26.253782, 50.015127, 25.048154, 0.173629, 0.984811, 0.000016
4.500000, 26.370455, 50.237401, 25.103431, 0.173629, 0.984811, 0.000017
4.510000, 26.487385, 50.460164, 25.158705, 0.173629, 0.984811, 0.000017
4.520000, 26.604572, 50.683416, 25.213975, 0.173629, 0.984811, 0.000017
4.530000, 26.722016, 50.907158, 25.269242, 0.173629, 0.984811, 0.000017
4.540000, 26.839717, 51.131389, 25.324506, 0.173629, 0.984811, 0.000017
4.550000, 26.957674, 51.356110, 25.379766, 0.173628, 0.984811, 0.000017
4.560000, 27.075889, 51.581319, 25.435023, 0.173628, 0.984811, 0.000017
4.570000, 27.194360, 51.807018, 25.490276, 0.173628, 0.984811, 0.000017
4.580000, 27.313088, 52.033207, 25.545526, 0.173628, 0.984811, 0.000017
4.590000, 27.432072, 52.259884, 25.600773, 0.173628, 0.984811, 0.000018
4.600000, 27.551314, 52.487050, 25.656016, 0.173628, 0.984811, 0.000018
4.610000, 27.670812, 52.714706, 25.711256, 0.173627, 0.984811, 0.000018
4.620000, 27.790566, 52.942851, 25.766492, 0.173627, 0.984811, 0.000018
4.630000, 27.910578, 53.171484, 25.821725, 0.173627, 0.984811, 0.000018
4.640000, 28.030846, 53.400607, 25.876954, 0.173627, 0.984812, 0.000018
4.650000, 28.151371, 53.630219, 25.932180, 0.173627, 0.984812, 0.000018
4.660000, 28.272152, 53.860320, 25.987403, 0.173626, 0.984812, 0.000018
4.670000, 28.393190, 54.090910, 26.042621, 0.173626, 0.984812, 0.000019
4.680000, 28.514485, 54.321988, 26.097837, 0.173626, 0.984812, 0.000019
4.690000, 28.636036, 54.553556, 26.153049, 0.173626, 0.984812, 0.000019
4.700000, 28.757844, 54.785612, 26.208258, 0.173626, 0.984812, 0.000019
4.710000, 28.879908, 55.018157, 26.263463, 0.173626, 0.984812, 0.000019
4.720000, 29.002229, 55.251191, 26.318664, 0.173625, 0.984812, 0.000019
4.730000, 29.124806, 55.484714, 26.373862, 0.173625, 0.984812, 0.000019
4.740000, 29.247640, 55.718725, 26.429056, 0.173625, 0.984812, 0.000019
4.750000, 29.370731, 55.953225, 26.484247, 0.173625, 0.984812, 0.000019
4.760000, 29.494078, 56.188214, 26.539435, 0.173625, 0.984812, 0.000020
4.770000, 29.617681, 56.423691, 26.594619, 0.173624, 0.984812, 0.000020
4.780000, 29.741541, 56.659657, 26.649799, 0.173624, 0.984812, 0.000020
4.790000, 29.865657, 56.896112, 26.704976, 0.173624, 0.984812, 0.000020
4.800000, 29.990029, 57.133055, 26.760149, 0.173624, 0.984812, 0.000020
4.810000, 30.114658, 57.370487, 26.815318, 0.173624, 0.984812, 0.000020
4.820000, 30.239544, 57.608407, 26.870484, 0.173623, 0.984812, 0.000020
4.830000, 30.364685, 57.846815, 26.925647, 0.173623, 0.984812, 0.000020
4.840000, 30.490083, 58.085712, 26.980805, 0.173623, 0.984812, 0.000021
4.850000, 30.615738, 58.325097, 27.035961, 0.173623, 0.984812, 0.000021
4.860000, 30.741648, 58.564971, 27.091112, 0.173623, 0.984812, 0.000021
4.870000, 30.867815, 58.805333, 27.146260, 0.173622, 0.984812, 0.000021
4.880000, 30.994238, 59.046183, 27.201405, 0.173622, 0.984812, 0.000021
4.890000, 31.120918, 59.287521, 27.256545, 0.173622, 0.984812, 0.000021
4.900000, 31.247853, 59.529348, 27.311682, 0.173622, 0.984812, 0.000021
4.910000, 31.375045, 59.771663, 27.366816, 0.173622, 0.984812, 0.000021
4.920000, 31.502493, 60.014466, 27.421946, 0.173621, 0.984812, 0.000022
4.930000, 31.630197, 60.257757, 27.477072, 0.173621, 0.984813, 0.000022
4.940000, 31.758158, 60.501536, 27.532194, 0.173621, 0.984813, 0.000022
4.950000, 31.886374, 60.745804, 27.587313, 0.173621, 0.984813, 0.000022
4.960000, 32.014847, 60.990559, 27.642428, 0.173620, 0.984813, 0.000022
4.970000, 32.143576, 61.235802, 27.697539, 0.173620, 0.984813, 0.000022
4.980000, 32.272561, 61.481533, 27.752647, 0.173620, 0.984813, 0.000022
4.990000, 32.401802, 61.727753, 27.807751, 0.173620, 0.984813, 0.000022
5.000000, 32.531299, 61.974460, 27.862852, 0.173620, 0.984813, 0.000023
5.010000, 32.661052, 62.221655, 27.917948, 0.173619, 0.984813, 0.000023
5.020000, 32.791061, 62.469337, 27.973041, 0.173619, 0.984813, 0.000023
5.030000, 32.921326, 62.717508, 28.028130, 0.173619, 0.984813, 0.000023
5.040000, 33.051847, 62.966166, 28.083216, 0.173619, 0.984813, 0.000023
5.050000, 33.182624, 63.215312, 28.138297, 0.173618, 0.984813, 0.000023
5.060000, 33.313657, 63.464946, 28.193375, 0.173618, 0.984813, 0.000023
5.070000, 33.444946, 63.715067, 28.248449, 0.173618, 0.984813, 0.000024
5.080000, 33.576491, 63.965676, 28.303520, 0.173618, 0.984813, 0.000024
5.090000, 33.708292, 64.216773, 28.358586, 0.173618, 0.984813, 0.000024
5.100000, 33.840348, 64.468357, 28.413649, 0.173617, 0.984813, 0.000024
5.110000, 33.972661, 64.720429, 28.468708, 0.173617, 0.984813, 0.000024
5.120000, 34.105229, 64.972988, 28.523764, 0.173617, 0.984813, 0.000024
5.130000, 34.238053, 65.226035, 28.578815, 0.173617, 0.984813, 0.000024
5.140000, 34.371133, 65.479569, 28.633863, 0.173616, 0.984813, 0.000024
5.150000, 34.504469, 65.733590, 28.688907, 0.173616, 0.984813, 0.000025
5.160000, 34.638060, 65.988099, 28.743947, 0.173616, 0.984813, 0.000025
5.170000, 34.771908, 66.243095, 28.798983, 0.173616, 0.984813, 0.000025
5.180000, 34.906011, 66.498579, 28.854016, 0.173615, 0.984814, 0.000025
5.190000, 35.040370, 66.754549, 28.909044, 0.173615, 0.984814, 0.000025
5.200000, 35.174984, 67.011007, 28.964069, 0.173615, 0.984814, 0.000025
5.210000, 35.309854, 67.267952, 29.019090, 0.173615, 0.984814, 0.000025
5.220000, 35.444980, 67.525385, 29.074107, 0.173614, 0.984814, 0.000026
5.230000, 35.580361, 67.783304, 29.129120, 0.173614, 0.984814, 0.000026
5.240000, 35.715998, 68.041711, 29.184129, 0.173614, 0.984814, 0.000026
5.250000, 35.851891, 68.300604, 29.239135, 0.173614, 0.984814, 0.000026
5.260000, 35.988039, 68.559985, 29.294136, 0.173613, 0.984814, 0.000026
5.270000, 36.124443, 68.819852, 29.349134, 0.173613, 0.984814, 0.000026
5.280000, 36.261103, 69.080207, 29.404128, 0.173613, 0.984814, 0.000026
5.290000, 36.398018, 69.341048, 29.459118, 0.173613, 0.984814, 0.000027
5.300000, 36.535188, 69.602377, 29.514103, 0.173612, 0.984814, 0.000027
5.310000, 36.672614, 69.864192, 29.569085, 0.173612, 0.984814, 0.000027
5.320000, 36.810295, 70.126494, 29.624063, 0.173612, 0.984814, 0.000027
5.330000, 36.948232, 70.389283, 29.679038, 0.173612, 0.984814, 0.000027
5.340000, 37.086425, 70.652558, 29.734008, 0.173611, 0.984814, 0.000027
5.350000, 37.224872, 70.916320, 29.788974, 0.173611, 0.984814, 0.000028
5.360000, 37.363576, 71.180569, 29.843936, 0.173611, 0.984814, 0.000028
5.370000, 37.502534, 71.445305, 29.898895, 0.173610, 0.984814, 0.000028
5.380000, 37.641748, 71.710527, 29.953849, 0.173610, 0.984814, 0.000028
5.390000, 37.781217, 71.976236, 30.008799, 0.173610, 0.984815, 0.000028
5.400000, 37.920942, 72.242431, 30.063746, 0.173610, 0.984815, 0.000028
5.410000, 38.060922, 72.509113, 30.118688, 0.173609, 0.984815, 0.000028
5.420000, 38.201157, 72.776281, 30.173627, 0.173609, 0.984815, 0.000029
5.430000, 38.341648, 73.043936, 30.228561, 0.173609, 0.984815, 0.000029
5.440000, 38.482393, 73.312077, 30.283492, 0.173608, 0.984815, 0.000029
5.450000, 38.623394, 73.580704, 30.338418, 0.173608, 0.984815, 0.000029
5.460000, 38.764651, 73.849818, 30.393340, 0.173608, 0.984815, 0.000029
5.470000, 38.906162, 74.119418, 30.448259, 0.173608, 0.984815, 0.000029
5.480000, 39.047928, 74.389504, 30.503173, 0.173607, 0.984815, 0.000030
5.490000, 39.189950, 74.660077, 30.558083, 0.173607, 0.984815, 0.000030
5.500000, 39.332227, 74.931135, 30.612990, 0.173607, 0.984815, 0.000030
5.510000, 39.474759, 75.202680, 30.667892, 0.173606, 0.984815, 0.000030
5.520000, 39.617546, 75.474711, 30.722790, 0.173606, 0.984815, 0.000030
5.530000, 39.760588, 75.747228, 30.777684, 0.173606, 0.984815, 0.000030
5.540000, 39.903886, 76.020231, 30.832574, 0.173606, 0.984815, 0.000030
5.550000, 40.047438, 76.293720, 30.887460, 0.173605, 0.984815, 0.000031
5.560000, 40.191245, 76.567695, 30.942342, 0.173605, 0.984815, 0.000031
5.570000, 40.335307, 76.842156, 30.997219, 0.173605, 0.984815, 0.000031
5.580000, 40.479625, 77.117103, 31.052093, 0.173604, 0.984815, 0.000031
5.590000, 40.624197, 77.392536, 31.106962, 0.173604, 0.984816, 0.000031
5.600000, 40.769024, 77.668454, 31.161828, 0.173604, 0.984816, 0.000031
5.610000, 40.914106, 77.944858, 31.216689, 0.173603, 0.984816, 0.000032
5.620000, 41.059443, 78.221749, 31.271546, 0.173603, 0.984816, 0.000032
5.630000, 41.205035, 78.499124, 31.326399, 0.173603, 0.984816, 0.000032
5.640000, 41.350882, 78.776986, 31.381248, 0.173602, 0.984816, 0.000032
5.650000, 41.496984, 79.055333, 31.436092, 0.173602, 0.984816, 0.000032
5.660000, 41.643340, 79.334166, 31.490933, 0.173602, 0.984816, 0.000032
5.670000, 41.789951, 79.613484, 31.545769, 0.173601, 0.984816, 0.000033
5.680000, 41.936818, 79.893288, 31.600601, 0.173601, 0.984816, 0.000033
5.690000, 42.083938, 80.173577, 31.655429, 0.173601, 0.984816, 0.000033
5.700000, 42.231314, 80.454352, 31.710253, 0.173601, 0.984816, 0.000033
5.710000, 42.378944, 80.735612, 31.765073, 0.173600, 0.984816, 0.000033
5.720000, 42.526829, 81.017357, 31.819888, 0.173600, 0.984816, 0.000033
5.730000, 42.674969, 81.299588, 31.874700, 0.173600, 0.984816, 0.000034
5.740000, 42.823363, 81.582304, 31.929507, 0.173599, 0.984816, 0.000034
5.750000, 42.972012, 81.865506, 31.984309, 0.173599, 0.984816, 0.000034
5.760000, 43.120916, 82.149193, 32.039108, 0.173599, 0.984817, 0.000034
5.770000, 43.270074, 82.433364, 32.093902, 0.173598, 0.984817, 0.000034
5.780000, 43.419487, 82.718022, 32.148693, 0.173598, 0.984817, 0.000034
5.790000, 43.569155, 83.003164, 32.203478, 0.173598, 0.984817, 0.000035
5.800000, 43.719077, 83.288791, 32.258260, 0.173597, 0.984817, 0.000035
5.810000, 43.869253, 83.574903, 32.313037, 0.173597, 0.984817, 0.000035
5.820000, 44.019684, 83.861501, 32.367811, 0.173596, 0.984817, 0.000035
5.830000, 44.170370, 84.148583, 32.422579, 0.173596, 0.984817, 0.000035
5.840000, 44.321309, 84.436150, 32.477344, 0.173596, 0.984817, 0.000036
5.850000, 44.472504, 84.724202, 32.532104, 0.173595, 0.984817, 0.000036
5.860000, 44.623953, 85.012739, 32.586860, 0.173595, 0.984817, 0.000036
5.870000, 44.775656, 85.301761, 32.641612, 0.173595, 0.984817, 0.000036
5.880000, 44.927614, 85.591268, 32.696359, 0.173594, 0.984817, 0.000036
5.890000, 45.079826, 85.881259, 32.751102, 0.173594, 0.984817, 0.000036
5.900000, 45.232292, 86.171735, 32.805841, 0.173594, 0.984817, 0.000037
5.910000, 45.385013, 86.462696, 32.860575, 0.173593, 0.984817, 0.000037
5.920000, 45.537988, 86.754141, 32.915305, 0.173593, 0.984817, 0.000037
5.930000, 45.691217, 87.046071, 32.970031, 0.173593, 0.984818, 0.000037
5.940000, 45.844700, 87.338486, 33.024753, 0.173592, 0.984818, 0.000037
5.950000, 45.998438, 87.631385, 33.079470, 0.173592, 0.984818, 0.000037
5.960000, 46.152430, 87.924768, 33.134182, 0.173591, 0.984818, 0.000038
5.970000, 46.306676, 88.218636, 33.188891, 0.173591, 0.984818, 0.000038
5.980000, 46.461177, 88.512988, 33.243595, 0.173591, 0.984818, 0.000038
5.990000, 46.615931, 88.807825, 33.298294, 0.173590, 0.984818, 0.000038
6.000000, 46.770940, 89.103146, 33.352989, 0.173590, 0.984818, 0.000038
6.010000, 46.926203, 89.398951, 33.407680, 0.173590, 0.984818, 0.000039
6.020000, 47.081719, 89.695241, 33.462367, 0.173589, 0.984818, 0.000039
6.030000, 47.237490, 89.992015, 33.517049, 0.173589, 0.984818, 0.000039
6.040000, 47.393515, 90.289273, 33.571726, 0.173588, 0.984818, 0.000039
6.050000, 47.549794, 90.587015, 33.626399, 0.173588, 0.984818, 0.000039
6.060000, 47.706327, 90.885241, 33.681068, 0.173588, 0.984818, 0.000040
6.070000, 47.863114, 91.183951, 33.735732, 0.173587, 0.984818, 0.000040
6.080000, 48.020155, 91.483145, 33.790392, 0.173587, 0.984819, 0.000040
6.090000, 48.177450, 91.782824, 33.845048, 0.173586, 0.984819, 0.000040
6.100000, 48.334999, 92.082986, 33.899699, 0.173586, 0.984819, 0.000040
6.110000, 48.492802, 92.383632, 33.954345, 0.173586, 0.984819, 0.000040
6.120000, 48.650859, 92.684762, 34.008987, 0.173585, 0.984819, 0.000041
6.130000, 48.809169, 92.986375, 34.063625, 0.173585, 0.984819, 0.000041
6.140000, 48.967734, 93.288473, 34.118258, 0.173584, 0.984819, 0.000041
6.150000, 49.126552, 93.591054, 34.172887, 0.173584, 0.984819, 0.000041
6.160000, 49.285624, 93.894119, 34.227511, 0.173584, 0.984819, 0.000041
6.170000, 49.444949, 94.197668, 34.282131, 0.173583, 0.984819, 0.000042
6.180000, 49.604529, 94.501700, 34.336746, 0.173583, 0.984819, 0.000042
6.190000, 49.764362, 94.806216, 34.391356, 0.173582, 0.984819, 0.000042
6.200000, 49.924449, 95.111215, 34.445963, 0.173582, 0.984819, 0.000042
6.210000, 50.084790, 95.416698, 34.500564, 0.173582, 0.984819, 0.000042
6.220000, 50.245384, 95.722664, 34.555161, 0.173581, 0.984820, 0.000043
6.230000, 50.406232, 96.029114, 34.609754, 0.173581, 0.984820, 0.000043
6.240000, 50.567334, 96.336047, 34.664342, 0.173580, 0.984820, 0.000043
6.250000, 50.728689, 96.643463, 34.718925, 0.173580, 0.984820, 0.000043
6.260000, 50.890298, 96.951363, 34.773504, 0.173579, 0.984820, 0.000043
6.270000, 51.052160, 97.259746, 34.828079, 0.173579, 0.984820, 0.000044
6.280000, 51.214276, 97.568612, 34.882648, 0.173579, 0.984820, 0.000044
6.290000, 51.376646, 97.877962, 34.937214, 0.173578, 0.984820, 0.000044
6.300000, 51.539268, 98.187794, 34.991774, 0.173578, 0.984820, 0.000044
6.310000, 51.702145, 98.498110, 35.046330, 0.173577, 0.984820, 0.000044
6.320000, 51.865275, 98.808909, 35.100882, 0.173577, 0.984820, 0.000045
6.330000, 52.028658, 99.120190, 35.155429, 0.173576, 0.984820, 0.000045
6.340000, 52.192295, 99.431955, 35.209971, 0.173576, 0.984820, 0.000045
6.350000, 52.356185, 99.744203, 35.264508, 0.173576, 0.984821, 0.000045
6.360000, 52.520328, 100.056933, 35.319041, 0.173575, 0.984821, 0.000045
6.370000, 52.684725, 100.370147, 35.373570, 0.173575, 0.984821, 0.000046
6.380000, 52.849375, 100.683843, 35.428094, 0.173574, 0.984821, 0.000046
6.390000, 53.014278, 100.998022, 35.482613, 0.173574, 0.984821, 0.000046
6.400000, 53.179435, 101.312684, 35.537127, 0.173573, 0.984821, 0.000046
6.410000, 53.344845, 101.627828, 35.591637, 0.173573, 0.984821, 0.000046
6.420000, 53.510508, 101.943455, 35.646142, 0.173572, 0.984821, 0.000047
6.430000, 53.676425, 102.259565, 35.700643, 0.173572, 0.984821, 0.000047
6.440000, 53.842594, 102.576157, 35.755138, 0.173571, 0.984821, 0.000047
6.450000, 54.009017, 102.893232, 35.809630, 0.173571, 0.984821, 0.000047
6.460000, 54.175693, 103.210789, 35.864116, 0.173570, 0.984821, 0.000048
6.470000, 54.342622, 103.528829, 35.918598, 0.173570, 0.984822, 0.000048
6.480000, 54.509804, 103.847351, 35.973075, 0.173570, 0.984822, 0.000048
6.490000, 54.677239, 104.166356, 36.027547, 0.173569, 0.984822, 0.000048
6.500000, 54.844927, 104.485843, 36.082015, 0.173569, 0.984822, 0.000048
6.510000, 55.012868, 104.805812, 36.136478, 0.173568, 0.984822, 0.000049
6.520000, 55.181063, 105.126263, 36.190936, 0.173568, 0.984822, 0.000049
6.530000, 55.349510, 105.447197, 36.245390, 0.173567, 0.984822, 0.000049
6.540000, 55.518210, 105.768613, 36.299838, 0.173567, 0.984822, 0.000049
6.550000, 55.687163, 106.090510, 36.354282, 0.173566, 0.984822, 0.000049
6.560000, 55.856369, 106.412890, 36.408722, 0.173566, 0.984822, 0.000050
6.570000, 56.025828, 106.735752, 36.463156, 0.173565, 0.984822, 0.000050
6.580000, 56.195540, 107.059096, 36.517586, 0.173565, 0.984822, 0.000050
6.590000, 56.365505, 107.382922, 36.572011, 0.173564, 0.984823, 0.000050
6.600000, 56.535722, 107.707230, 36.626431, 0.173564, 0.984823, 0.000051
6.610000, 56.706192, 108.032020, 36.680847, 0.173563, 0.984823, 0.000051
6.620000, 56.876916, 108.357291, 36.735257, 0.173563, 0.984823, 0.000051
6.630000, 57.047891, 108.683044, 36.789663, 0.173562, 0.984823, 0.000051
6.640000, 57.219120, 109.009279, 36.844064, 0.173562, 0.984823, 0.000051
6.650000, 57.390601, 109.335996, 36.898461, 0.173561, 0.984823, 0.000052
6.660000, 57.562335, 109.663194, 36.952852, 0.173561, 0.984823, 0.000052
6.670000, 57.734322, 109.990874, 37.007239, 0.173560, 0.984823, 0.000052
6.680000, 57.906561, 110.319036, 37.061620, 0.173560, 0.984823, 0.000052
6.690000, 58.079053, 110.647679, 37.115997, 0.173559, 0.984823, 0.000053
6.700000, 58.251798, 110.976804, 37.170370, 0.173559, 0.984824, 0.000053
6.710000, 58.424795, 111.306410, 37.224737, 0.173558, 0.984824, 0.000053
6.720000, 58.598044, 111.636497, 37.279099, 0.173558, 0.984824, 0.000053
6.730000, 58.771546, 111.967066, 37.333457, 0.173557, 0.984824, 0.000054
6.740000, 58.945301, 112.298116, 37.387809, 0.173556, 0.984824, 0.000054
6.750000, 59.119308, 112.629647, 37.442157, 0.173556, 0.984824, 0.000054
6.760000, 59.293568, 112.961660, 37.496500, 0.173555, 0.984824, 0.000054
6.770000, 59.468080, 113.294153, 37.550838, 0.173555, 0.984824, 0.000054
6.780000, 59.642844, 113.627128, 37.605171, 0.173554, 0.984824, 0.000055
6.790000, 59.817861, 113.960584, 37.659500, 0.173554, 0.984824, 0.000055
6.800000, 59.993130, 114.294521, 37.713823, 0.173553, 0.984824, 0.000055
6.810000, 60.168652, 114.628940, 37.768142, 0.173553, 0.984825, 0.000055
6.820000, 60.344426, 114.963839, 37.822455, 0.173552, 0.984825, 0.000056
6.830000, 60.520452, 115.299219, 37.876764, 0.173552, 0.984825, 0.000056
6.840000, 60.696730, 115.635079, 37.931068, 0.173551, 0.984825, 0.000056
6.850000, 60.873261, 115.971421, 37.985366, 0.173551, 0.984825, 0.000056
6.860000, 61.050044, 116.308244, 38.039660, 0.173550, 0.984825, 0.000057
6.870000, 61.227079, 116.645547, 38.093949, 0.173549, 0.984825, 0.000057
6.880000, 61.404366, 116.983331, 38.148233, 0.173549, 0.984825, 0.000057
6.890000, 61.581905, 117.321595, 38.202512, 0.173548, 0.984825, 0.000057
6.900000, 61.759697, 117.660341, 38.256786, 0.173548, 0.984825, 0.000058
6.910000, 61.937740, 117.999567, 38.311055, 0.173547, 0.984826, 0.000058
6.920000, 62.116036, 118.339273, 38.365319, 0.173547, 0.984826, 0.000058
6.930000, 62.294584, 118.679460, 38.419578, 0.173546, 0.984826, 0.000058
6.940000, 62.473384, 119.020127, 38.473832, 0.173545, 0.984826, 0.000058
6.950000, 62.652435, 119.361275, 38.528082, 0.173545, 0.984826, 0.000059
6.960000, 62.831739, 119.702903, 38.582326, 0.173544, 0.984826, 0.000059
6.970000, 63.011295, 120.045011, 38.636565, 0.173544, 0.984826, 0.000059
6.980000, 63.191102, 120.387600, 38.690799, 0.173543, 0.984826, 0.000059
6.990000, 63.371162, 120.730669, 38.745028, 0.173543, 0.984826, 0.000060
7.000000, 63.551473, 121.074218, 38.799252, 0.173542, 0.984826, 0.000060
7.010000, 63.732037, 121.418247, 38.853471, 0.173541, 0.984827, 0.000060
7.020000, 63.912852, 121.762756, 38.907685, 0.173541, 0.984827, 0.000060
7.030000, 64.093919, 122.107746, 38.961894, 0.173540, 0.984827, 0.000061
7.040000, 64.275238, 122.453215, 39.016098, 0.173540, 0.984827, 0.000061
7.050000, 64.456808, 122.799165, 39.070297, 0.173539, 0.984827, 0.000061
7.060000, 64.638630, 123.145594, 39.124491, 0.173538, 0.984827, 0.000061
7.070000, 64.820704, 123.492503, 39.178680, 0.173538, 0.984827, 0.000062
7.080000, 65.003030, 123.839892, 39.232863, 0.173537, 0.984827, 0.000062
7.090000, 65.185607, 124.187761, 39.287042, 0.173536, 0.984827, 0.000062
7.100000, 65.368436, 124.536109, 39.341215, 0.173536, 0.984828, 0.000062
7.110000, 65.551517, 124.884937, 39.395384, 0.173535, 0.984828, 0.000063
7.120000, 65.734849, 125.234245, 39.449547, 0.173535, 0.984828, 0.000063
7.130000, 65.918433, 125.584033, 39.503705, 0.173534, 0.984828, 0.000063
7.140000, 66.102268, 125.934300, 39.557858, 0.173533, 0.984828, 0.000063
7.150000, 66.286355, 126.285046, 39.612006, 0.173533, 0.984828, 0.000064
7.160000, 66.470694, 126.636272, 39.666149, 0.173532, 0.984828, 0.000064
7.170000, 66.655283, 126.987978, 39.720286, 0.173532, 0.984828, 0.000064
7.180000, 66.840125, 127.340163, 39.774419, 0.173531, 0.984828, 0.000064
7.190000, 67.025217, 127.692827, 39.828546, 0.173530, 0.984829, 0.000065
7.200000, 67.210561, 128.045970, 39.882669, 0.173530, 0.984829, 0.000065
7.210000, 67.396157, 128.399593, 39.936786, 0.173529, 0.984829, 0.000065
7.220000, 67.582004, 128.753695, 39.990898, 0.173528, 0.984829, 0.000065
7.230000, 67.768102, 129.108276, 40.045004, 0.173528, 0.984829, 0.000066
7.240000, 67.954451, 129.463336, 40.099106, 0.173527, 0.984829, 0.000066
7.250000, 68.141052, 129.818875, 40.153202, 0.173526, 0.984829, 0.000066
7.260000, 68.327904, 130.174894, 40.207294, 0.173526, 0.984829, 0.000067
7.270000, 68.515007, 130.531391, 40.261380, 0.173525, 0.984829, 0.000067
7.280000, 68.702361, 130.888367, 40.315460, 0.173524, 0.984830, 0.000067
7.290000, 68.889967, 131.245822, 40.369536, 0.173524, 0.984830, 0.000067
7.300000, 69.077824, 131.603756, 40.423606, 0.173523, 0.984830, 0.000068
7.310000, 69.265931, 131.962169, 40.477672, 0.173522, 0.984830, 0.000068
7.320000, 69.454290, 132.321060, 40.531731, 0.173522, 0.984830, 0.000068
7.330000, 69.642900, 132.680430, 40.585786, 0.173521, 0.984830, 0.000068
7.340000, 69.831761, 133.040279, 40.639836, 0.173520, 0.984830, 0.000069
7.350000, 70.020873, 133.400606, 40.693880, 0.173520, 0.984830, 0.000069
7.360000, 70.210236, 133.761412, 40.747919, 0.173519, 0.984831, 0.000069
7.370000, 70.399850, 134.122697, 40.801953, 0.173518, 0.984831, 0.000069
7.380000, 70.589715, 134.484460, 40.855981, 0.173518, 0.984831, 0.000070
7.390000, 70.779831, 134.846701, 40.910005, 0.173517, 0.984831, 0.000070
7.400000, 70.970198, 135.209421, 40.964022, 0.173516, 0.984831, 0.000070
7.410000, 71.160816, 135.572619, 41.018035, 0.173516, 0.984831, 0.000071
7.420000, 71.351684, 135.936295, 41.072043, 0.173515, 0.984831, 0.000071
7.430000, 71.542804, 136.300450, 41.126045, 0.173514, 0.984831, 0.000071
7.440000, 71.734174, 136.665082, 41.180041, 0.173513, 0.984831, 0.000071
7.450000, 71.925795, 137.030193, 41.234033, 0.173513, 0.984832, 0.000072
7.460000, 72.117666, 137.395782, 41.288019, 0.173512, 0.984832, 0.000072
7.470000, 72.309789, 137.761849, 41.342000, 0.173511, 0.984832, 0.000072
7.480000, 72.502162, 138.128394, 41.395976, 0.173511, 0.984832, 0.000072
7.490000, 72.694785, 138.495417, 41.449946, 0.173510, 0.984832, 0.000073
7.500000, 72.887660, 138.862918, 41.503911, 0.173509, 0.984832, 0.000073
7.510000, 73.080785, 139.230897, 41.557870, 0.173508, 0.984832, 0.000073
7.520000, 73.274160, 139.599354, 41.611825, 0.173508, 0.984833, 0.000074
7.530000, 73.467786, 139.968288, 41.665773, 0.173507, 0.984833, 0.000074
7.540000, 73.661663, 140.337700, 41.719717, 0.173506, 0.984833, 0.000074
7.550000, 73.855790, 140.707590, 41.773655, 0.173506, 0.984833, 0.000074
7.560000, 74.050168, 141.077958, 41.827588, 0.173505, 0.984833, 0.000075
7.570000, 74.244796, 141.448803, 41.881515, 0.173504, 0.984833, 0.000075
7.580000, 74.439674, 141.820125, 41.935437, 0.173503, 0.984833, 0.000075
7.590000, 74.634803, 142.191925, 41.989354, 0.173503, 0.984833, 0.000076
7.600000, 74.830183, 142.564203, 42.043265, 0.173502, 0.984834, 0.000076
7.610000, 75.025812, 142.936958, 42.097171, 0.173501, 0.984834, 0.000076
7.620000, 75.221692, 143.310190, 42.151071, 0.173500, 0.984834, 0.000076
7.630000, 75.417823, 143.683899, 42.204966, 0.173500, 0.984834, 0.000077
7.640000, 75.614203, 144.058086, 42.258856, 0.173499, 0.984834, 0.000077
7.650000, 75.810834, 144.432750, 42.312740, 0.173498, 0.984834, 0.000077
7.660000, 76.007715, 144.807891, 42.366619, 0.173497, 0.984834, 0.000078
7.670000, 76.204847, 145.183510, 42.420492, 0.173497, 0.984834, 0.000078
7.680000, 76.402228, 145.559605, 42.474360, 0.173496, 0.984835, 0.000078
7.690000, 76.599860, 145.936177, 42.528222, 0.173495, 0.984835, 0.000078
7.700000, 76.797741, 146.313227, 42.582079, 0.173494, 0.984835, 0.000079
7.710000, 76.995873, 146.690753, 42.635931, 0.173493, 0.984835, 0.000079
7.720000, 77.194255, 147.068756, 42.689777, 0.173493, 0.984835, 0.000079
7.730000, 77.392887, 147.447236, 42.743618, 0.173492, 0.984835, 0.000080
7.740000, 77.591769, 147.826192, 42.797453, 0.173491, 0.984835, 0.000080
7.750000, 77.790901, 148.205626, 42.851282, 0.173490, 0.984836, 0.000080
7.760000, 77.990283, 148.585536, 42.905106, 0.173489, 0.984836, 0.000081
7.770000, 78.189914, 148.965923, 42.958925, 0.173489, 0.984836, 0.000081
7.780000, 78.389796, 149.346786, 43.012738, 0.173488, 0.984836, 0.000081
7.790000, 78.589928, 149.728126, 43.066546, 0.173487, 0.984836, 0.000081
7.800000, 78.790309, 150.109942, 43.120348, 0.173486, 0.984836, 0.000082
7.810000, 78.990941, 150.492235, 43.174144, 0.173485, 0.984836, 0.000082
7.820000, 79.191822, 150.875004, 43.227936, 0.173485, 0.984837, 0.000082
7.830000, 79.392952, 151.258250, 43.281721, 0.173484, 0.984837, 0.000083
7.840000, 79.594333, 151.641971, 43.335501, 0.173483, 0.984837, 0.000083
7.850000, 79.795963, 152.026169, 43.389275, 0.173482, 0.984837, 0.000083
7.860000, 79.997843, 152.410844, 43.443044, 0.173481, 0.984837, 0.000084
7.870000, 80.199973, 152.795994, 43.496808, 0.173481, 0.984837, 0.000084
7.880000, 80.402352, 153.181621, 43.550566, 0.173480, 0.984837, 0.000084
7.890000, 80.604981, 153.567723, 43.604318, 0.173479, 0.984838, 0.000084
7.900000, 80.807860, 153.954302, 43.658065, 0.173478, 0.984838, 0.000085
7.910000, 81.010988, 154.341356, 43.711806, 0.173477, 0.984838, 0.000085
7.920000, 81.214366, 154.728887, 43.765541, 0.173476, 0.984838, 0.000085
7.930000, 81.417993, 155.116893, 43.819271, 0.173476, 0.984838, 0.000086
7.940000, 81.621869, 155.505375, 43.872995, 0.173475, 0.984838, 0.000086
7.950000, 81.825995, 155.894333, 43.926714, 0.173474, 0.984838, 0.000086
7.960000, 82.030371, 156.283766, 43.980427, 0.173473, 0.984839, 0.000087
7.970000, 82.234996, 156.673675, 44.034135, 0.173472, 0.984839, 0.000087
7.980000, 82.439870, 157.064060, 44.087836, 0.173471, 0.984839, 0.000087
7.990000, 82.644994, 157.454920, 44.141533, 0.173470, 0.984839, 0.000088
8.000000, 82.850367, 157.846256, 44.195223, 0.173470, 0.984839, 0.000088
8.010000, 83.055989, 158.238068, 44.248908, 0.173469, 0.984839, 0.000088
8.020000, 83.261860, 158.630354, 44.302588, 0.173468, 0.984840, 0.000088
8.030000, 83.467981, 159.023116, 44.356261, 0.173467, 0.984840, 0.000089
8.040000, 83.674351, 159.416354, 44.409930, 0.173466, 0.984840, 0.000089
8.050000, 83.880970, 159.810066, 44.463592, 0.173465, 0.984840, 0.000089
8.060000, 84.087838, 160.204254, 44.517249, 0.173464, 0.984840, 0.000090
8.070000, 84.294956, 160.598917, 44.570900, 0.173463, 0.984840, 0.000090
8.080000, 84.502322, 160.994055, 44.624545, 0.173463, 0.984840, 0.000090
8.090000, 84.709938, 161.389669, 44.678185, 0.173462, 0.984841, 0.000091
8.100000, 84.917802, 161.785757, 44.731819, 0.173461, 0.984841, 0.000091
8.110000, 85.125916, 162.182320, 44.785447, 0.173460, 0.984841, 0.000091
8.120000, 85.334278, 162.579358, 44.839070, 0.173459, 0.984841, 0.000092
8.130000, 85.542890, 162.976871, 44.892687, 0.173458, 0.984841, 0.000092
8.140000, 85.751750, 163.374859, 44.946298, 0.173457, 0.984841, 0.000092
8.150000, 85.960860, 163.773321, 44.999903, 0.173456, 0.984842, 0.000093
8.160000, 86.170218, 164.172259, 45.053503, 0.173455, 0.984842, 0.000093
8.170000, 86.379825, 164.571671, 45.107097, 0.173454, 0.984842, 0.000093
8.180000, 86.589681, 164.971557, 45.160685, 0.173453, 0.984842, 0.000094
8.190000, 86.799785, 165.371918, 45.214268, 0.173453, 0.984842, 0.000094
8.200000, 87.010139, 165.772754, 45.267844, 0.173452, 0.984842, 0.000094
8.210000, 87.220741, 166.174064, 45.321415, 0.173451, 0.984843, 0.000095
8.220000, 87.431592, 166.575849, 45.374981, 0.173450, 0.984843, 0.000095
8.230000, 87.642692, 166.978107, 45.428540, 0.173449, 0.984843, 0.000095
8.240000, 87.854040, 167.380841, 45.482094, 0.173448, 0.984843, 0.000096
8.250000, 88.065637, 167.784048, 45.535642, 0.173447, 0.984843, 0.000096
8.260000, 88.277482, 168.187730, 45.589184, 0.173446, 0.984843, 0.000096
8.270000, 88.489576, 168.591886, 45.642721, 0.173445, 0.984844, 0.000097
8.280000, 88.701919, 168.996515, 45.696251, 0.173444, 0.984844, 0.000097
8.290000, 88.914510, 169.401619, 45.749776, 0.173443, 0.984844, 0.000097
8.300000, 89.127349, 169.807197, 45.803295, 0.173442, 0.984844, 0.000098
8.310000, 89.340437, 170.213249, 45.856808, 0.173441, 0.984844, 0.000098
8.320000, 89.553774, 170.619775, 45.910316, 0.173440, 0.984844, 0.000098
8.330000, 89.767358, 171.026775, 45.963817, 0.173439, 0.984845, 0.000099
8.340000, 89.981192, 171.434249, 46.017313, 0.173438, 0.984845, 0.000099
8.350000, 90.195273, 171.842196, 46.070803, 0.173437, 0.984845, 0.000099
8.360000, 90.409603, 172.250617, 46.124287, 0.173436, 0.984845, 0.000100
8.370000, 90.624181, 172.659511, 46.177765, 0.173435, 0.984845, 0.000100
8.380000, 90.839008, 173.068880, 46.231238, 0.173434, 0.984845, 0.000100
8.390000, 91.054082, 173.478721, 46.284705, 0.173433, 0.984846, 0.000101
8.400000, 91.269405, 173.889037, 46.338165, 0.173432, 0.984846, 0.000101
8.410000, 91.484976, 174.299825, 46.391620, 0.173431, 0.984846, 0.000101
8.420000, 91.700795, 174.711088, 46.445069, 0.173430, 0.984846, 0.000102
8.430000, 91.916862, 175.122823, 46.498512, 0.173429, 0.984846, 0.000102
8.440000, 92.133178, 175.535032, 46.551949, 0.173428, 0.984846, 0.000102
8.450000, 92.349741, 175.947714, 46.605381, 0.173427, 0.984847, 0.000103
8.460000, 92.566553, 176.360869, 46.658806, 0.173426, 0.984847, 0.000103
8.470000, 92.783612, 176.774497, 46.712225, 0.173425, 0.984847, 0.000103
8.480000, 93.000919, 177.188599, 46.765639, 0.173424, 0.984847, 0.000104
8.490000, 93.218475, 177.603173, 46.819047, 0.173423, 0.984847, 0.000104
8.500000, 93.436278, 178.018221, 46.872449, 0.173422, 0.984848, 0.000104
8.510000, 93.654329, 178.433741, 46.925845, 0.173421, 0.984848, 0.000105
8.520000, 93.872628, 178.849734, 46.979234, 0.173420, 0.984848, 0.000105
8.530000, 94.091175, 179.266201, 47.032618, 0.173419, 0.984848, 0.000105
8.540000, 94.309970, 179.683139, 47.085997, 0.173418, 0.984848, 0.000106
8.550000, 94.529012, 180.100551, 47.139369, 0.173417, 0.984848, 0.000106
8.560000, 94.748302, 180.518435, 47.192735, 0.173416, 0.984849, 0.000106
8.570000, 94.967840, 180.936792, 47.246095, 0.173415, 0.984849, 0.000107
8.580000, 95.187625, 181.355622, 47.299449, 0.173414, 0.984849, 0.000107
8.590000, 95.407659, 181.774924, 47.352798, 0.173413, 0.984849, 0.000108
8.600000, 95.627939, 182.194698, 47.406140, 0.173412, 0.984849, 0.000108
8.610000, 95.848468, 182.614945, 47.459476, 0.173411, 0.984850, 0.000108
8.620000, 96.069244, 183.035664, 47.512807, 0.173410, 0.984850, 0.000109
8.630000, 96.290267, 183.456856, 47.566131, 0.173409, 0.984850, 0.000109
8.640000, 96.511538, 183.878519, 47.619449, 0.173407, 0.984850, 0.000109
8.650000, 96.733057, 184.300655, 47.672762, 0.173406, 0.984850, 0.000110
8.660000, 96.954823, 184.723264, 47.726068, 0.173405, 0.984851, 0.000110
8.670000, 97.176836, 185.146344, 47.779368, 0.173404, 0.984851, 0.000110
8.680000, 97.399097, 185.569896, 47.832663, 0.173403, 0.984851, 0.000111
8.690000, 97.621605, 185.993920, 47.885951, 0.173402, 0.984851, 0.000111
8.700000, 97.844360, 186.418417, 47.939233, 0.173401, 0.984851, 0.000111
8.710000, 98.067363, 186.843385, 47.992510, 0.173400, 0.984852, 0.000112
8.720000, 98.290613, 187.268825, 48.045780, 0.173399, 0.984852, 0.000112
8.730000, 98.514110, 187.694736, 48.099044, 0.173398, 0.984852, 0.000113
8.740000, 98.737854, 188.121120, 48.152302, 0.173397, 0.984852, 0.000113
8.750000, 98.961846, 188.547975, 48.205554, 0.173395, 0.984852, 0.000113
8.760000, 99.186085, 188.975302, 48.258800, 0.173394, 0.984852, 0.000114
8.770000, 99.410571, 189.403100, 48.312040, 0.173393, 0.984853, 0.000114
8.780000, 99.635304, 189.831370, 48.365274, 0.173392, 0.984853, 0.000114
8.790000, 99.860284, 190.260111, 48.418502, 0.173391, 0.984853, 0.000115
8.800000, 100.085511, 190.689324, 48.471723, 0.173390, 0.984853, 0.000115
8.810000, 100.310985, 191.119008, 48.524939, 0.173389, 0.984853, 0.000115
8.820000, 100.536706, 191.549163, 48.578149, 0.173388, 0.984854, 0.000116
8.830000, 100.762674, 191.979790, 48.631352, 0.173386, 0.984854, 0.000116
8.840000, 100.988889, 192.410888, 48.684549, 0.173385, 0.984854, 0.000117
8.850000, 101.215351, 192.842457, 48.737741, 0.173384, 0.984854, 0.000117
8.860000, 101.442060, 193.274497, 48.790926, 0.173383, 0.984854, 0.000117
8.870000, 101.669015, 193.707008, 48.844105, 0.173382, 0.984855, 0.000118
8.880000, 101.896217, 194.139990, 48.897277, 0.173381, 0.984855, 0.000118
8.890000, 102.123666, 194.573443, 48.950444, 0.173379, 0.984855, 0.000118
8.900000, 102.351362, 195.007367, 49.003605, 0.173378, 0.984855, 0.000119
8.910000, 102.579305, 195.441762, 49.056759, 0.173377, 0.984856, 0.000119
8.920000, 102.807494, 195.876627, 49.109908, 0.173376, 0.984856, 0.000120
8.930000, 103.035930, 196.311963, 49.163050, 0.173375, 0.984856, 0.000120
8.940000, 103.264612, 196.747770, 49.216186, 0.173374, 0.984856, 0.000120
8.950000, 103.493541, 197.184048, 49.269316, 0.173372, 0.984856, 0.000121
8.960000, 103.722717, 197.620796, 49.322439, 0.173371, 0.984857, 0.000121
8.970000, 103.952139, 198.058014, 49.375557, 0.173370, 0.984857, 0.000122
8.980000, 104.181808, 198.495703, 49.428668, 0.173369, 0.984857, 0.000122
8.990000, 104.411723, 198.933863, 49.481773, 0.173368, 0.984857, 0.000122
9.000000, 104.641884, 199.372492, 49.534872, 0.173366, 0.984857, 0.000123
9.010000, 104.872292, 199.811592, 49.587965, 0.173365, 0.984858, 0.000123
9.020000, 105.102946, 200.251162, 49.641051, 0.173364, 0.984858, 0.000123
9.030000, 105.333847, 200.691203, 49.694132, 0.173363, 0.984858, 0.000124
9.040000, 105.564994, 201.131713, 49.747206, 0.173361, 0.984858, 0.000124
9.050000, 105.796387, 201.572694, 49.800274, 0.173360, 0.984858, 0.000125
9.060000, 106.028027, 202.014145, 49.853335, 0.173359, 0.984859, 0.000125
9.070000, 106.259913, 202.456065, 49.906391, 0.173358, 0.984859, 0.000125
9.080000, 106.492044, 202.898456, 49.959440, 0.173357, 0.984859, 0.000126
9.090000, 106.724422, 203.341316, 50.012483, 0.173355, 0.984859, 0.000126
9.100000, 106.957047, 203.784646, 50.065520, 0.173354, 0.984860, 0.000127
9.110000, 107.189917, 204.228446, 50.118550, 0.173353, 0.984860, 0.000127
9.120000, 107.423033, 204.672716, 50.171574, 0.173352, 0.984860, 0.000127
9.130000, 107.656396, 205.117455, 50.224592, 0.173350, 0.984860, 0.000128
9.140000, 107.890004, 205.562664, 50.277604, 0.173349, 0.984860, 0.000128
9.150000, 108.123858, 206.008342, 50.330609, 0.173348, 0.984861, 0.000129
9.160000, 108.357959, 206.454490, 50.383609, 0.173346, 0.984861, 0.000129
9.170000, 108.592305, 206.901107, 50.436602, 0.173345, 0.984861, 0.000129
9.180000, 108.826897, 207.348194, 50.489588, 0.173344, 0.984861, 0.000130
9.190000, 109.061735, 207.795749, 50.542568, 0.173343, 0.984862, 0.000130
9.200000, 109.296819, 208.243774, 50.595542, 0.173341, 0.984862, 0.000131
9.210000, 109.532149, 208.692269, 50.648510, 0.173340, 0.984862, 0.000131
9.220000, 109.767724, 209.141232, 50.701471, 0.173339, 0.984862, 0.000131
9.230000, 110.003545, 209.590665, 50.754426, 0.173337, 0.984862, 0.000132
9.240000, 110.239612, 210.040566, 50.807375, 0.173336, 0.984863, 0.000132
9.250000, 110.475924, 210.490937, 50.860318, 0.173335, 0.984863, 0.000133
9.260000, 110.712482, 210.941776, 50.913254, 0.173334, 0.984863, 0.000133
9.270000, 110.949286, 211.393085, 50.966183, 0.173332, 0.984863, 0.000133
9.280000, 111.186335, 211.844862, 51.019107, 0.173331, 0.984864, 0.000134
9.290000, 111.423630, 212.297108, 51.072024, 0.173330, 0.984864, 0.000134
9.300000, 111.661170, 212.749822, 51.124935, 0.173328, 0.984864, 0.000135
9.310000, 111.898956, 213.203005, 51.177839, 0.173327, 0.984864, 0.000135
9.320000, 112.136987, 213.656657, 51.230737, 0.173326, 0.984865, 0.000135
9.330000, 112.375264, 214.110778, 51.283628, 0.173324, 0.984865, 0.000136
9.340000, 112.613786, 214.565366, 51.336514, 0.173323, 0.984865, 0.000136
9.350000, 112.852554, 215.020424, 51.389393, 0.173322, 0.984865, 0.000137
9.360000, 113.091566, 215.475949, 51.442265, 0.173320, 0.984866, 0.000137
9.370000, 113.330824, 215.931943, 51.495131, 0.173319, 0.984866, 0.000137
9.380000, 113.570328, 216.388405, 51.547991, 0.173318, 0.984866, 0.000138
9.390000, 113.810076, 216.845336, 51.600844, 0.173316, 0.984866, 0.000138
9.400000, 114.050070, 217.302734, 51.653691, 0.173315, 0.984866, 0.000139
9.410000, 114.290309, 217.760601, 51.706532, 0.173313, 0.984867, 0.000139
9.420000, 114.530793, 218.218935, 51.759366, 0.173312, 0.984867, 0.000139
9.430000, 114.771522, 218.677738, 51.812193, 0.173311, 0.984867, 0.000140
9.440000, 115.012496, 219.137009, 51.865015, 0.173309, 0.984867, 0.000140
9.450000, 115.253715, 219.596747, 51.917830, 0.173308, 0.984868, 0.000141
9.460000, 115.495180, 220.056953, 51.970638, 0.173307, 0.984868, 0.000141
9.470000, 115.736889, 220.517627, 52.023440, 0.173305, 0.984868, 0.000142
9.480000, 115.978843, 220.978769, 52.076235, 0.173304, 0.984868, 0.000142
9.490000, 116.221042, 221.440378, 52.129024, 0.173302, 0.984869, 0.000142
9.500000, 116.463486, 221.902455, 52.181807, 0.173301, 0.984869, 0.000143
9.510000, 116.706175, 222.364999, 52.234583, 0.173300, 0.984869, 0.000143
9.520000, 116.949109, 222.828011, 52.287353, 0.173298, 0.984869, 0.000144
9.530000, 117.192287, 223.291490, 52.340116, 0.173297, 0.984870, 0.000144
9.540000, 117.435710, 223.755437, 52.392872, 0.173295, 0.984870, 0.000145
9.550000, 117.679378, 224.219851, 52.445623, 0.173294, 0.984870, 0.000145
9.560000, 117.923291, 224.684732, 52.498366, 0.173292, 0.984870, 0.000145
9.570000, 118.167448, 225.150080, 52.551104, 0.173291, 0.984871, 0.000146
9.580000, 118.411850, 225.615896, 52.603835, 0.173290, 0.984871, 0.000146
9.590000, 118.656496, 226.082178, 52.656559, 0.173288, 0.984871, 0.000147
9.600000, 118.901387, 226.548928, 52.709277, 0.173287, 0.984871, 0.000147
9.610000, 119.146523, 227.016144, 52.761988, 0.173285, 0.984872, 0.000148
9.620000, 119.391903, 227.483828, 52.814693, 0.173284, 0.984872, 0.000148
9.630000, 119.637527, 227.951978, 52.867391, 0.173282, 0.984872, 0.000148
9.640000, 119.883396, 228.420595, 52.920083, 0.173281, 0.984872, 0.000149
9.650000, 120.129510, 228.889679, 52.972768, 0.173279, 0.984873, 0.000149
9.660000, 120.375867, 229.359230, 53.025446, 0.173278, 0.984873, 0.000150
9.670000, 120.622469, 229.829247, 53.078118, 0.173276, 0.984873, 0.000150
9.680000, 120.869316, 230.299730, 53.130784, 0.173275, 0.984873, 0.000151
9.690000, 121.116407, 230.770681, 53.183443, 0.173273, 0.984874, 0.000151
9.700000, 121.363741, 231.242097, 53.236095, 0.173272, 0.984874, 0.000151
9.710000, 121.611320, 231.713980, 53.288741, 0.173270, 0.984874, 0.000152
9.720000, 121.859144, 232.186330, 53.341380, 0.173269, 0.984875, 0.000152
9.730000, 122.107211, 232.659145, 53.394013, 0.173267, 0.984875, 0.000153
9.740000, 122.355523, 233.132427, 53.446639, 0.173266, 0.984875, 0.000153
9.750000, 122.604078, 233.606175, 53.499259, 0.173264, 0.984875, 0.000154
9.760000, 122.852878, 234.080389, 53.551872, 0.173263, 0.984876, 0.000154
9.770000, 123.101922, 234.555069, 53.604478, 0.173261, 0.984876, 0.000155
9.780000, 123.351209, 235.030216, 53.657078, 0.173260, 0.984876, 0.000155
9.790000, 123.600741, 235.505828, 53.709671, 0.173258, 0.984876, 0.000155
9.800000, 123.850516, 235.981906, 53.762258, 0.173257, 0.984877, 0.000156
9.810000, 124.100536, 236.458449, 53.814838, 0.173255, 0.984877, 0.000156
9.820000, 124.350799, 236.935459, 53.867411, 0.173254, 0.984877, 0.000157
9.830000, 124.601306, 237.412934, 53.919977, 0.173252, 0.984878, 0.000157
9.840000, 124.852057, 237.890875, 53.972538, 0.173251, 0.984878, 0.000158
9.850000, 125.103051, 238.369282, 54.025091, 0.173249, 0.984878, 0.000158
9.860000, 125.354290, 238.848154, 54.077638, 0.173247, 0.984878, 0.000159
9.870000, 125.605772, 239.327491, 54.130178, 0.173246, 0.984879, 0.000159
9.880000, 125.857497, 239.807294, 54.182711, 0.173244, 0.984879, 0.000159
9.890000, 126.109467, 240.287562, 54.235238, 0.173243, 0.984879, 0.000160
9.900000, 126.361679, 240.768296, 54.287758, 0.173241, 0.984879, 0.000160
9.910000, 126.614136, 241.249495, 54.340272, 0.173240, 0.984880, 0.000161
9.920000, 126.866836, 241.731159, 54.392779, 0.173238, 0.984880, 0.000161
9.930000, 127.119779, 242.213288, 54.445279, 0.173236, 0.984880, 0.000162
9.940000, 127.372966, 242.695882, 54.497772, 0.173235, 0.984881, 0.000162
9.950000, 127.626396, 243.178941, 54.550259, 0.173233, 0.984881, 0.000163
9.960000, 127.880070, 243.662465, 54.602740, 0.173232, 0.984881, 0.000163
9.970000, 128.133987, 244.146454, 54.655213, 0.173230, 0.984881, 0.000164
9.980000, 128.388147, 244.630908, 54.707680, 0.173228, 0.984882, 0.000164
9.990000, 128.642551, 245.115827, 54.760140, 0.173227, 0.984882, 0.000164
10.000000, 128.897198, 245.601210, 54.812593, 0.173225, 0.984882, 0.000165
10.010000, 129.152088, 246.087058, 54.865040, 0.173224, 0.984883, 0.000165
10.020000, 129.407221, 246.573371, 54.917480, 0.173222, 0.984883, 0.000166
10.030000, 129.662598, 247.060148, 54.969913, 0.173220, 0.984883, 0.000166
10.040000, 129.918217, 247.547389, 55.022340, 0.173219, 0.984883, 0.000167
10.050000, 130.174080, 248.035095, 55.074760, 0.173217, 0.984884, 0.000167
10.060000, 130.430186, 248.523266, 55.127173, 0.173215, 0.984884, 0.000168
10.070000, 130.686535, 249.011901, 55.179579, 0.173214, 0.984884, 0.000168
10.080000, 130.943126, 249.501000, 55.231979, 0.173212, 0.984885, 0.000169
10.090000, 131.199961, 249.990563, 55.284372, 0.173210, 0.984885, 0.000169
10.100000, 131.457039, 250.480590, 55.336757, 0.173209, 0.984885, 0.000170
10.110000, 131.714359, 250.971081, 55.389137, 0.173207, 0.984885, 0.000170
10.120000, 131.971923, 251.462037, 55.441509, 0.173205, 0.984886, 0.000171
10.130000, 132.229729, 251.953456, 55.493875, 0.173204, 0.984886, 0.000171
10.140000, 132.487778, 252.445339, 55.546233, 0.173202, 0.984886, 0.000171
10.150000, 132.746070, 252.937686, 55.598586, 0.173200, 0.984887, 0.000172
10.160000, 133.004604, 253.430497, 55.650931, 0.173199, 0.984887, 0.000172
10.170000, 133.263381, 253.923772, 55.703269, 0.173197, 0.984887, 0.000173
10.180000, 133.522401, 254.417510, 55.755601, 0.173195, 0.984888, 0.000173
10.190000, 133.781663, 254.911712, 55.807926, 0.173193, 0.984888, 0.000174
10.200000, 134.041168, 255.406377, 55.860244, 0.173192, 0.984888, 0.000174
10.210000, 134.300916, 255.901506, 55.912555, 0.173190, 0.984888, 0.000175
10.220000, 134.560906, 256.397099, 55.964860, 0.173188, 0.984889, 0.000175
10.230000, 134.821139, 256.893154, 56.017158, 0.173187, 0.984889, 0.000176
10.240000, 135.081614, 257.389673, 56.069448, 0.173185, 0.984889, 0.000176
10.250000, 135.342331, 257.886655, 56.121732, 0.173183, 0.984890, 0.000177
10.260000, 135.603291, 258.384101, 56.174010, 0.173181, 0.984890, 0.000177
10.270000, 135.864493, 258.882009, 56.226280, 0.173180, 0.984890, 0.000178
10.280000, 136.125937, 259.380381, 56.278543, 0.173178, 0.984891, 0.000178
10.290000, 136.387624, 259.879215, 56.330800, 0.173176, 0.984891, 0.000179
10.300000, 136.649553, 260.378513, 56.383050, 0.173174, 0.984891, 0.000179
10.310000, 136.911724, 260.878273, 56.435293, 0.173172, 0.984892, 0.000180
10.320000, 137.174138, 261.378497, 56.487529, 0.173171, 0.984892, 0.000180
10.330000, 137.436793, 261.879183, 56.539758, 0.173169, 0.984892, 0.000181
10.340000, 137.699691, 262.380331, 56.591980, 0.173167, 0.984892, 0.000181
10.350000, 137.962831, 262.881943, 56.644196, 0.173165, 0.984893, 0.000182
10.360000, 138.226212, 263.384017, 56.696405, 0.173164, 0.984893, 0.000182
10.370000, 138.489836, 263.886553, 56.748606, 0.173162, 0.984893, 0.000183
10.380000, 138.753702, 264.389552, 56.800801, 0.173160, 0.984894, 0.000183
10.390000, 139.017810, 264.893014, 56.852989, 0.173158, 0.984894, 0.000183
10.400000, 139.282159, 265.396937, 56.905170, 0.173156, 0.984894, 0.000184
10.410000, 139.546751, 265.901323, 56.957344, 0.173155, 0.984895, 0.000184
10.420000, 139.811584, 266.406172, 57.009511, 0.173153, 0.984895, 0.000185
10.430000, 140.076659, 266.911482, 57.061672, 0.173151, 0.984895, 0.000185
10.440000, 140.341976, 267.417255, 57.113825, 0.173149, 0.984896, 0.000186
10.450000, 140.607534, 267.923489, 57.165972, 0.173147, 0.984896, 0.000186
10.460000, 140.873335, 268.430186, 57.218111, 0.173145, 0.984896, 0.000187
10.470000, 141.139377, 268.937344, 57.270244, 0.173144, 0.984897, 0.000187
10.480000, 141.405660, 269.444965, 57.322369, 0.173142, 0.984897, 0.000188
10.490000, 141.672185, 269.953047, 57.374488, 0.173140, 0.984897, 0.000188
10.500000, 141.938952, 270.461591, 57.426599, 0.173138, 0.984898, 0.000189
10.510000, 142.205960, 270.970597, 57.478704, 0.173136, 0.984898, 0.000189
10.520000, 142.473210, 271.480064, 57.530802, 0.173134, 0.984898, 0.000190
10.530000, 142.740701, 271.989993, 57.582893, 0.173132, 0.984899, 0.000190
10.540000, 143.008434, 272.500383, 57.634977, 0.173130, 0.984899, 0.000191
10.550000, 143.276408, 273.011235, 57.687054, 0.173129, 0.984899, 0.000191
10.560000, 143.544623, 273.522548, 57.739124, 0.173127, 0.984900, 0.000192
10.570000, 143.813080, 274.034323, 57.791187, 0.173125, 0.984900, 0.000192
10.580000, 144.081778, 274.546558, 57.843243, 0.173123, 0.984900, 0.000193
10.590000, 144.350717, 275.059255, 57.895292, 0.173121, 0.984901, 0.000193
10.600000, 144.619897, 275.572413, 57.947335, 0.173119, 0.984901, 0.000194
10.610000, 144.889319, 276.086033, 57.999370, 0.173117, 0.984901, 0.000195
10.620000, 145.158982, 276.600113, 58.051398, 0.173115, 0.984902, 0.000195
10.630000, 145.428885, 277.114654, 58.103419, 0.173113, 0.984902, 0.000196
10.640000, 145.699030, 277.629656, 58.155433, 0.173111, 0.984902, 0.000196
10.650000, 145.969416, 278.145119, 58.207440, 0.173109, 0.984903, 0.000197
10.660000, 146.240043, 278.661043, 58.259441, 0.173108, 0.984903, 0.000197
10.670000, 146.510911, 279.177427, 58.311433, 0.173106, 0.984903, 0.000198
10.680000, 146.782020, 279.694273, 58.363420, 0.173104, 0.984904, 0.000198
10.690000, 147.053370, 280.211578, 58.415398, 0.173102, 0.984904, 0.000199
10.700000, 147.324960, 280.729345, 58.467370, 0.173100, 0.984904, 0.000199
10.710000, 147.596792, 281.247571, 58.519335, 0.173098, 0.984905, 0.000200
10.720000, 147.868864, 281.766258, 58.571293, 0.173096, 0.984905, 0.000200
10.730000, 148.141177, 282.285406, 58.623244, 0.173094, 0.984905, 0.000201
10.740000, 148.413730, 282.805014, 58.675188, 0.173092, 0.984906, 0.000201
10.750000, 148.686525, 283.325082, 58.727124, 0.173090, 0.984906, 0.000202
10.760000, 148.959560, 283.845610, 58.779054, 0.173088, 0.984906, 0.000202
10.770000, 149.232835, 284.366598, 58.830976, 0.173086, 0.984907, 0.000203
10.780000, 149.506352, 284.888047, 58.882891, 0.173084, 0.984907, 0.000203
10.790000, 149.780108, 285.409955, 58.934800, 0.173082, 0.984907, 0.000204
10.800000, 150.054106, 285.932323, 58.986701, 0.173080, 0.984908, 0.000204
10.810000, 150.328343, 286.455151, 59.038595, 0.173078, 0.984908, 0.000205
10.820000, 150.602822, 286.978439, 59.090482, 0.173076, 0.984909, 0.000205
10.830000, 150.877540, 287.502187, 59.142362, 0.173074, 0.984909, 0.000206
10.840000, 151.152499, 288.026394, 59.194234, 0.173072, 0.984909, 0.000206
10.850000, 151.427698, 288.551061, 59.246100, 0.173070, 0.984910, 0.000207
10.860000, 151.703138, 289.076188, 59.297959, 0.173068, 0.984910, 0.000207
10.870000, 151.978818, 289.601774, 59.349811, 0.173066, 0.984910, 0.000208
10.880000, 152.254738, 290.127819, 59.401655, 0.173064, 0.984911, 0.000209
10.890000, 152.530898, 290.654324, 59.453493, 0.173061, 0.984911, 0.000209
10.900000, 152.807298, 291.181288, 59.505323, 0.173059, 0.984911, 0.000210
10.910000, 153.083939, 291.708711, 59.557146, 0.173057, 0.984912, 0.000210
10.920000, 153.360819, 292.236594, 59.608961, 0.173055, 0.984912, 0.000211
10.930000, 153.637940, 292.764936, 59.660770, 0.173053, 0.984912, 0.000211
10.940000, 153.915300, 293.293736, 59.712572, 0.173051, 0.984913, 0.000212
10.950000, 154.192901, 293.822996, 59.764366, 0.173049, 0.984913, 0.000212
10.960000, 154.470742, 294.352715, 59.816153, 0.173047, 0.984914, 0.000213
10.970000, 154.748822, 294.882892, 59.867934, 0.173045, 0.984914, 0.000213
10.980000, 155.027142, 295.413529, 59.919706, 0.173043, 0.984914, 0.000214
10.990000, 155.305702, 295.944624, 59.971472, 0.173041, 0.984915, 0.000214
11.000000, 155.584502, 296.476177, 60.023230, 0.173038, 0.984915, 0.000215
11.010000, 155.863542, 297.008190, 60.074982, 0.173036, 0.984915, 0.000216
11.020000, 156.142821, 297.540661, 60.126726, 0.173034, 0.984916, 0.000216
11.030000, 156.422340, 298.073590, 60.178463, 0.173032, 0.984916, 0.000217
11.040000, 156.702099, 298.606978, 60.230193, 0.173030, 0.984917, 0.000217
11.050000, 156.982097, 299.140825, 60.281916, 0.173028, 0.984917, 0.000218
11.060000, 157.262335, 299.675129, 60.333632, 0.173026, 0.984917, 0.000218
11.070000, 157.542813, 300.209892, 60.385340, 0.173023, 0.984918, 0.000219
11.080000, 157.823530, 300.745113, 60.437041, 0.173021, 0.984918, 0.000219
11.090000, 158.104486, 301.280792, 60.488735, 0.173019, 0.984918, 0.000220
11.100000, 158.385682, 301.816930, 60.540421, 0.173017, 0.984919, 0.000220
11.110000, 158.667117, 302.353525, 60.592100, 0.173015, 0.984919, 0.000221
11.120000, 158.948792, 302.890578, 60.643773, 0.173013, 0.984920, 0.000222
11.130000, 159.230706, 303.428089, 60.695437, 0.173010, 0.984920, 0.000222
11.140000, 159.512859, 303.966058, 60.747095, 0.173008, 0.984920, 0.000223
11.150000, 159.795251, 304.504485, 60.798745, 0.173006, 0.984921, 0.000223
11.160000, 160.077883, 305.043369, 60.850388, 0.173004, 0.984921, 0.000224
11.170000, 160.360754, 305.582711, 60.902025, 0.173002, 0.984922, 0.000224
11.180000, 160.643864, 306.122510, 60.953653, 0.172999, 0.984922, 0.000225
11.190000, 160.927213, 306.662767, 61.005275, 0.172997, 0.984922, 0.000225
11.200000, 161.210801, 307.203482, 61.056889, 0.172995, 0.984923, 0.000226
11.210000, 161.494628, 307.744654, 61.108496, 0.172993, 0.984923, 0.000226
11.220000, 161.778695, 308.286283, 61.160095, 0.172991, 0.984923, 0.000227
11.230000, 162.063000, 308.828369, 61.211688, 0.172988, 0.984924, 0.000228
11.240000, 162.347544, 309.370913, 61.263273, 0.172986, 0.984924, 0.000228
11.250000, 162.632327, 309.913914, 61.314850, 0.172984, 0.984925, 0.000229
11.260000, 162.917348, 310.457371, 61.366421, 0.172982, 0.984925, 0.000229
11.270000, 163.202609, 311.001286, 61.417984, 0.172979, 0.984925, 0.000230
11.280000, 163.488108, 311.545658, 61.469540, 0.172977, 0.984926, 0.000230
11.290000, 163.773847, 312.090486, 61.521089, 0.172975, 0.984926, 0.000231
11.300000, 164.059823, 312.635772, 61.572630, 0.172972, 0.984927, 0.000232
11.310000, 164.346039, 313.181514, 61.624164, 0.172970, 0.984927, 0.000232
11.320000, 164.632493, 313.727713, 61.675691, 0.172968, 0.984927, 0.000233
11.330000, 164.919186, 314.274368, 61.727210, 0.172966, 0.984928, 0.000233
11.340000, 165.206117, 314.821480, 61.778722, 0.172963, 0.984928, 0.000234
11.350000, 165.493287, 315.369049, 61.830227, 0.172961, 0.984929, 0.000234
11.360000, 165.780695, 315.917073, 61.881724, 0.172959, 0.984929, 0.000235
11.370000, 166.068341, 316.465555, 61.933214, 0.172956, 0.984929, 0.000236
11.380000, 166.356226, 317.014492, 61.984696, 0.172954, 0.984930, 0.000236
11.390000, 166.644350, 317.563886, 62.036172, 0.172952, 0.984930, 0.000237
11.400000, 166.932712, 318.113736, 62.087640, 0.172949, 0.984931, 0.000237
11.410000, 167.221312, 318.664042, 62.139101, 0.172947, 0.984931, 0.000238
11.420000, 167.510150, 319.214804, 62.190554, 0.172945, 0.984932, 0.000238
11.430000, 167.799227, 319.766022, 62.242000, 0.172942, 0.984932, 0.000239
11.440000, 168.088541, 320.317696, 62.293438, 0.172940, 0.984932, 0.000240
11.450000, 168.378094, 320.869826, 62.344870, 0.172938, 0.984933, 0.000240
11.460000, 168.667885, 321.422412, 62.396293, 0.172935, 0.984933, 0.000241
11.470000, 168.957914, 321.975453, 62.447710, 0.172933, 0.984934, 0.000241
11.480000, 169.248181, 322.528951, 62.499119, 0.172930, 0.984934, 0.000242
11.490000, 169.538686, 323.082903, 62.550520, 0.172928, 0.984934, 0.000242
11.500000, 169.829429, 323.637311, 62.601915, 0.172926, 0.984935, 0.000243
11.510000, 170.120410, 324.192175, 62.653301, 0.172923, 0.984935, 0.000244
11.520000, 170.411629, 324.747494, 62.704681, 0.172921, 0.984936, 0.000244
11.530000, 170.703086, 325.303269, 62.756053, 0.172918, 0.984936, 0.000245
11.540000, 170.994780, 325.859498, 62.807418, 0.172916, 0.984937, 0.000245
11.550000, 171.286713, 326.416183, 62.858775, 0.172914, 0.984937, 0.000246
11.560000, 171.578882, 326.973323, 62.910125, 0.172911, 0.984937, 0.000247
11.570000, 171.871290, 327.530919, 62.961467, 0.172909, 0.984938, 0.000247
11.580000, 172.163936, 328.088969, 63.012802, 0.172906, 0.984938, 0.000248
11.590000, 172.456818, 328.647474, 63.064129, 0.172904, 0.984939, 0.000248
11.600000, 172.749939, 329.206434, 63.115449, 0.172901, 0.984939, 0.000249
11.610000, 173.043297, 329.765849, 63.166762, 0.172899, 0.984940, 0.000249
11.620000, 173.336893, 330.325719, 63.218067, 0.172896, 0.984940, 0.000250
11.630000, 173.630726, 330.886043, 63.269365, 0.172894, 0.984940, 0.000251
11.640000, 173.924796, 331.446822, 63.320655, 0.172892, 0.984941, 0.000251
11.650000, 174.219104, 332.008055, 63.371938, 0.172889, 0.984941, 0.000252
11.660000, 174.513649, 332.569744, 63.423214, 0.172887, 0.984942, 0.000252
11.670000, 174.808432, 333.131886, 63.474482, 0.172884, 0.984942, 0.000253
11.680000, 175.103452, 333.694483, 63.525743, 0.172882, 0.984943, 0.000254
11.690000, 175.398709, 334.257534, 63.576995, 0.172879, 0.984943, 0.000254
11.700000, 175.694203, 334.821040, 63.628241, 0.172877, 0.984943, 0.000255
11.710000, 175.989935, 335.384999, 63.679479, 0.172874, 0.984944, 0.000255
11.720000, 176.285903, 335.949413, 63.730710, 0.172872, 0.984944, 0.000256
11.730000, 176.582109, 336.514281, 63.781933, 0.172869, 0.984945, 0.000257
11.740000, 176.878552, 337.079603, 63.833148, 0.172866, 0.984945, 0.000257
11.750000, 177.175231, 337.645379, 63.884356, 0.172864, 0.984946, 0.000258
11.760000, 177.472148, 338.211608, 63.935557, 0.172861, 0.984946, 0.000258
11.770000, 177.769302, 338.778292, 63.986750, 0.172859, 0.984947, 0.000259
11.780000, 178.066692, 339.345429, 64.037936, 0.172856, 0.984947, 0.000260
11.790000, 178.364320, 339.913020, 64.089114, 0.172854, 0.984948, 0.000260
11.800000, 178.662184, 340.481064, 64.140284, 0.172851, 0.984948, 0.000261
11.810000, 178.960285, 341.049562, 64.191447, 0.172849, 0.984948, 0.000261
11.820000, 179.258623, 341.618514, 64.242603, 0.172846, 0.984949, 0.000262
11.830000, 179.557197, 342.187919, 64.293751, 0.172843, 0.984949, 0.000263
11.840000, 179.856008, 342.757777, 64.344892, 0.172841, 0.984950, 0.000263
11.850000, 180.155056, 343.328088, 64.396025, 0.172838, 0.984950, 0.000264
11.860000, 180.454341, 343.898853, 64.447150, 0.172836, 0.984951, 0.000264
11.870000, 180.753862, 344.470071, 64.498268, 0.172833, 0.984951, 0.000265
11.880000, 181.053619, 345.041742, 64.549378, 0.172830, 0.984952, 0.000266
11.890000, 181.353613, 345.613866, 64.600481, 0.172828, 0.984952, 0.000266
11.900000, 181.653843, 346.186443, 64.651576, 0.172825, 0.984953, 0.000267
11.910000, 181.954310, 346.759472, 64.702664, 0.172822, 0.984953, 0.000268
11.920000, 182.255013, 347.332955, 64.753744, 0.172820, 0.984953, 0.000268
11.930000, 182.555953, 347.906891, 64.804817, 0.172817, 0.984954, 0.000269
11.940000, 182.857129, 348.481279, 64.855881, 0.172815, 0.984954, 0.000269
11.950000, 183.158541, 349.056119, 64.906939, 0.172812, 0.984955, 0.000270
11.960000, 183.460189, 349.631413, 64.957989, 0.172809, 0.984955, 0.000271
11.970000, 183.762073, 350.207158, 65.009031, 0.172807, 0.984956, 0.000271
11.980000, 184.064194, 350.783357, 65.060066, 0.172804, 0.984956, 0.000272
11.990000, 184.366551, 351.360007, 65.111093, 0.172801, 0.984957, 0.000272
12.000000, 184.669143, 351.937110, 65.162112, 0.172798, 0.984957, 0.000273
12.010000, 184.971972, 352.514665, 65.213124, 0.172796, 0.984958, 0.000274
12.020000, 185.275037, 353.092673, 65.264128, 0.172793, 0.984958, 0.000274
12.030000, 185.578337, 353.671132, 65.315125, 0.172790, 0.984959, 0.000275
12.040000, 185.881874, 354.250043, 65.366114, 0.172788, 0.984959, 0.000276
12.050000, 186.185646, 354.829407, 65.417095, 0.172785, 0.984960, 0.000276
12.060000, 186.489655, 355.409222, 65.468069, 0.172782, 0.984960, 0.000277
12.070000, 186.793899, 355.989489, 65.519035, 0.172779, 0.984961, 0.000277
12.080000, 187.098378, 356.570208, 65.569993, 0.172777, 0.984961, 0.000278
12.090000, 187.403094, 357.151379, 65.620944, 0.172774, 0.984961, 0.000279
12.100000, 187.708045, 357.733001, 65.671888, 0.172771, 0.984962, 0.000279
12.110000, 188.013232, 358.315075, 65.722823, 0.172768, 0.984962, 0.000280
12.120000, 188.318654, 358.897600, 65.773751, 0.172766, 0.984963, 0.000281
12.130000, 188.624312, 359.480577, 65.824671, 0.172763, 0.984963, 0.000281
12.140000, 188.930205, 360.064005, 65.875584, 0.172760, 0.984964, 0.000282
12.150000, 189.236334, 360.647885, 65.926489, 0.172757, 0.984964, 0.000283
12.160000, 189.542699, 361.232216, 65.977387, 0.172755, 0.984965, 0.000283
12.170000, 189.849298, 361.816998, 66.028277, 0.172752, 0.984965, 0.000284
12.180000, 190.156133, 362.402231, 66.079159, 0.172749, 0.984966, 0.000284
12.190000, 190.463204, 362.987915, 66.130033, 0.172746, 0.984966, 0.000285
12.200000, 190.770509, 363.574050, 66.180899, 0.172743, 0.984967, 0.000286
12.210000, 191.078050, 364.160636, 66.231758, 0.172741, 0.984967, 0.000286
12.220000, 191.385826, 364.747673, 66.282610, 0.172738, 0.984968, 0.000287
12.230000, 191.693838, 365.335161, 66.333454, 0.172735, 0.984968, 0.000288
12.240000, 192.002084, 365.923099, 66.384290, 0.172732, 0.984969, 0.000288
12.250000, 192.310566, 366.511488, 66.435118, 0.172729, 0.984969, 0.000289
12.260000, 192.619282, 367.100328, 66.485938, 0.172726, 0.984970, 0.000290
12.270000, 192.928234, 367.689618, 66.536751, 0.172724, 0.984970, 0.000290
12.280000, 193.237420, 368.279358, 66.587557, 0.172721, 0.984971, 0.000291
12.290000, 193.546842, 368.869549, 66.638354, 0.172718, 0.984971, 0.000292
12.300000, 193.856498, 369.460191, 66.689144, 0.172715, 0.984972, 0.000292
12.310000, 194.166389, 370.051282, 66.739926, 0.172712, 0.984972, 0.000293
12.320000, 194.476515, 370.642824, 66.790700, 0.172709, 0.984973, 0.000293
12.330000, 194.786876, 371.234816, 66.841467, 0.172706, 0.984973, 0.000294
12.340000, 195.097471, 371.827258, 66.892226, 0.172703, 0.984974, 0.000295
12.350000, 195.408301, 372.420150, 66.942977, 0.172700, 0.984974, 0.000295
12.360000, 195.719366, 373.013492, 66.993721, 0.172698, 0.984975, 0.000296
12.370000, 196.030665, 373.607283, 67.044457, 0.172695, 0.984975, 0.000297
12.380000, 196.342199, 374.201525, 67.095185, 0.172692, 0.984976, 0.000297
12.390000, 196.653968, 374.796216, 67.145905, 0.172689, 0.984976, 0.000298
12.400000, 196.965971, 375.391357, 67.196617, 0.172686, 0.984977, 0.000299
12.410000, 197.278208, 375.986948, 67.247322, 0.172683, 0.984977, 0.000299
12.420000, 197.590680, 376.582988, 67.298019, 0.172680, 0.984978, 0.000300
12.430000, 197.903386, 377.179477, 67.348708, 0.172677, 0.984979, 0.000301
12.440000, 198.216327, 377.776416, 67.399389, 0.172674, 0.984979, 0.000301
12.450000, 198.529502, 378.373804, 67.450063, 0.172671, 0.984980, 0.000302
12.460000, 198.842911, 378.971641, 67.500729, 0.172668, 0.984980, 0.000303
12.470000, 199.156554, 379.569928, 67.551387, 0.172665, 0.984981, 0.000303
12.480000, 199.470431, 380.168664, 67.602037, 0.172662, 0.984981, 0.000304
12.490000, 199.784543, 380.767849, 67.652680, 0.172659, 0.984982, 0.000305
12.500000, 200.098889, 381.367482, 67.703315, 0.172656, 0.984982, 0.000305
12.510000, 200.413468, 381.967565, 67.753942, 0.172653, 0.984983, 0.000306
12.520000, 200.728282, 382.568097, 67.804561, 0.172650, 0.984983, 0.000307
12.530000, 201.043330, 383.169077, 67.855172, 0.172647, 0.984984, 0.000307
12.540000, 201.358611, 383.770506, 67.905776, 0.172644, 0.984984, 0.000308
12.550000, 201.674127, 384.372384, 67.956371, 0.172641, 0.984985, 0.000309
12.560000, 201.989876, 384.974710, 68.006959, 0.172638, 0.984985, 0.000309
12.570000, 202.305860, 385.577485, 68.057539, 0.172635, 0.984986, 0.000310
12.580000, 202.622077, 386.180708, 68.108112, 0.172632, 0.984986, 0.000311
12.590000, 202.938527, 386.784380, 68.158676, 0.172629, 0.984987, 0.000311
12.600000, 203.255212, 387.388500, 68.209233, 0.172626, 0.984988, 0.000312
12.610000, 203.572130, 387.993068, 68.259782, 0.172622, 0.984988, 0.000313
12.620000, 203.889281, 388.598084, 68.310323, 0.172619, 0.984989, 0.000313
12.630000, 204.206666, 389.203549, 68.360856, 0.172616, 0.984989, 0.000314
12.640000, 204.524285, 389.809462, 68.411381, 0.172613, 0.984990, 0.000315
12.650000, 204.842137, 390.415822, 68.461899, 0.172610, 0.984990, 0.000315
12.660000, 205.160223, 391.022631, 68.512409, 0.172607, 0.984991, 0.000316
12.670000, 205.478542, 391.629887, 68.562911, 0.172604, 0.984991, 0.000317
12.680000, 205.797095, 392.237591, 68.613405, 0.172601, 0.984992, 0.000317
12.690000, 206.115880, 392.845743, 68.663891, 0.172598, 0.984992, 0.000318
12.700000, 206.434900, 393.454342, 68.714369, 0.172594, 0.984993, 0.000319
12.710000, 206.754152, 394.063389, 68.764840, 0.172591, 0.984994, 0.000319
12.720000, 207.073637, 394.672884, 68.815302, 0.172588, 0.984994, 0.000320
12.730000, 207.393356, 395.282826, 68.865757, 0.172585, 0.984995, 0.000321
12.740000, 207.713308, 395.893215, 68.916204, 0.172582, 0.984995, 0.000321
12.750000, 208.033493, 396.504052, 68.966643, 0.172579, 0.984996, 0.000322
12.760000, 208.353911, 397.115336, 69.017074, 0.172576, 0.984996, 0.000323
12.770000, 208.674562, 397.727067, 69.067497, 0.172572, 0.984997, 0.000324
12.780000, 208.995446, 398.339245, 69.117912, 0.172569, 0.984997, 0.000324
12.790000, 209.316562, 398.951870, 69.168320, 0.172566, 0.984998, 0.000325
12.800000, 209.637912, 399.564942, 69.218719, 0.172563, 0.984999, 0.000326
12.810000, 209.959495, 400.178461, 69.269111, 0.172560, 0.984999, 0.000326
12.820000, 210.281310, 400.792427, 69.319495, 0.172556, 0.985000, 0.000327
12.830000, 210.603358, 401.406840, 69.369870, 0.172553, 0.985000, 0.000328
12.840000, 210.925639, 402.021699, 69.420238, 0.172550, 0.985001, 0.000328
12.850000, 211.248152, 402.637005, 69.470599, 0.172547, 0.985001, 0.000329
12.860000, 211.570899, 403.252758, 69.520951, 0.172543, 0.985002, 0.000330
12.870000, 211.893877, 403.868957, 69.571295, 0.172540, 0.985002, 0.000330
12.880000, 212.217089, 404.485602, 69.621631, 0.172537, 0.985003, 0.000331
12.890000, 212.540532, 405.102694, 69.671959, 0.172534, 0.985004, 0.000332
12.900000, 212.864209, 405.720232, 69.722280, 0.172530, 0.985004, 0.000333
12.910000, 213.188117, 406.338216, 69.772592, 0.172527, 0.985005, 0.000333
12.920000, 213.512259, 406.956647, 69.822897, 0.172524, 0.985005, 0.000334
12.930000, 213.836632, 407.575523, 69.873193, 0.172520, 0.985006, 0.000335
12.940000, 214.161238, 408.194846, 69.923482, 0.172517, 0.985007, 0.000335
12.950000, 214.486076, 408.814614, 69.973763, 0.172514, 0.985007, 0.000336
12.960000, 214.811146, 409.434829, 70.024035, 0.172510, 0.985008, 0.000337
12.970000, 215.136449, 410.055489, 70.074300, 0.172507, 0.985008, 0.000337
12.980000, 215.461983, 410.676595, 70.124557, 0.172504, 0.985009, 0.000338
12.990000, 215.787750, 411.298147, 70.174806, 0.172500, 0.985009, 0.000339
13.000000, 216.113749, 411.920144, 70.225047, 0.172497, 0.985010, 0.000340
13.010000, 216.439979, 412.542587, 70.275280, 0.172494, 0.985011, 0.000340
13.020000, 216.766442, 413.165475, 70.325505, 0.172490, 0.985011, 0.000341
13.030000, 217.093137, 413.788808, 70.375722, 0.172487, 0.985012, 0.000342
13.040000, 217.420063, 414.412587, 70.425931, 0.172484, 0.985012, 0.000342
13.050000, 217.747222, 415.036812, 70.476132, 0.172480, 0.985013, 0.000343
13.060000, 218.074612, 415.661481, 70.526325, 0.172477, 0.985014, 0.000344
13.070000, 218.402234, 416.286595, 70.576510, 0.172474, 0.985014, 0.000344
13.080000, 218.730088, 416.912155, 70.626687, 0.172470, 0.985015, 0.000345
13.090000, 219.058173, 417.538160, 70.676856, 0.172467, 0.985015, 0.000346
13.100000, 219.386491, 418.164609, 70.727017, 0.172463, 0.985016, 0.000347
13.110000, 219.715039, 418.791503, 70.777171, 0.172460, 0.985017, 0.000347
13.120000, 220.043820, 419.418843, 70.827316, 0.172456, 0.985017, 0.000348
13.130000, 220.372831, 420.046626, 70.877453, 0.172453, 0.985018, 0.000349
13.140000, 220.702075, 420.674855, 70.927582, 0.172450, 0.985018, 0.000349
13.150000, 221.031549, 421.303528, 70.977703, 0.172446, 0.985019, 0.000350
13.160000, 221.361256, 421.932646, 71.027816, 0.172443, 0.985020, 0.000351
13.170000, 221.691193, 422.562208, 71.077921, 0.172439, 0.985020, 0.000352
13.180000, 222.021362, 423.192214, 71.128018, 0.172436, 0.985021, 0.000352
13.190000, 222.351762, 423.822665, 71.178107, 0.172432, 0.985021, 0.000353
13.200000, 222.682393, 424.453560, 71.228188, 0.172429, 0.985022, 0.000354
13.210000, 223.013256, 425.084899, 71.278261, 0.172425, 0.985023, 0.000355
13.220000, 223.344350, 425.716682, 71.328326, 0.172422, 0.985023, 0.000355
13.230000, 223.675674, 426.348909, 71.378382, 0.172418, 0.985024, 0.000356
13.240000, 224.007230, 426.981580, 71.428431, 0.172415, 0.985024, 0.000357
13.250000, 224.339017, 427.614695, 71.478472, 0.172411, 0.985025, 0.000357
13.260000, 224.671035, 428.248254, 71.528504, 0.172408, 0.985026, 0.000358
13.270000, 225.003284, 428.882257, 71.578529, 0.172404, 0.985026, 0.000359
13.280000, 225.335763, 429.516703, 71.628545, 0.172401, 0.985027, 0.000360
13.290000, 225.668474, 430.151593, 71.678554, 0.172397, 0.985028, 0.000360
13.300000, 226.001415, 430.786926, 71.728554, 0.172394, 0.985028, 0.000361
13.310000, 226.334588, 431.422703, 71.778547, 0.172390, 0.985029, 0.000362
13.320000, 226.667990, 432.058924, 71.828531, 0.172386, 0.985029, 0.000363
13.330000, 227.001624, 432.695587, 71.878508, 0.172383, 0.985030, 0.000363
13.340000, 227.335488, 433.332694, 71.928476, 0.172379, 0.985031, 0.000364
13.350000, 227.669583, 433.970244, 71.978436, 0.172376, 0.985031, 0.000365
13.360000, 228.003908, 434.608238, 72.028387, 0.172372, 0.985032, 0.000365
13.370000, 228.338464, 435.246674, 72.078331, 0.172368, 0.985033, 0.000366
13.380000, 228.673251, 435.885553, 72.128267, 0.172365, 0.985033, 0.000367
13.390000, 229.008268, 436.524875, 72.178195, 0.172361, 0.985034, 0.000368
13.400000, 229.343515, 437.164640, 72.228114, 0.172358, 0.985034, 0.000368
13.410000, 229.678992, 437.804848, 72.278026, 0.172354, 0.985035, 0.000369
13.420000, 230.014700, 438.445499, 72.327929, 0.172350, 0.985036, 0.000370
13.430000, 230.350638, 439.086592, 72.377824, 0.172347, 0.985036, 0.000371
13.440000, 230.686807, 439.728128, 72.427712, 0.172343, 0.985037, 0.000371
13.450000, 231.023205, 440.370106, 72.477591, 0.172339, 0.985038, 0.000372
13.460000, 231.359834, 441.012527, 72.527462, 0.172336, 0.985038, 0.000373
13.470000, 231.696693, 441.655390, 72.577325, 0.172332, 0.985039, 0.000374
13.480000, 232.033782, 442.298695, 72.627180, 0.172328, 0.985040, 0.000374
13.490000, 232.371101, 442.942443, 72.677026, 0.172325, 0.985040, 0.000375
13.500000, 232.708650, 443.586633, 72.726864, 0.172321, 0.985041, 0.000376
13.510000, 233.046428, 444.231265, 72.776695, 0.172317, 0.985042, 0.000377
13.520000, 233.384437, 444.876338, 72.826517, 0.172313, 0.985042, 0.000377
13.530000, 233.722676, 445.521854, 72.876331, 0.172310, 0.985043, 0.000378
13.540000, 234.061144, 446.167812, 72.926137, 0.172306, 0.985043, 0.000379
13.550000, 234.399842, 446.814211, 72.975935, 0.172302, 0.985044, 0.000380
13.560000, 234.738770, 447.461053, 73.025724, 0.172299, 0.985045, 0.000380
13.570000, 235.077927, 448.108335, 73.075506, 0.172295, 0.985045, 0.000381
13.580000, 235.417314, 448.756060, 73.125279, 0.172291, 0.985046, 0.000382
13.590000, 235.756931, 449.404226, 73.175044, 0.172287, 0.985047, 0.000383
13.600000, 236.096777, 450.052834, 73.224801, 0.172283, 0.985047, 0.000383
13.610000, 236.436853, 450.701882, 73.274550, 0.172280, 0.985048, 0.000384
13.620000, 236.777158, 451.351373, 73.324291, 0.172276, 0.985049, 0.000385
13.630000, 237.117693, 452.001304, 73.374023, 0.172272, 0.985049, 0.000386
13.640000, 237.458457, 452.651677, 73.423748, 0.172268, 0.985050, 0.000386
13.650000, 237.799450, 453.302490, 73.473464, 0.172264, 0.985051, 0.000387
13.660000, 238.140673, 453.953745, 73.523172, 0.172261, 0.985051, 0.000388
13.670000, 238.482125, 454.605441, 73.572872, 0.172257, 0.985052, 0.000389
13.680000, 238.823806, 455.257578, 73.622563, 0.172253, 0.985053, 0.000389
13.690000, 239.165716, 455.910155, 73.672247, 0.172249, 0.985053, 0.000390
13.700000, 239.507856, 456.563173, 73.721922, 0.172245, 0.985054, 0.000391
13.710000, 239.850224, 457.216632, 73.771589, 0.172241, 0.985055, 0.000392
13.720000, 240.192822, 457.870532, 73.821248, 0.172238, 0.985055, 0.000393
13.730000, 240.535648, 458.524872, 73.870898, 0.172234, 0.985056, 0.000393
13.740000, 240.878704, 459.179652, 73.920540, 0.172230, 0.985057, 0.000394
13.750000, 241.221988, 459.834873, 73.970175, 0.172226, 0.985057, 0.000395
13.760000, 241.565501, 460.490535, 74.019800, 0.172222, 0.985058, 0.000396
13.770000, 241.909243, 461.146636, 74.069418, 0.172218, 0.985059, 0.000396
13.780000, 242.253214, 461.803178, 74.119028, 0.172214, 0.985060, 0.000397
13.790000, 242.597414, 462.460160, 74.168629, 0.172210, 0.985060, 0.000398
13.800000, 242.941842, 463.117582, 74.218222, 0.172206, 0.985061, 0.000399
13.810000, 243.286499, 463.775444, 74.267808, 0.172202, 0.985062, 0.000399
13.820000, 243.631384, 464.433746, 74.317384, 0.172198, 0.985062, 0.000400
13.830000, 243.976498, 465.092487, 74.366952, 0.172195, 0.985063, 0.000401
13.840000, 244.321841, 465.751669, 74.416513, 0.172191, 0.985064, 0.000402
13.850000, 244.667412, 466.411290, 74.466065, 0.172187, 0.985064, 0.000403
13.860000, 245.013212, 467.071351, 74.515608, 0.172183, 0.985065, 0.000403
13.870000, 245.359239, 467.731851, 74.565144, 0.172179, 0.985066, 0.000404
13.880000, 245.705496, 468.392791, 74.614671, 0.172175, 0.985066, 0.000405
13.890000, 246.051980, 469.054171, 74.664190, 0.172171, 0.985067, 0.000406
13.900000, 246.398693, 469.715989, 74.713701, 0.172167, 0.985068, 0.000406
13.910000, 246.745634, 470.378247, 74.763204, 0.172163, 0.985069, 0.000407
13.920000, 247.092803, 471.040944, 74.812698, 0.172159, 0.985069, 0.000408
13.930000, 247.440200, 471.704081, 74.862184, 0.172155, 0.985070, 0.000409
13.940000, 247.787826, 472.367656, 74.911662, 0.172151, 0.985071, 0.000410
13.950000, 248.135679, 473.031670, 74.961131, 0.172147, 0.985071, 0.000410
13.960000, 248.483761, 473.696124, 75.010593, 0.172142, 0.985072, 0.000411
13.970000, 248.832070, 474.361016, 75.060046, 0.172138, 0.985073, 0.000412
13.980000, 249.180607, 475.026347, 75.109490, 0.172134, 0.985073, 0.000413
13.990000, 249.529372, 475.692117, 75.158927, 0.172130, 0.985074, 0.000414
14.000000, 249.878365, 476.358325, 75.208355, 0.172126, 0.985075, 0.000414
14.010000, 250.227586, 477.024972, 75.257775, 0.172122, 0.985076, 0.000415
14.020000, 250.577035, 477.692057, 75.307186, 0.172118, 0.985076, 0.000416
14.030000, 250.926711, 478.359581, 75.356589, 0.172114, 0.985077, 0.000417
14.040000, 251.276615, 479.027543, 75.405984, 0.172110, 0.985078, 0.000418
14.050000, 251.626746, 479.695944, 75.455371, 0.172106, 0.985078, 0.000418
14.060000, 251.977105, 480.364783, 75.504750, 0.172102, 0.985079, 0.000419
14.070000, 252.327692, 481.034060, 75.554120, 0.172097, 0.985080, 0.000420
14.080000, 252.678506, 481.703775, 75.603482, 0.172093, 0.985081, 0.000421
14.090000, 253.029547, 482.373928, 75.652835, 0.172089, 0.985081, 0.000421
14.100000, 253.380816, 483.044519, 75.702180, 0.172085, 0.985082, 0.000422
14.110000, 253.732312, 483.715547, 75.751517, 0.172081, 0.985083, 0.000423
14.120000, 254.084036, 484.387014, 75.800845, 0.172077, 0.985084, 0.000424
14.130000, 254.435986, 485.058918, 75.850165, 0.172072, 0.985084, 0.000425
14.140000, 254.788164, 485.731260, 75.899478, 0.172068, 0.985085, 0.000425
14.150000, 255.140570, 486.404040, 75.948781, 0.172064, 0.985086, 0.000426
14.160000, 255.493202, 487.077257, 75.998076, 0.172060, 0.985087, 0.000427
14.170000, 255.846061, 487.750912, 76.047363, 0.172056, 0.985087, 0.000428
14.180000, 256.199147, 488.425004, 76.096641, 0.172051, 0.985088, 0.000429
14.190000, 256.552461, 489.099533, 76.145912, 0.172047, 0.985089, 0.000430
14.200000, 256.906001, 489.774499, 76.195174, 0.172043, 0.985089, 0.000430
14.210000, 257.259768, 490.449903, 76.244427, 0.172039, 0.985090, 0.000431
14.220000, 257.613762, 491.125743, 76.293672, 0.172034, 0.985091, 0.000432
14.230000, 257.967983, 491.802021, 76.342909, 0.172030, 0.985092, 0.000433
14.240000, 258.322431, 492.478736, 76.392137, 0.172026, 0.985092, 0.000434
14.250000, 258.677105, 493.155887, 76.441357, 0.172022, 0.985093, 0.000434
14.260000, 259.032006, 493.833476, 76.490569, 0.172017, 0.985094, 0.000435
14.270000, 259.387134, 494.511501, 76.539772, 0.172013, 0.985095, 0.000436
14.280000, 259.742488, 495.189962, 76.588967, 0.172009, 0.985095, 0.000437
14.290000, 260.098069, 495.868861, 76.638154, 0.172004, 0.985096, 0.000438
14.300000, 260.453877, 496.548196, 76.687332, 0.172000, 0.985097, 0.000438
14.310000, 260.809910, 497.227967, 76.736502, 0.171996, 0.985098, 0.000439
14.320000, 261.166171, 497.908175, 76.785663, 0.171991, 0.985098, 0.000440
14.330000, 261.522657, 498.588818, 76.834816, 0.171987, 0.985099, 0.000441
14.340000, 261.879370, 499.269899, 76.883961, 0.171983, 0.985100, 0.000442
14.350000, 262.236309, 499.951415, 76.933097, 0.171978, 0.985101, 0.000443
14.360000, 262.593475, 500.633367, 76.982225, 0.171974, 0.985101, 0.000443
14.370000, 262.950867, 501.315756, 77.031344, 0.171970, 0.985102, 0.000444
14.380000, 263.308484, 501.998580, 77.080456, 0.171965, 0.985103, 0.000445
14.390000, 263.666328, 502.681841, 77.129558, 0.171961, 0.985104, 0.000446
14.400000, 264.024398, 503.365537, 77.178652, 0.171956, 0.985105, 0.000447
14.410000, 264.382694, 504.049668, 77.227738, 0.171952, 0.985105, 0.000447
14.420000, 264.741216, 504.734236, 77.276816, 0.171948, 0.985106, 0.000448
14.430000, 265.099964, 505.419239, 77.325885, 0.171943, 0.985107, 0.000449
14.440000, 265.458938, 506.104677, 77.374946, 0.171939, 0.985108, 0.000450
14.450000, 265.818138, 506.790551, 77.423999, 0.171934, 0.985108, 0.000451
14.460000, 266.177563, 507.476861, 77.473042, 0.171930, 0.985109, 0.000452
14.470000, 266.537214, 508.163606, 77.522078, 0.171925, 0.985110, 0.000452
14.480000, 266.897091, 508.850785, 77.571105, 0.171921, 0.985111, 0.000453
14.490000, 267.257194, 509.538401, 77.620124, 0.171916, 0.985112, 0.000454
14.500000, 267.617522, 510.226451, 77.669134, 0.171912, 0.985112, 0.000455
14.510000, 267.978076, 510.914936, 77.718136, 0.171907, 0.985113, 0.000456
14.520000, 268.338855, 511.603856, 77.767129, 0.171903, 0.985114, 0.000457
14.530000, 268.699860, 512.293211, 77.816114, 0.171898, 0.985115, 0.000457
14.540000, 269.061090, 512.983001, 77.865091, 0.171894, 0.985115, 0.000458
14.550000, 269.422546, 513.673225, 77.914058, 0.171889, 0.985116, 0.000459
14.560000, 269.784227, 514.363885, 77.963018, 0.171885, 0.985117, 0.000460
14.570000, 270.146133, 515.054978, 78.011969, 0.171880, 0.985118, 0.000461
14.580000, 270.508264, 515.746507, 78.060913, 0.171876, 0.985119, 0.000462
14.590000, 270.870621, 516.438469, 78.109847, 0.171871, 0.985119, 0.000462
14.600000, 271.233203, 517.130866, 78.158773, 0.171867, 0.985120, 0.000463
14.610000, 271.596010, 517.823698, 78.207690, 0.171862, 0.985121, 0.000464
14.620000, 271.959042, 518.516963, 78.256599, 0.171858, 0.985122, 0.000465
14.630000, 272.322299, 519.210663, 78.305500, 0.171853, 0.985123, 0.000466
14.640000, 272.685782, 519.904797, 78.354392, 0.171848, 0.985123, 0.000467
14.650000, 273.049489, 520.599365, 78.403275, 0.171844, 0.985124, 0.000467
14.660000, 273.413421, 521.294367, 78.452150, 0.171839, 0.985125, 0.000468
14.670000, 273.777577, 521.989802, 78.501017, 0.171835, 0.985126, 0.000469
14.680000, 274.141959, 522.685672, 78.549875, 0.171830, 0.985127, 0.000470
14.690000, 274.506566, 523.381975, 78.598724, 0.171825, 0.985127, 0.000471
14.700000, 274.871397, 524.078712, 78.647566, 0.171821, 0.985128, 0.000472
14.710000, 275.236452, 524.775882, 78.696399, 0.171816, 0.985129, 0.000473
14.720000, 275.601733, 525.473486, 78.745223, 0.171811, 0.985130, 0.000473
14.730000, 275.967238, 526.171524, 78.794039, 0.171807, 0.985131, 0.000474
14.740000, 276.332967, 526.869994, 78.842846, 0.171802, 0.985132, 0.000475
14.750000, 276.698922, 527.568898, 78.891645, 0.171797, 0.985132, 0.000476
14.760000, 277.065100, 528.268235, 78.940435, 0.171793, 0.985133, 0.000477
14.770000, 277.431503, 528.968006, 78.989217, 0.171788, 0.985134, 0.000478
14.780000, 277.798130, 529.668209, 79.037990, 0.171783, 0.985135, 0.000479
14.790000, 278.164982, 530.368846, 79.086755, 0.171778, 0.985136, 0.000479
14.800000, 278.532058, 531.069915, 79.135511, 0.171774, 0.985136, 0.000480
14.810000, 278.899358, 531.771417, 79.184260, 0.171769, 0.985137, 0.000481
14.820000, 279.266882, 532.473352, 79.232999, 0.171764, 0.985138, 0.000482
14.830000, 279.634630, 533.175720, 79.281730, 0.171759, 0.985139, 0.000483
14.840000, 280.002603, 533.878520, 79.330452, 0.171755, 0.985140, 0.000484
14.850000, 280.370799, 534.581753, 79.379166, 0.171750, 0.985141, 0.000485
14.860000, 280.739220, 535.285419, 79.427871, 0.171745, 0.985141, 0.000485
14.870000, 281.107864, 535.989516, 79.476568, 0.171740, 0.985142, 0.000486
14.880000, 281.476733, 536.694047, 79.525256, 0.171736, 0.985143, 0.000487
14.890000, 281.845825, 537.399009, 79.573935, 0.171731, 0.985144, 0.000488
14.900000, 282.215141, 538.104404, 79.622606, 0.171726, 0.985145, 0.000489
14.910000, 282.584681, 538.810231, 79.671270, 0.171721, 0.985146, 0.000490
14.920000, 282.954444, 539.516489, 79.719923, 0.171716, 0.985146, 0.000491
14.930000, 283.324431, 540.223180, 79.768569, 0.171711, 0.985147, 0.000491
14.940000, 283.694642, 540.930303, 79.817206, 0.171707, 0.985148, 0.000492
14.950000, 284.065076, 541.637858, 79.865834, 0.171702, 0.985149, 0.000493
14.960000, 284.435734, 542.345844, 79.914454, 0.171697, 0.985150, 0.000494
14.970000, 284.806616, 543.054262, 79.963066, 0.171692, 0.985151, 0.000495
14.980000, 285.177721, 543.763112, 80.011669, 0.171687, 0.985152, 0.000496
14.990000, 285.549049, 544.472393, 80.060263, 0.171682, 0.985152, 0.000497
15.000000, 285.920601, 545.182106, 80.108849, 0.171677, 0.985153, 0.000498
15.010000, 286.292375, 545.892250, 80.157427, 0.171672, 0.985154, 0.000498
15.020000, 286.664374, 546.602825, 80.205995, 0.171667, 0.985155, 0.000499
15.030000, 287.036595, 547.313832, 80.254555, 0.171663, 0.985156, 0.000500
15.040000, 287.409040, 548.025270, 80.303107, 0.171658, 0.985157, 0.000501
15.050000, 287.781707, 548.737139, 80.351650, 0.171653, 0.985158, 0.000502
15.060000, 288.154598, 549.449439, 80.400184, 0.171648, 0.985158, 0.000503
15.070000, 288.527712, 550.162170, 80.448710, 0.171643, 0.985159, 0.000504
15.080000, 288.901049, 550.875332, 80.497228, 0.171638, 0.985160, 0.000505
15.090000, 289.274609, 551.588925, 80.545736, 0.171633, 0.985161, 0.000505
15.100000, 289.648391, 552.302948, 80.594236, 0.171628, 0.985162, 0.000506
15.110000, 290.022397, 553.017403, 80.642728, 0.171623, 0.985163, 0.000507
15.120000, 290.396625, 553.732287, 80.691212, 0.171618, 0.985164, 0.000508
15.130000, 290.771076, 554.447603, 80.739686, 0.171613, 0.985164, 0.000509
15.140000, 291.145750, 555.163349, 80.788152, 0.171608, 0.985165, 0.000510
15.150000, 291.520647, 555.879525, 80.836609, 0.171603, 0.985166, 0.000511
15.160000, 291.895766, 556.596131, 80.885058, 0.171598, 0.985167, 0.000512
15.170000, 292.271107, 557.313168, 80.933498, 0.171593, 0.985168, 0.000513
15.180000, 292.646671, 558.030635, 80.981929, 0.171588, 0.985169, 0.000513
15.190000, 293.022458, 558.748532, 81.030352, 0.171582, 0.985170, 0.000514
15.200000, 293.398467, 559.466859, 81.078767, 0.171577, 0.985171, 0.000515
15.210000, 293.774699, 560.185616, 81.127172, 0.171572, 0.985172, 0.000516
15.220000, 294.151153, 560.904803, 81.175570, 0.171567, 0.985172, 0.000517
15.230000, 294.527829, 561.624420, 81.223958, 0.171562, 0.985173, 0.000518
15.240000, 294.904727, 562.344466, 81.272337, 0.171557, 0.985174, 0.000519
15.250000, 295.281848, 563.064942, 81.320709, 0.171552, 0.985175, 0.000520
15.260000, 295.659190, 563.785848, 81.369072, 0.171547, 0.985176, 0.000521
15.270000, 296.036755, 564.507183, 81.417426, 0.171542, 0.985177, 0.000522
15.280000, 296.414542, 565.228948, 81.465771, 0.171536, 0.985178, 0.000522
15.290000, 296.792551, 565.951142, 81.514108, 0.171531, 0.985179, 0.000523
15.300000, 297.170782, 566.673765, 81.562436, 0.171526, 0.985180, 0.000524
15.310000, 297.549235, 567.396818, 81.610755, 0.171521, 0.985180, 0.000525
15.320000, 297.927910, 568.120300, 81.659066, 0.171516, 0.985181, 0.000526
15.330000, 298.306806, 568.844210, 81.707369, 0.171511, 0.985182, 0.000527
15.340000, 298.685925, 569.568550, 81.755662, 0.171505, 0.985183, 0.000528
15.350000, 299.065265, 570.293319, 81.803947, 0.171500, 0.985184, 0.000529
15.360000, 299.444826, 571.018516, 81.852224, 0.171495, 0.985185, 0.000530
15.370000, 299.824610, 571.744143, 81.900492, 0.171490, 0.985186, 0.000531
15.380000, 300.204615, 572.470198, 81.948751, 0.171485, 0.985187, 0.000531
15.390000, 300.584842, 573.196682, 81.997001, 0.171479, 0.985188, 0.000532
15.400000, 300.965290, 573.923594, 82.045243, 0.171474, 0.985189, 0.000533
15.410000, 301.345959, 574.650935, 82.093476, 0.171469, 0.985190, 0.000534
15.420000, 301.726850, 575.378704, 82.141700, 0.171464, 0.985190, 0.000535
15.430000, 302.107962, 576.106901, 82.189916, 0.171458, 0.985191, 0.000536
15.440000, 302.489296, 576.835527, 82.238124, 0.171453, 0.985192, 0.000537
15.450000, 302.870851, 577.564581, 82.286322, 0.171448, 0.985193, 0.000538
15.460000, 303.252627, 578.294063, 82.334512, 0.171442, 0.985194, 0.000539
15.470000, 303.634624, 579.023973, 82.382693, 0.171437, 0.985195, 0.000540
15.480000, 304.016843, 579.754312, 82.430866, 0.171432, 0.985196, 0.000541
15.490000, 304.399283, 580.485078, 82.479030, 0.171426, 0.985197, 0.000541
15.500000, 304.781943, 581.216271, 82.527185, 0.171421, 0.985198, 0.000542
15.510000, 305.164825, 581.947893, 82.575332, 0.171416, 0.985199, 0.000543
15.520000, 305.547927, 582.679942, 82.623470, 0.171410, 0.985200, 0.000544
15.530000, 305.931251, 583.412419, 82.671599, 0.171405, 0.985201, 0.000545
15.540000, 306.314795, 584.145324, 82.719719, 0.171400, 0.985202, 0.000546
15.550000, 306.698560, 584.878656, 82.767832, 0.171394, 0.985203, 0.000547
15.560000, 307.082546, 585.612415, 82.815934, 0.171389, 0.985203, 0.000548
15.570000, 307.466752, 586.346602, 82.864029, 0.171383, 0.985204, 0.000549
15.580000, 307.851180, 587.081216, 82.912115, 0.171378, 0.985205, 0.000550
15.590000, 308.235827, 587.816257, 82.960192, 0.171373, 0.985206, 0.000551
15.600000, 308.620696, 588.551725, 83.008261, 0.171367, 0.985207, 0.000552
15.610000, 309.005785, 589.287620, 83.056320, 0.171362, 0.985208, 0.000552
15.620000, 309.391094, 590.023942, 83.104371, 0.171356, 0.985209, 0.000553
15.630000, 309.776624, 590.760691, 83.152414, 0.171351, 0.985210, 0.000554
15.640000, 310.162374, 591.497867, 83.200448, 0.171345, 0.985211, 0.000555
15.650000, 310.548345, 592.235470, 83.248473, 0.171340, 0.985212, 0.000556
15.660000, 310.934536, 592.973499, 83.296489, 0.171334, 0.985213, 0.000557
15.670000, 311.320947, 593.711955, 83.344496, 0.171329, 0.985214, 0.000558
15.680000, 311.707578, 594.450837, 83.392495, 0.171323, 0.985215, 0.000559
15.690000, 312.094429, 595.190146, 83.440485, 0.171318, 0.985216, 0.000560
15.700000, 312.481501, 595.929881, 83.488467, 0.171312, 0.985217, 0.000561
15.710000, 312.868793, 596.670042, 83.536439, 0.171307, 0.985218, 0.000562
15.720000, 313.256304, 597.410630, 83.584403, 0.171301, 0.985219, 0.000563
15.730000, 313.644036, 598.151644, 83.632359, 0.171296, 0.985220, 0.000564
15.740000, 314.031987, 598.893084, 83.680305, 0.171290, 0.985221, 0.000565
15.750000, 314.420158, 599.634950, 83.728243, 0.171284, 0.985222, 0.000566
15.760000, 314.808549, 600.377241, 83.776172, 0.171279, 0.985223, 0.000566
15.770000, 315.197160, 601.119959, 83.824093, 0.171273, 0.985224, 0.000567
15.780000, 315.585991, 601.863102, 83.872005, 0.171268, 0.985225, 0.000568
15.790000, 315.975041, 602.606671, 83.919907, 0.171262, 0.985226, 0.000569
15.800000, 316.364311, 603.350666, 83.967801, 0.171256, 0.985226, 0.000570
15.810000, 316.753801, 604.095086, 84.015687, 0.171251, 0.985227, 0.000571
15.820000, 317.143510, 604.839932, 84.063564, 0.171245, 0.985228, 0.000572
15.830000, 317.533438, 605.585203, 84.111432, 0.171240, 0.985229, 0.000573
15.840000, 317.923586, 606.330900, 84.159291, 0.171234, 0.985230, 0.000574
15.850000, 318.313953, 607.077021, 84.207142, 0.171228, 0.985231, 0.000575
15.860000, 318.704540, 607.823568, 84.254984, 0.171223, 0.985232, 0.000576
15.870000, 319.095346, 608.570540, 84.302817, 0.171217, 0.985233, 0.000577
15.880000, 319.486371, 609.317937, 84.350641, 0.171211, 0.985234, 0.000578
15.890000, 319.877615, 610.065759, 84.398457, 0.171205, 0.985235, 0.000579
15.900000, 320.269079, 610.814006, 84.446264, 0.171200, 0.985236, 0.000580
15.910000, 320.660762, 611.562678, 84.494062, 0.171194, 0.985237, 0.000581
15.920000, 321.052663, 612.311775, 84.541851, 0.171188, 0.985238, 0.000582
15.930000, 321.444784, 613.061296, 84.589632, 0.171183, 0.985239, 0.000583
15.940000, 321.837124, 613.811241, 84.637404, 0.171177, 0.985240, 0.000583
15.950000, 322.229682, 614.561612, 84.685167, 0.171171, 0.985241, 0.000584
15.960000, 322.622460, 615.312406, 84.732921, 0.171165, 0.985242, 0.000585
15.970000, 323.015456, 616.063625, 84.780667, 0.171160, 0.985243, 0.000586
15.980000, 323.408671, 616.815269, 84.828404, 0.171154, 0.985244, 0.000587
15.990000, 323.802105, 617.567336, 84.876131, 0.171148, 0.985245, 0.000588
16.000000, 324.195757, 618.319828, 84.923851, 0.171142, 0.985246, 0.000589
16.010000, 324.589628, 619.072744, 84.971561, 0.171136, 0.985247, 0.000590
16.020000, 324.983718, 619.826084, 85.019263, 0.171131, 0.985248, 0.000591
16.030000, 325.378026, 620.579848, 85.066956, 0.171125, 0.985249, 0.000592
16.040000, 325.772552, 621.334035, 85.114640, 0.171119, 0.985250, 0.000593
16.050000, 326.167297, 622.088647, 85.162315, 0.171113, 0.985251, 0.000594
16.060000, 326.562261, 622.843682, 85.209982, 0.171107, 0.985252, 0.000595
16.070000, 326.957442, 623.599140, 85.257640, 0.171101, 0.985253, 0.000596
16.080000, 327.352843, 624.355023, 85.305289, 0.171095, 0.985254, 0.000597
16.090000, 327.748461, 625.111329, 85.352929, 0.171089, 0.985255, 0.000598
16.100000, 328.144297, 625.868058, 85.400561, 0.171084, 0.985257, 0.000599
16.110000, 328.540352, 626.625210, 85.448183, 0.171078, 0.985258, 0.000600
16.120000, 328.936625, 627.382786, 85.495797, 0.171072, 0.985259, 0.000601
16.130000, 329.333115, 628.140785, 85.543402, 0.171066, 0.985260, 0.000602
16.140000, 329.729824, 628.899207, 85.590998, 0.171060, 0.985261, 0.000603
16.150000, 330.126751, 629.658052, 85.638585, 0.171054, 0.985262, 0.000604
16.160000, 330.523895, 630.417320, 85.686164, 0.171048, 0.985263, 0.000605
16.170000, 330.921258, 631.177011, 85.733734, 0.171042, 0.985264, 0.000606
16.180000, 331.318838, 631.937125, 85.781295, 0.171036, 0.985265, 0.000607
16.190000, 331.716636, 632.697662, 85.828847, 0.171030, 0.985266, 0.000608
16.200000, 332.114652, 633.458621, 85.876390, 0.171024, 0.985267, 0.000609
16.210000, 332.512885, 634.220003, 85.923924, 0.171018, 0.985268, 0.000610
16.220000, 332.911336, 634.981807, 85.971450, 0.171012, 0.985269, 0.000611
16.230000, 333.310005, 635.744034, 86.018967, 0.171006, 0.985270, 0.000611
16.240000, 333.708891, 636.506683, 86.066475, 0.171000, 0.985271, 0.000612
16.250000, 334.107994, 637.269754, 86.113974, 0.170994, 0.985272, 0.000613
16.260000, 334.507315, 638.033248, 86.161465, 0.170988, 0.985273, 0.000614
16.270000, 334.906854, 638.797164, 86.208947, 0.170982, 0.985274, 0.000615
16.280000, 335.306609, 639.561502, 86.256420, 0.170976, 0.985275, 0.000616
16.290000, 335.706582, 640.326261, 86.303884, 0.170970, 0.985276, 0.000617
16.300000, 336.106773, 641.091443, 86.351339, 0.170964, 0.985277, 0.000618
16.310000, 336.507180, 641.857047, 86.398786, 0.170957, 0.985278, 0.000619
16.320000, 336.907804, 642.623072, 86.446223, 0.170951, 0.985279, 0.000620
16.330000, 337.308646, 643.389520, 86.493651, 0.170945, 0.985281, 0.000621
16.340000, 337.709704, 644.156388, 86.541071, 0.170939, 0.985282, 0.000622
16.350000, 338.110980, 644.923679, 86.588483, 0.170933, 0.985283, 0.000623
16.360000, 338.512473, 645.691390, 86.635885, 0.170927, 0.985284, 0.000624
16.370000, 338.914182, 646.459524, 86.683278, 0.170921, 0.985285, 0.000625
16.380000, 339.316108, 647.228078, 86.730662, 0.170914, 0.985286, 0.000626
16.390000, 339.718251, 647.997054, 86.778038, 0.170908, 0.985287, 0.000627
16.400000, 340.120611, 648.766451, 86.825405, 0.170902, 0.985288, 0.000628
16.410000, 340.523187, 649.536269, 86.872762, 0.170896, 0.985289, 0.000629
16.420000, 340.925980, 650.306508, 86.920111, 0.170890, 0.985290, 0.000630
16.430000, 341.328990, 651.077168, 86.967452, 0.170883, 0.985291, 0.000631
16.440000, 341.732216, 651.848249, 87.014784, 0.170877, 0.985292, 0.000632
16.450000, 342.135659, 652.619751, 87.062106, 0.170871, 0.985293, 0.000633
16.460000, 342.539318, 653.391674, 87.109420, 0.170865, 0.985294, 0.000634
16.470000, 342.943194, 654.164017, 87.156725, 0.170858, 0.985296, 0.000635
16.480000, 343.347286, 654.936781, 87.204021, 0.170852, 0.985297, 0.000636
16.490000, 343.751594, 655.709965, 87.251308, 0.170846, 0.985298, 0.000637
16.500000, 344.156118, 656.483570, 87.298586, 0.170840, 0.985299, 0.000638
16.510000, 344.560859, 657.257595, 87.345855, 0.170833, 0.985300, 0.000639
16.520000, 344.965816, 658.032040, 87.393116, 0.170827, 0.985301, 0.000640
16.530000, 345.370989, 658.806906, 87.440368, 0.170821, 0.985302, 0.000641
16.540000, 345.776378, 659.582191, 87.487611, 0.170814, 0.985303, 0.000642
16.550000, 346.181983, 660.357897, 87.534844, 0.170808, 0.985304, 0.000643
16.560000, 346.587804, 661.134023, 87.582070, 0.170802, 0.985305, 0.000644
16.570000, 346.993840, 661.910569, 87.629286, 0.170795, 0.985307, 0.000645
16.580000, 347.400093, 662.687534, 87.676493, 0.170789, 0.985308, 0.000646
16.590000, 347.806562, 663.464920, 87.723691, 0.170783, 0.985309, 0.000647
16.600000, 348.213246, 664.242725, 87.770881, 0.170776, 0.985310, 0.000648
16.610000, 348.620146, 665.020949, 87.818062, 0.170770, 0.985311, 0.000649
16.620000, 349.027262, 665.799593, 87.865234, 0.170763, 0.985312, 0.000650
16.630000, 349.434593, 666.578657, 87.912397, 0.170757, 0.985313, 0.000651
16.640000, 349.842140, 667.358140, 87.959551, 0.170751, 0.985314, 0.000652
16.650000, 350.249902, 668.138043, 88.006696, 0.170744, 0.985315, 0.000653
16.660000, 350.657880, 668.918364, 88.053833, 0.170738, 0.985317, 0.000654
16.670000, 351.066073, 669.699105, 88.100960, 0.170731, 0.985318, 0.000655
16.680000, 351.474482, 670.480265, 88.148078, 0.170725, 0.985319, 0.000656
16.690000, 351.883106, 671.261844, 88.195187, 0.170718, 0.985320, 0.000657
16.700000, 352.291945, 672.043842, 88.242288, 0.170712, 0.985321, 0.000658
16.710000, 352.700999, 672.826258, 88.289381, 0.170705, 0.985322, 0.000659
16.720000, 353.110269, 673.609094, 88.336463, 0.170699, 0.985323, 0.000660
16.730000, 353.519754, 674.392348, 88.383537, 0.170692, 0.985324, 0.000661
16.740000, 353.929454, 675.176021, 88.430602, 0.170686, 0.985326, 0.000662
16.750000, 354.339368, 675.960113, 88.477659, 0.170679, 0.985327, 0.000663
16.760000, 354.749498, 676.744622, 88.524706, 0.170673, 0.985328, 0.000664
16.770000, 355.159843, 677.529551, 88.571744, 0.170666, 0.985329, 0.000665
16.780000, 355.570402, 678.314898, 88.618773, 0.170660, 0.985330, 0.000666
16.790000, 355.981177, 679.100663, 88.665794, 0.170653, 0.985331, 0.000667
16.800000, 356.392166, 679.886846, 88.712806, 0.170646, 0.985332, 0.000669
16.810000, 356.803370, 680.673447, 88.759808, 0.170640, 0.985333, 0.000670
16.820000, 357.214789, 681.460467, 88.806802, 0.170633, 0.985335, 0.000671
16.830000, 357.626422, 682.247904, 88.853787, 0.170627, 0.985336, 0.000672
16.840000, 358.038270, 683.035759, 88.900763, 0.170620, 0.985337, 0.000673
16.850000, 358.450332, 683.824032, 88.947731, 0.170613, 0.985338, 0.000674
16.860000, 358.862609, 684.612723, 88.994688, 0.170607, 0.985339, 0.000675
16.870000, 359.275100, 685.401832, 89.041637, 0.170600, 0.985340, 0.000676
16.880000, 359.687806, 686.191358, 89.088578, 0.170593, 0.985342, 0.000677
16.890000, 360.100726, 686.981302, 89.135510, 0.170587, 0.985343, 0.000678
16.900000, 360.513860, 687.771663, 89.182431, 0.170580, 0.985344, 0.000679
16.910000, 360.927208, 688.562441, 89.229345, 0.170573, 0.985345, 0.000680
16.920000, 361.340771, 689.353637, 89.276249, 0.170567, 0.985346, 0.000681
16.930000, 361.754548, 690.145250, 89.323145, 0.170560, 0.985347, 0.000682
16.940000, 362.168539, 690.937280, 89.370032, 0.170553, 0.985348, 0.000683
16.950000, 362.582743, 691.729728, 89.416909, 0.170546, 0.985350, 0.000684
16.960000, 362.997162, 692.522592, 89.463778, 0.170540, 0.985351, 0.000685
16.970000, 363.411795, 693.315873, 89.510638, 0.170533, 0.985352, 0.000686
16.980000, 363.826642, 694.109571, 89.557489, 0.170526, 0.985353, 0.000687
16.990000, 364.241702, 694.903686, 89.604331, 0.170519, 0.985354, 0.000688
17.000000, 364.656977, 695.698218, 89.651164, 0.170513, 0.985356, 0.000689
17.010000, 365.072465, 696.493166, 89.697988, 0.170506, 0.985357, 0.000690
17.020000, 365.488166, 697.288530, 89.744803, 0.170499, 0.985358, 0.000691
17.030000, 365.904082, 698.084312, 89.791610, 0.170492, 0.985359, 0.000692
17.040000, 366.320211, 698.880509, 89.838407, 0.170485, 0.985360, 0.000693
17.050000, 366.736553, 699.677123, 89.885195, 0.170478, 0.985361, 0.000694
17.060000, 367.153109, 700.474153, 89.931975, 0.170472, 0.985363, 0.000695
17.070000, 367.569879, 701.271600, 89.978745, 0.170465, 0.985364, 0.000696
17.080000, 367.986861, 702.069462, 90.025507, 0.170458, 0.985365, 0.000697
17.090000, 368.404058, 702.867741, 90.072260, 0.170451, 0.985366, 0.000699
17.100000, 368.821467, 703.666435, 90.119003, 0.170444, 0.985367, 0.000700
17.110000, 369.239090, 704.465546, 90.165737, 0.170437, 0.985369, 0.000701
17.120000, 369.656925, 705.265072, 90.212463, 0.170430, 0.985370, 0.000702
17.130000, 370.074974, 706.065014, 90.259180, 0.170423, 0.985371, 0.000703
17.140000, 370.493236, 706.865371, 90.305888, 0.170416, 0.985372, 0.000704
17.150000, 370.911711, 707.666144, 90.352587, 0.170409, 0.985373, 0.000705
17.160000, 371.330400, 708.467333, 90.399276, 0.170402, 0.985375, 0.000706
17.170000, 371.749300, 709.268937, 90.445957, 0.170396, 0.985376, 0.000707
17.180000, 372.168414, 710.070956, 90.492629, 0.170389, 0.985377, 0.000708
17.190000, 372.587741, 710.873391, 90.539292, 0.170382, 0.985378, 0.000709
17.200000, 373.007281, 711.676241, 90.585946, 0.170375, 0.985379, 0.000710
17.210000, 373.427033, 712.479506, 90.632591, 0.170368, 0.985381, 0.000711
17.220000, 373.846998, 713.283186, 90.679227, 0.170361, 0.985382, 0.000712
17.230000, 374.267175, 714.087281, 90.725854, 0.170354, 0.985383, 0.000713
17.240000, 374.687565, 714.891791, 90.772472, 0.170346, 0.985384, 0.000714
17.250000, 375.108168, 715.696716, 90.819081, 0.170339, 0.985385, 0.000715
17.260000, 375.528983, 716.502056, 90.865681, 0.170332, 0.985387, 0.000716
17.270000, 375.950011, 717.307810, 90.912272, 0.170325, 0.985388, 0.000718
17.280000, 376.371251, 718.113979, 90.958854, 0.170318, 0.985389, 0.000719
17.290000, 376.792703, 718.920562, 91.005428, 0.170311, 0.985390, 0.000720
17.300000, 377.214367, 719.727560, 91.051992, 0.170304, 0.985392, 0.000721
17.310000, 377.636244, 720.534972, 91.098546, 0.170297, 0.985393, 0.000722
17.320000, 378.058333, 721.342799, 91.145093, 0.170290, 0.985394, 0.000723
17.330000, 378.480634, 722.151039, 91.191630, 0.170283, 0.985395, 0.000724
17.340000, 378.903147, 722.959694, 91.238159, 0.170275, 0.985396, 0.000725
17.350000, 379.325873, 723.768763, 91.284677, 0.170268, 0.985398, 0.000726
17.360000, 379.748810, 724.578246, 91.331187, 0.170261, 0.985399, 0.000727
17.370000, 380.171959, 725.388143, 91.377688, 0.170254, 0.985400, 0.000728
17.380000, 380.595320, 726.198454, 91.424181, 0.170247, 0.985401, 0.000729
17.390000, 381.018893, 727.009179, 91.470664, 0.170240, 0.985403, 0.000730
17.400000, 381.442677, 727.820317, 91.517139, 0.170232, 0.985404, 0.000731
17.410000, 381.866674, 728.631869, 91.563604, 0.170225, 0.985405, 0.000732
17.420000, 382.290882, 729.443834, 91.610060, 0.170218, 0.985406, 0.000734
17.430000, 382.715301, 730.256213, 91.656507, 0.170211, 0.985408, 0.000735
17.440000, 383.139932, 731.069006, 91.702946, 0.170203, 0.985409, 0.000736
17.450000, 383.564775, 731.882211, 91.749375, 0.170196, 0.985410, 0.000737
17.460000, 383.989829, 732.695830, 91.795795, 0.170189, 0.985411, 0.000738
17.470000, 384.415095, 733.509862, 91.842206, 0.170182, 0.985413, 0.000739
17.480000, 384.840572, 734.324308, 91.888608, 0.170174, 0.985414, 0.000740
17.490000, 385.266260, 735.139166, 91.935002, 0.170167, 0.985415, 0.000741
17.500000, 385.692159, 735.954437, 91.981386, 0.170160, 0.985416, 0.000742
17.510000, 386.118270, 736.770121, 92.027761, 0.170152, 0.985418, 0.000743
17.520000, 386.544592, 737.586218, 92.074127, 0.170145, 0.985419, 0.000744
17.530000, 386.971125, 738.402727, 92.120484, 0.170138, 0.985420, 0.000745
17.540000, 387.397869, 739.219650, 92.166832, 0.170130, 0.985422, 0.000746
17.550000, 387.824824, 740.036985, 92.213171, 0.170123, 0.985423, 0.000748
17.560000, 388.251990, 740.854732, 92.259502, 0.170116, 0.985424, 0.000749
17.570000, 388.679367, 741.672892, 92.305823, 0.170108, 0.985425, 0.000750
17.580000, 389.106955, 742.491464, 92.352134, 0.170101, 0.985427, 0.000751
17.590000, 389.534754, 743.310448, 92.398437, 0.170093, 0.985428, 0.000752
17.600000, 389.962763, 744.129845, 92.444732, 0.170086, 0.985429, 0.000753
17.610000, 390.390984, 744.949653, 92.491017, 0.170079, 0.985430, 0.000754
17.620000, 390.819414, 745.769874, 92.537292, 0.170071, 0.985432, 0.000755
17.630000, 391.248056, 746.590507, 92.583559, 0.170064, 0.985433, 0.000756
17.640000, 391.676908, 747.411552, 92.629817, 0.170056, 0.985434, 0.000757
17.650000, 392.105970, 748.233008, 92.676066, 0.170049, 0.985436, 0.000758
17.660000, 392.535243, 749.054876, 92.722306, 0.170041, 0.985437, 0.000760
17.670000, 392.964726, 749.877156, 92.768537, 0.170034, 0.985438, 0.000761
17.680000, 393.394420, 750.699848, 92.814759, 0.170026, 0.985440, 0.000762
17.690000, 393.824324, 751.522951, 92.860971, 0.170019, 0.985441, 0.000763
17.700000, 394.254438, 752.346465, 92.907175, 0.170011, 0.985442, 0.000764
17.710000, 394.684763, 753.170391, 92.953369, 0.170004, 0.985443, 0.000765
17.720000, 395.115297, 753.994728, 92.999555, 0.169996, 0.985445, 0.000766
17.730000, 395.546042, 754.819477, 93.045732, 0.169989, 0.985446, 0.000767
17.740000, 395.976996, 755.644636, 93.091899, 0.169981, 0.985447, 0.000768
17.750000, 396.408161, 756.470207, 93.138057, 0.169973, 0.985449, 0.000769
17.760000, 396.839536, 757.296188, 93.184207, 0.169966, 0.985450, 0.000771
17.770000, 397.271120, 758.122581, 93.230347, 0.169958, 0.985451, 0.000772
17.780000, 397.702915, 758.949384, 93.276479, 0.169951, 0.985453, 0.000773
17.790000, 398.134919, 759.776598, 93.322601, 0.169943, 0.985454, 0.000774
17.800000, 398.567133, 760.604223, 93.368714, 0.169935, 0.985455, 0.000775
17.810000, 398.999556, 761.432258, 93.414818, 0.169928, 0.985457, 0.000776
17.820000, 399.432189, 762.260704, 93.460913, 0.169920, 0.985458, 0.000777
17.830000, 399.865032, 763.089561, 93.506999, 0.169912, 0.985459, 0.000778
17.840000, 400.298084, 763.918828, 93.553077, 0.169905, 0.985460, 0.000779
17.850000, 400.731346, 764.748505, 93.599145, 0.169897, 0.985462, 0.000780
17.860000, 401.164817, 765.578592, 93.645203, 0.169889, 0.985463, 0.000782
17.870000, 401.598498, 766.409090, 93.691253, 0.169882, 0.985464, 0.000783
17.880000, 402.032388, 767.239998, 93.737294, 0.169874, 0.985466, 0.000784
17.890000, 402.466487, 768.071315, 93.783326, 0.169866, 0.985467, 0.000785
17.900000, 402.900796, 768.903043, 93.829349, 0.169858, 0.985468, 0.000786
17.910000, 403.335313, 769.735181, 93.875363, 0.169851, 0.985470, 0.000787
17.920000, 403.770040, 770.567728, 93.921367, 0.169843, 0.985471, 0.000788
17.930000, 404.204976, 771.400685, 93.967363, 0.169835, 0.985472, 0.000789
17.940000, 404.640120, 772.234051, 94.013349, 0.169827, 0.985474, 0.000790
17.950000, 405.075474, 773.067828, 94.059327, 0.169820, 0.985475, 0.000792
17.960000, 405.511037, 773.902013, 94.105296, 0.169812, 0.985477, 0.000793
17.970000, 405.946808, 774.736609, 94.151255, 0.169804, 0.985478, 0.000794
17.980000, 406.382789, 775.571613, 94.197205, 0.169796, 0.985479, 0.000795
17.990000, 406.818978, 776.407027, 94.243146, 0.169788, 0.985481, 0.000796
18.000000, 407.255376, 777.242850, 94.289078, 0.169780, 0.985482, 0.000797
18.010000, 407.691982, 778.079082, 94.335001, 0.169772, 0.985483, 0.000798
18.020000, 408.128797, 778.915723, 94.380916, 0.169765, 0.985485, 0.000799
18.030000, 408.565821, 779.752773, 94.426820, 0.169757, 0.985486, 0.000801
18.040000, 409.003053, 780.590232, 94.472716, 0.169749, 0.985487, 0.000802
18.050000, 409.440493, 781.428100, 94.518602, 0.169741, 0.985489, 0.000803
18.060000, 409.878142, 782.266376, 94.564480, 0.169733, 0.985490, 0.000804
18.070000, 410.316000, 783.105061, 94.610349, 0.169725, 0.985491, 0.000805
18.080000, 410.754065, 783.944155, 94.656209, 0.169717, 0.985493, 0.000806
18.090000, 411.192339, 784.783657, 94.702059, 0.169709, 0.985494, 0.000807
18.100000, 411.630821, 785.623568, 94.747900, 0.169701, 0.985496, 0.000808
18.110000, 412.069511, 786.463887, 94.793732, 0.169693, 0.985497, 0.000810
18.120000, 412.508409, 787.304614, 94.839555, 0.169685, 0.985498, 0.000811
18.130000, 412.947516, 788.145750, 94.885370, 0.169677, 0.985500, 0.000812
18.140000, 413.386830, 788.987294, 94.931175, 0.169669, 0.985501, 0.000813
18.150000, 413.826352, 789.829245, 94.976971, 0.169661, 0.985502, 0.000814
18.160000, 414.266082, 790.671605, 95.022757, 0.169653, 0.985504, 0.000815
18.170000, 414.706020, 791.514373, 95.068535, 0.169645, 0.985505, 0.000816
18.180000, 415.146166, 792.357548, 95.114303, 0.169637, 0.985507, 0.000817
18.190000, 415.586519, 793.201131, 95.160063, 0.169629, 0.985508, 0.000819
18.200000, 416.027080, 794.045122, 95.205814, 0.169621, 0.985509, 0.000820
18.210000, 416.467849, 794.889521, 95.251556, 0.169613, 0.985511, 0.000821
18.220000, 416.908825, 795.734327, 95.297288, 0.169605, 0.985512, 0.000822
18.230000, 417.350009, 796.579540, 95.343011, 0.169597, 0.985514, 0.000823
18.240000, 417.791400, 797.425161, 95.388725, 0.169588, 0.985515, 0.000824
18.250000, 418.232999, 798.271190, 95.434430, 0.169580, 0.985516, 0.000825
18.260000, 418.674805, 799.117625, 95.480127, 0.169572, 0.985518, 0.000827
18.270000, 419.116818, 799.964468, 95.525814, 0.169564, 0.985519, 0.000828
18.280000, 419.559039, 800.811717, 95.571491, 0.169556, 0.985521, 0.000829
18.290000, 420.001466, 801.659374, 95.617160, 0.169548, 0.985522, 0.000830
18.300000, 420.444101, 802.507437, 95.662819, 0.169539, 0.985523, 0.000831
18.310000, 420.886943, 803.355908, 95.708470, 0.169531, 0.985525, 0.000832
18.320000, 421.329992, 804.204785, 95.754111, 0.169523, 0.985526, 0.000833
18.330000, 421.773248, 805.054069, 95.799744, 0.169515, 0.985528, 0.000835
18.340000, 422.216711, 805.903760, 95.845368, 0.169507, 0.985529, 0.000836
18.350000, 422.660381, 806.753857, 95.890981, 0.169498, 0.985530, 0.000837
18.360000, 423.104258, 807.604360, 95.936586, 0.169490, 0.985532, 0.000838
18.370000, 423.548341, 808.455270, 95.982182, 0.169482, 0.985533, 0.000839
18.380000, 423.992631, 809.306587, 96.027769, 0.169474, 0.985535, 0.000840
18.390000, 424.437128, 810.158309, 96.073346, 0.169465, 0.985536, 0.000841
18.400000, 424.881832, 811.010438, 96.118915, 0.169457, 0.985538, 0.000843
18.410000, 425.326742, 811.862973, 96.164476, 0.169449, 0.985539, 0.000844
18.420000, 425.771858, 812.715914, 96.210025, 0.169440, 0.985540, 0.000845
18.430000, 426.217181, 813.569260, 96.255566, 0.169432, 0.985542, 0.000846
18.440000, 426.662711, 814.423013, 96.301099, 0.169424, 0.985543, 0.000847
18.450000, 427.108447, 815.277172, 96.346622, 0.169415, 0.985545, 0.000848
18.460000, 427.554389, 816.131736, 96.392136, 0.169407, 0.985546, 0.000849
18.470000, 428.000537, 816.986706, 96.437641, 0.169399, 0.985548, 0.000851
18.480000, 428.446892, 817.842081, 96.483136, 0.169390, 0.985549, 0.000852
18.490000, 428.893453, 818.697862, 96.528622, 0.169382, 0.985551, 0.000853
18.500000, 429.340220, 819.554048, 96.574100, 0.169373, 0.985552, 0.000854
18.510000, 429.787193, 820.410640, 96.619568, 0.169365, 0.985553, 0.000855
18.520000, 430.234371, 821.267637, 96.665027, 0.169356, 0.985555, 0.000856
18.530000, 430.681756, 822.125039, 96.710478, 0.169348, 0.985556, 0.000858
18.540000, 431.129347, 822.982846, 96.755919, 0.169340, 0.985558, 0.000859
18.550000, 431.577144, 823.841059, 96.801351, 0.169331, 0.985559, 0.000860
18.560000, 432.025146, 824.699676, 96.846773, 0.169323, 0.985561, 0.000861
18.570000, 432.473354, 825.558698, 96.892186, 0.169314, 0.985562, 0.000862
18.580000, 432.921768, 826.418125, 96.937591, 0.169306, 0.985564, 0.000863
18.590000, 433.370387, 827.277957, 96.982986, 0.169297, 0.985565, 0.000865
18.600000, 433.819212, 828.138193, 97.028373, 0.169288, 0.985567, 0.000866
18.610000, 434.268243, 828.998834, 97.073751, 0.169280, 0.985568, 0.000867
18.620000, 434.717479, 829.859880, 97.119118, 0.169271, 0.985569, 0.000868
18.630000, 435.166920, 830.721330, 97.164477, 0.169263, 0.985571, 0.000869
18.640000, 435.616567, 831.583184, 97.209826, 0.169254, 0.985572, 0.000870
18.650000, 436.066419, 832.445442, 97.255167, 0.169246, 0.985574, 0.000872
18.660000, 436.516476, 833.308105, 97.300498, 0.169237, 0.985575, 0.000873
18.670000, 436.966739, 834.171172, 97.345821, 0.169228, 0.985577, 0.000874
18.680000, 437.417207, 835.034643, 97.391135, 0.169220, 0.985578, 0.000875
18.690000, 437.867879, 835.898518, 97.436439, 0.169211, 0.985580, 0.000876
18.700000, 438.318757, 836.762797, 97.481734, 0.169203, 0.985581, 0.000877
18.710000, 438.769840, 837.627480, 97.527019, 0.169194, 0.985583, 0.000879
18.720000, 439.221128, 838.492566, 97.572296, 0.169185, 0.985584, 0.000880
18.730000, 439.672620, 839.358056, 97.617564, 0.169177, 0.985586, 0.000881
18.740000, 440.124318, 840.223950, 97.662822, 0.169168, 0.985587, 0.000882
18.750000, 440.576220, 841.090248, 97.708072, 0.169159, 0.985589, 0.000883
18.760000, 441.028327, 841.956948, 97.753313, 0.169150, 0.985590, 0.000885
18.770000, 441.480639, 842.824053, 97.798543, 0.169142, 0.985592, 0.000886
18.780000, 441.933155, 843.691560, 97.843765, 0.169133, 0.985593, 0.000887
18.790000, 442.385876, 844.559471, 97.888978, 0.169124, 0.985595, 0.000888
18.800000, 442.838802, 845.427785, 97.934181, 0.169115, 0.985596, 0.000889
18.810000, 443.291931, 846.296502, 97.979376, 0.169107, 0.985598, 0.000890
18.820000, 443.745266, 847.165622, 98.024562, 0.169098, 0.985599, 0.000892
18.830000, 444.198804, 848.035144, 98.069738, 0.169089, 0.985601, 0.000893
18.840000, 444.652547, 848.905070, 98.114906, 0.169080, 0.985602, 0.000894
18.850000, 445.106494, 849.775399, 98.160063, 0.169071, 0.985604, 0.000895
18.860000, 445.560646, 850.646130, 98.205212, 0.169063, 0.985605, 0.000896
18.870000, 446.015001, 851.517264, 98.250351, 0.169054, 0.985607, 0.000898
18.880000, 446.469561, 852.388800, 98.295482, 0.169045, 0.985608, 0.000899
18.890000, 446.924325, 853.260739, 98.340604, 0.169036, 0.985610, 0.000900
18.900000, 447.379292, 854.133080, 98.385716, 0.169027, 0.985611, 0.000901
18.910000, 447.834464, 855.005824, 98.430820, 0.169018, 0.985613, 0.000902
18.920000, 448.289839, 855.878970, 98.475914, 0.169009, 0.985614, 0.000903
18.930000, 448.745419, 856.752518, 98.520999, 0.169000, 0.985616, 0.000905
18.940000, 449.201202, 857.626468, 98.566074, 0.168991, 0.985618, 0.000906
18.950000, 449.657188, 858.500820, 98.611141, 0.168983, 0.985619, 0.000907
18.960000, 450.113379, 859.375575, 98.656198, 0.168974, 0.985621, 0.000908
18.970000, 450.569773, 860.250731, 98.701246, 0.168965, 0.985622, 0.000909
18.980000, 451.026371, 861.126288, 98.746286, 0.168956, 0.985624, 0.000911
18.990000, 451.483172, 862.002248, 98.791316, 0.168947, 0.985625, 0.000912
19.000000, 451.940176, 862.878609, 98.836338, 0.168938, 0.985627, 0.000913
19.010000, 452.397384, 863.755372, 98.881349, 0.168929, 0.985628, 0.000914
19.020000, 452.854796, 864.632536, 98.926351, 0.168920, 0.985630, 0.000915
19.030000, 453.312410, 865.510102, 98.971344, 0.168911, 0.985631, 0.000917
19.040000, 453.770228, 866.388069, 99.016329, 0.168902, 0.985633, 0.000918
19.050000, 454.228249, 867.266437, 99.061304, 0.168892, 0.985634, 0.000919
19.060000, 454.686473, 868.145207, 99.106270, 0.168883, 0.985636, 0.000920
19.070000, 455.144901, 869.024378, 99.151227, 0.168874, 0.985638, 0.000921
19.080000, 455.603531, 869.903949, 99.196175, 0.168865, 0.985639, 0.000923
19.090000, 456.062364, 870.783922, 99.241113, 0.168856, 0.985641, 0.000924
19.100000, 456.521400, 871.664295, 99.286042, 0.168847, 0.985642, 0.000925
19.110000, 456.980639, 872.545070, 99.330962, 0.168838, 0.985644, 0.000926
19.120000, 457.440081, 873.426245, 99.375873, 0.168829, 0.985645, 0.000927
19.130000, 457.899726, 874.307821, 99.420775, 0.168820, 0.985647, 0.000929
19.140000, 458.359573, 875.189797, 99.465668, 0.168810, 0.985649, 0.000930
19.150000, 458.819623, 876.072174, 99.510552, 0.168801, 0.985650, 0.000931
19.160000, 459.279876, 876.954951, 99.555427, 0.168792, 0.985652, 0.000932
19.170000, 459.740331, 877.838129, 99.600291, 0.168783, 0.985653, 0.000933
19.180000, 460.200988, 878.721707, 99.645147, 0.168774, 0.985655, 0.000935
19.190000, 460.661848, 879.605685, 99.689993, 0.168764, 0.985656, 0.000936
19.200000, 461.122911, 880.490064, 99.734831, 0.168755, 0.985658, 0.000937
19.210000, 461.584175, 881.374842, 99.779659, 0.168746, 0.985660, 0.000938
19.220000, 462.045642, 882.260021, 99.824479, 0.168737, 0.985661, 0.000940
19.230000, 462.507312, 883.145599, 99.869289, 0.168727, 0.985663, 0.000941
19.240000, 462.969183, 884.031577, 99.914091, 0.168718, 0.985664, 0.000942
19.250000, 463.431257, 884.917955, 99.958883, 0.168709, 0.985666, 0.000943
19.260000, 463.893532, 885.804733, 100.003666, 0.168700, 0.985668, 0.000944
19.270000, 464.356010, 886.691910, 100.048439, 0.168690, 0.985669, 0.000946
19.280000, 464.818689, 887.579487, 100.093203, 0.168681, 0.985671, 0.000947
19.290000, 465.281571, 888.467463, 100.137958, 0.168672, 0.985672, 0.000948
19.300000, 465.744654, 889.355839, 100.182704, 0.168662, 0.985674, 0.000949
19.310000, 466.207939, 890.244614, 100.227441, 0.168653, 0.985676, 0.000950
19.320000, 466.671426, 891.133788, 100.272169, 0.168643, 0.985677, 0.000952
19.330000, 467.135114, 892.023361, 100.316888, 0.168634, 0.985679, 0.000953
19.340000, 467.599005, 892.913334, 100.361598, 0.168625, 0.985680, 0.000954
19.350000, 468.063096, 893.803705, 100.406298, 0.168615, 0.985682, 0.000955
19.360000, 468.527389, 894.694476, 100.450989, 0.168606, 0.985684, 0.000957
19.370000, 468.991884, 895.585645, 100.495670, 0.168596, 0.985685, 0.000958
19.380000, 469.456580, 896.477213, 100.540343, 0.168587, 0.985687, 0.000959
19.390000, 469.921478, 897.369180, 100.585006, 0.168577, 0.985688, 0.000960
19.400000, 470.386576, 898.261545, 100.629661, 0.168568, 0.985690, 0.000962
19.410000, 470.851876, 899.154309, 100.674306, 0.168558, 0.985692, 0.000963
19.420000, 471.317378, 900.047472, 100.718943, 0.168549, 0.985693, 0.000964
19.430000, 471.783080, 900.941032, 100.763570, 0.168539, 0.985695, 0.000965
19.440000, 472.248983, 901.834992, 100.808187, 0.168530, 0.985697, 0.000966
19.450000, 472.715088, 902.729349, 100.852795, 0.168520, 0.985698, 0.000968
19.460000, 473.181393, 903.624105, 100.897394, 0.168511, 0.985700, 0.000969
19.470000, 473.647900, 904.519258, 100.941984, 0.168501, 0.985701, 0.000970
19.480000, 474.114607, 905.414810, 100.986565, 0.168492, 0.985703, 0.000971
19.490000, 474.581515, 906.310760, 101.031137, 0.168482, 0.985705, 0.000973
19.500000, 475.048624, 907.207108, 101.075700, 0.168472, 0.985706, 0.000974
19.510000, 475.515933, 908.103853, 101.120254, 0.168463, 0.985708, 0.000975
19.520000, 475.983444, 909.000996, 101.164799, 0.168453, 0.985710, 0.000976
19.530000, 476.451155, 909.898537, 101.209335, 0.168444, 0.985711, 0.000978
19.540000, 476.919066, 910.796475, 101.253860, 0.168434, 0.985713, 0.000979
19.550000, 477.387178, 911.694811, 101.298376, 0.168424, 0.985715, 0.000980
19.560000, 477.855490, 912.593545, 101.342884, 0.168415, 0.985716, 0.000981
19.570000, 478.324003, 913.492675, 101.387382, 0.168405, 0.985718, 0.000982
19.580000, 478.792716, 914.392203, 101.431871, 0.168395, 0.985720, 0.000984
19.590000, 479.261629, 915.292129, 101.476351, 0.168386, 0.985721, 0.000985
19.600000, 479.730742, 916.192451, 101.520822, 0.168376, 0.985723, 0.000986
19.610000, 480.200056, 917.093170, 101.565285, 0.168366, 0.985725, 0.000987
19.620000, 480.669570, 917.994287, 101.609738, 0.168356, 0.985726, 0.000989
19.630000, 481.139284, 918.895800, 101.654180, 0.168347, 0.985728, 0.000990
19.640000, 481.609198, 919.797710, 101.698614, 0.168337, 0.985730, 0.000991
19.650000, 482.079311, 920.700017, 101.743038, 0.168327, 0.985731, 0.000992
19.660000, 482.549625, 921.602720, 101.787454, 0.168317, 0.985733, 0.000994
19.670000, 483.020139, 922.505820, 101.831860, 0.168307, 0.985735, 0.000995
19.680000, 483.490852, 923.409317, 101.876258, 0.168298, 0.985736, 0.000996
19.690000, 483.961765, 924.313210, 101.920646, 0.168288, 0.985738, 0.000997
19.700000, 484.432878, 925.217500, 101.965025, 0.168278, 0.985740, 0.000999
19.710000, 484.904190, 926.122185, 102.009396, 0.168268, 0.985741, 0.001000
19.720000, 485.375702, 927.027267, 102.053757, 0.168258, 0.985743, 0.001001
19.730000, 485.847413, 927.932745, 102.098109, 0.168248, 0.985745, 0.001002
19.740000, 486.319324, 928.838620, 102.142451, 0.168238, 0.985746, 0.001004
19.750000, 486.791434, 929.744890, 102.186783, 0.168229, 0.985748, 0.001005
19.760000, 487.263744, 930.651556, 102.231107, 0.168219, 0.985750, 0.001006
19.770000, 487.736253, 931.558618, 102.275421, 0.168209, 0.985751, 0.001007
19.780000, 488.208961, 932.466076, 102.319727, 0.168199, 0.985753, 0.001009
19.790000, 488.681869, 933.373929, 102.364023, 0.168189, 0.985755, 0.001010
19.800000, 489.154975, 934.282179, 102.408311, 0.168179, 0.985757, 0.001011
19.810000, 489.628281, 935.190823, 102.452589, 0.168169, 0.985758, 0.001012
19.820000, 490.101785, 936.099863, 102.496858, 0.168159, 0.985760, 0.001014
19.830000, 490.575489, 937.009299, 102.541119, 0.168149, 0.985762, 0.001015
19.840000, 491.049391, 937.919130, 102.585370, 0.168139, 0.985763, 0.001016
19.850000, 491.523493, 938.829356, 102.629610, 0.168129, 0.985765, 0.001017
19.860000, 491.997793, 939.739977, 102.673842, 0.168119, 0.985767, 0.001019
19.870000, 492.472292, 940.650994, 102.718065, 0.168109, 0.985768, 0.001020
19.880000, 492.946989, 941.562405, 102.762278, 0.168099, 0.985770, 0.001021
19.890000, 493.421885, 942.474212, 102.806482, 0.168089, 0.985772, 0.001023
19.900000, 493.896980, 943.386413, 102.850678, 0.168078, 0.985774, 0.001024
19.910000, 494.372273, 944.299009, 102.894864, 0.168068, 0.985775, 0.001025
19.920000, 494.847765, 945.212000, 102.939041, 0.168058, 0.985777, 0.001026
19.930000, 495.323455, 946.125385, 102.983209, 0.168048, 0.985779, 0.001028
19.940000, 495.799344, 947.039165, 103.027369, 0.168038, 0.985781, 0.001029
19.950000, 496.275431, 947.953340, 103.071519, 0.168028, 0.985782, 0.001030
19.960000, 496.751716, 948.867909, 103.115658, 0.168018, 0.985784, 0.001031
19.970000, 497.228199, 949.782872, 103.159789, 0.168007, 0.985786, 0.001033
19.980000, 497.704881, 950.698229, 103.203910, 0.167997, 0.985787, 0.001034
19.990000, 498.181761, 951.613981, 103.248022, 0.167987, 0.985789, 0.001035
20.000000, 498.658838, 952.530127, 103.292126, 0.167977, 0.985791, 0.001036
20.010000, 499.136114, 953.446667, 103.336220, 0.167967, 0.985793, 0.001038
20.020000, 499.613587, 954.363601, 103.380305, 0.167956, 0.985794, 0.001039
20.030000, 500.091259, 955.280929, 103.424381, 0.167946, 0.985796, 0.001040
20.040000, 500.569128, 956.198650, 103.468448, 0.167936, 0.985798, 0.001042
20.050000, 501.047195, 957.116766, 103.512506, 0.167926, 0.985800, 0.001043
20.060000, 501.525459, 958.035275, 103.556555, 0.167915, 0.985801, 0.001044
20.070000, 502.003922, 958.954177, 103.600594, 0.167905, 0.985803, 0.001045
20.080000, 502.482582, 959.873474, 103.644624, 0.167895, 0.985805, 0.001047
20.090000, 502.961439, 960.793163, 103.688644, 0.167884, 0.985807, 0.001048
20.100000, 503.440494, 961.713246, 103.732655, 0.167874, 0.985808, 0.001049
20.110000, 503.919747, 962.633723, 103.776657, 0.167864, 0.985810, 0.001050
20.120000, 504.399196, 963.554592, 103.820650, 0.167853, 0.985812, 0.001052
20.130000, 504.878843, 964.475855, 103.864634, 0.167843, 0.985814, 0.001053
20.140000, 505.358688, 965.397510, 103.908609, 0.167832, 0.985816, 0.001054
20.150000, 505.838729, 966.319559, 103.952574, 0.167822, 0.985817, 0.001056
20.160000, 506.318968, 967.242001, 103.996531, 0.167812, 0.985819, 0.001057
20.170000, 506.799404, 968.164835, 104.040479, 0.167801, 0.985821, 0.001058
20.180000, 507.280037, 969.088063, 104.084417, 0.167791, 0.985823, 0.001059
20.190000, 507.760866, 970.011683, 104.128346, 0.167780, 0.985824, 0.001061
20.200000, 508.241893, 970.935695, 104.172267, 0.167770, 0.985826, 0.001062
20.210000, 508.723117, 971.860101, 104.216176, 0.167759, 0.985828, 0.001063
20.220000, 509.204537, 972.784898, 104.260077, 0.167749, 0.985830, 0.001065
20.230000, 509.686154, 973.710088, 104.303969, 0.167738, 0.985832, 0.001066
20.240000, 510.167968, 974.635671, 104.347851, 0.167728, 0.985833, 0.001067
20.250000, 510.649979, 975.561645, 104.391725, 0.167717, 0.985835, 0.001068
20.260000, 511.132186, 976.488012, 104.435589, 0.167707, 0.985837, 0.001070
20.270000, 511.614590, 977.414771, 104.479444, 0.167696, 0.985839, 0.001071
20.280000, 512.097190, 978.341922, 104.523290, 0.167686, 0.985841, 0.001072
20.290000, 512.579987, 979.269465, 104.567127, 0.167675, 0.985842, 0.001074
20.300000, 513.062980, 980.197399, 104.610955, 0.167664, 0.985844, 0.001075
20.310000, 513.546169, 981.125726, 104.654774, 0.167654, 0.985846, 0.001076
20.320000, 514.029555, 982.054444, 104.698584, 0.167643, 0.985848, 0.001078
20.330000, 514.513137, 982.983554, 104.742385, 0.167633, 0.985850, 0.001079
20.340000, 514.996915, 983.913056, 104.786175, 0.167622, 0.985851, 0.001080
20.350000, 515.480889, 984.842949, 104.829956, 0.167611, 0.985853, 0.001081
20.360000, 515.965059, 985.773233, 104.873728, 0.167601, 0.985855, 0.001083
20.370000, 516.449425, 986.703909, 104.917491, 0.167590, 0.985857, 0.001084
20.380000, 516.933987, 987.634976, 104.961245, 0.167579, 0.985859, 0.001085
20.390000, 517.418745, 988.566434, 105.004989, 0.167569, 0.985860, 0.001087
20.400000, 517.903699, 989.498284, 105.048725, 0.167558, 0.985862, 0.001088
20.410000, 518.388849, 990.430524, 105.092451, 0.167547, 0.985864, 0.001089
20.420000, 518.874194, 991.363156, 105.136169, 0.167536, 0.985866, 0.001090
20.430000, 519.359735, 992.296178, 105.179877, 0.167526, 0.985868, 0.001092
20.440000, 519.845471, 993.229591, 105.223576, 0.167515, 0.985870, 0.001093
20.450000, 520.331403, 994.163395, 105.267266, 0.167504, 0.985871, 0.001094
20.460000, 520.817531, 995.097590, 105.310947, 0.167493, 0.985873, 0.001096
20.470000, 521.303854, 996.032175, 105.354619, 0.167482, 0.985875, 0.001097
20.480000, 521.790372, 996.967151, 105.398282, 0.167472, 0.985877, 0.001098
20.490000, 522.277086, 997.902517, 105.441934, 0.167461, 0.985879, 0.001100
20.500000, 522.763995, 998.838273, 105.485577, 0.167450, 0.985881, 0.001101
20.510000, 523.251099, 999.774420, 105.529211, 0.167439, 0.985882, 0.001102
20.520000, 523.738399, 1000.710957, 105.572836, 0.167428, 0.985884, 0.001104
20.530000, 524.225893, 1001.647884, 105.616452, 0.167417, 0.985886, 0.001105
20.540000, 524.713583, 1002.585202, 105.660059, 0.167406, 0.985888, 0.001106
20.550000, 525.201467, 1003.522909, 105.703656, 0.167395, 0.985890, 0.001107
20.560000, 525.689547, 1004.461006, 105.747245, 0.167384, 0.985892, 0.001109
20.570000, 526.177821, 1005.399494, 105.790824, 0.167373, 0.985894, 0.001110
20.580000, 526.666290, 1006.338370, 105.834395, 0.167363, 0.985895, 0.001111
20.590000, 527.154954, 1007.277637, 105.877956, 0.167352, 0.985897, 0.001113
20.600000, 527.643812, 1008.217293, 105.921508, 0.167341, 0.985899, 0.001114
20.610000, 528.132866, 1009.157339, 105.965051, 0.167330, 0.985901, 0.001115
20.620000, 528.622113, 1010.097774, 106.008585, 0.167319, 0.985903, 0.001117
20.630000, 529.111556, 1011.038599, 106.052109, 0.167308, 0.985905, 0.001118
20.640000, 529.601193, 1011.979813, 106.095625, 0.167297, 0.985907, 0.001119
20.650000, 530.091024, 1012.921416, 106.139130, 0.167285, 0.985909, 0.001121
20.660000, 530.581050, 1013.863409, 106.182626, 0.167274, 0.985910, 0.001122
20.670000, 531.071270, 1014.805791, 106.226113, 0.167263, 0.985912, 0.001123
20.680000, 531.561684, 1015.748561, 106.269591, 0.167252, 0.985914, 0.001125
20.690000, 532.052293, 1016.691721, 106.313059, 0.167241, 0.985916, 0.001126
20.700000, 532.543095, 1017.635269, 106.356519, 0.167230, 0.985918, 0.001127
20.710000, 533.034092, 1018.579206, 106.399969, 0.167219, 0.985920, 0.001129
20.720000, 533.525283, 1019.523532, 106.443411, 0.167208, 0.985922, 0.001130
20.730000, 534.016667, 1020.468247, 106.486843, 0.167197, 0.985924, 0.001131
20.740000, 534.508246, 1021.413350, 106.530266, 0.167185, 0.985925, 0.001132
20.750000, 535.000019, 1022.358842, 106.573680, 0.167174, 0.985927, 0.001134
20.760000, 535.491985, 1023.304722, 106.617085, 0.167163, 0.985929, 0.001135
20.770000, 535.984145, 1024.250991, 106.660480, 0.167152, 0.985931, 0.001136
20.780000, 536.476499, 1025.197648, 106.703867, 0.167141, 0.985933, 0.001138
20.790000, 536.969046, 1026.144693, 106.747244, 0.167129, 0.985935, 0.001139
20.800000, 537.461787, 1027.092126, 106.790613, 0.167118, 0.985937, 0.001140
20.810000, 537.954722, 1028.039947, 106.833972, 0.167107, 0.985939, 0.001142
20.820000, 538.447850, 1028.988157, 106.877322, 0.167096, 0.985941, 0.001143
20.830000, 538.941171, 1029.936754, 106.920662, 0.167084, 0.985943, 0.001144
20.840000, 539.434686, 1030.885739, 106.963992, 0.167073, 0.985945, 0.001146
20.850000, 539.928394, 1031.835112, 107.007314, 0.167062, 0.985946, 0.001147
20.860000, 540.422296, 1032.784872, 107.050626, 0.167050, 0.985948, 0.001148
20.870000, 540.916390, 1033.735021, 107.093929, 0.167039, 0.985950, 0.001150
20.880000, 541.410678, 1034.685556, 107.137223, 0.167028, 0.985952, 0.001151
20.890000, 541.905159, 1035.636479, 107.180508, 0.167016, 0.985954, 0.001152
20.900000, 542.399833, 1036.587790, 107.223783, 0.167005, 0.985956, 0.001154
20.910000, 542.894700, 1037.539488, 107.267050, 0.166994, 0.985958, 0.001155
20.920000, 543.389759, 1038.491573, 107.310307, 0.166982, 0.985960, 0.001156
20.930000, 543.885012, 1039.444045, 107.353556, 0.166971, 0.985962, 0.001158
20.940000, 544.380457, 1040.396905, 107.396795, 0.166959, 0.985964, 0.001159
20.950000, 544.876096, 1041.350151, 107.440025, 0.166948, 0.985966, 0.001160
20.960000, 545.371926, 1042.303784, 107.483246, 0.166936, 0.985968, 0.001162
20.970000, 545.867950, 1043.257805, 107.526458, 0.166925, 0.985970, 0.001163
20.980000, 546.364166, 1044.212212, 107.569660, 0.166914, 0.985972, 0.001164
20.990000, 546.860575, 1045.167005, 107.612854, 0.166902, 0.985973, 0.001166
21.000000, 547.357176, 1046.122186, 107.656038, 0.166891, 0.985975, 0.001167
21.010000, 547.853969, 1047.077753, 107.699214, 0.166879, 0.985977, 0.001168
21.020000, 548.350955, 1048.033706, 107.742380, 0.166867, 0.985979, 0.001170
21.030000, 548.848133, 1048.990046, 107.785537, 0.166856, 0.985981, 0.001171
21.040000, 549.345503, 1049.946773, 107.828684, 0.166844, 0.985983, 0.001172
21.050000, 549.843066, 1050.903885, 107.871821, 0.166833, 0.985985, 0.001174
21.060000, 550.340821, 1051.861384, 107.914949, 0.166821, 0.985987, 0.001175
21.070000, 550.838767, 1052.819269, 107.958068, 0.166810, 0.985989, 0.001177
21.080000, 551.336906, 1053.777540, 108.001178, 0.166798, 0.985991, 0.001178
21.090000, 551.835237, 1054.736197, 108.044279, 0.166786, 0.985993, 0.001179
21.100000, 552.333759, 1055.695240, 108.087371, 0.166775, 0.985995, 0.001181
21.110000, 552.832474, 1056.654668, 108.130453, 0.166763, 0.985997, 0.001182
21.120000, 553.331380, 1057.614483, 108.173527, 0.166751, 0.985999, 0.001183
21.130000, 553.830478, 1058.574683, 108.216591, 0.166740, 0.986001, 0.001185
21.140000, 554.329767, 1059.535269, 108.259646, 0.166728, 0.986003, 0.001186
21.150000, 554.829249, 1060.496240, 108.302692, 0.166716, 0.986005, 0.001187
21.160000, 555.328921, 1061.457597, 108.345729, 0.166705, 0.986007, 0.001189
21.170000, 555.828786, 1062.419339, 108.388757, 0.166693, 0.986009, 0.001190
21.180000, 556.328841, 1063.381467, 108.431776, 0.166681, 0.986011, 0.001191
21.190000, 556.829089, 1064.343979, 108.474785, 0.166669, 0.986013, 0.001193
21.200000, 557.329527, 1065.306877, 108.517786, 0.166658, 0.986015, 0.001194
21.210000, 557.830157, 1066.270160, 108.560777, 0.166646, 0.986017, 0.001195
21.220000, 558.330978, 1067.233828, 108.603759, 0.166634, 0.986019, 0.001197
21.230000, 558.831990, 1068.197881, 108.646732, 0.166622, 0.986021, 0.001198
21.240000, 559.333193, 1069.162319, 108.689696, 0.166610, 0.986023, 0.001200
21.250000, 559.834587, 1070.127142, 108.732651, 0.166599, 0.986025, 0.001201
21.260000, 560.336173, 1071.092349, 108.775596, 0.166587, 0.986027, 0.001202
21.270000, 560.837949, 1072.057941, 108.818533, 0.166575, 0.986029, 0.001204
21.280000, 561.339916, 1073.023918, 108.861460, 0.166563, 0.986031, 0.001205
21.290000, 561.842074, 1073.990279, 108.904378, 0.166551, 0.986033, 0.001206
21.300000, 562.344422, 1074.957024, 108.947286, 0.166539, 0.986035, 0.001208
21.310000, 562.846962, 1075.924154, 108.990184, 0.166527, 0.986037, 0.001209
21.320000, 563.349692, 1076.891668, 109.033074, 0.166515, 0.986039, 0.001210
21.330000, 563.852612, 1077.859567, 109.075954, 0.166503, 0.986041, 0.001212
21.340000, 564.355724, 1078.827849, 109.118825, 0.166491, 0.986043, 0.001213
21.350000, 564.859025, 1079.796516, 109.161687, 0.166479, 0.986045, 0.001214
21.360000, 565.362517, 1080.765566, 109.204539, 0.166467, 0.986047, 0.001216
21.370000, 565.866200, 1081.735000, 109.247383, 0.166455, 0.986049, 0.001217
21.380000, 566.370072, 1082.704819, 109.290217, 0.166443, 0.986051, 0.001219
21.390000, 566.874135, 1083.675021, 109.333043, 0.166431, 0.986053, 0.001220
21.400000, 567.378389, 1084.645606, 109.375859, 0.166419, 0.986055, 0.001221
21.410000, 567.882832, 1085.616576, 109.418666, 0.166407, 0.986057, 0.001223
21.420000, 568.387465, 1086.587929, 109.461464, 0.166395, 0.986059, 0.001224
21.430000, 568.892289, 1087.559665, 109.504253, 0.166383, 0.986061, 0.001225
21.440000, 569.397302, 1088.531785, 109.547032, 0.166371, 0.986063, 0.001227
21.450000, 569.902505, 1089.504288, 109.589803, 0.166359, 0.986065, 0.001228
21.460000, 570.407899, 1090.477174, 109.632564, 0.166347, 0.986067, 0.001230
21.470000, 570.913481, 1091.450443, 109.675316, 0.166335, 0.986069, 0.001231
21.480000, 571.419254, 1092.424096, 109.718059, 0.166322, 0.986071, 0.001232
21.490000, 571.925217, 1093.398131, 109.760793, 0.166310, 0.986073, 0.001234
21.500000, 572.431369, 1094.372550, 109.803518, 0.166298, 0.986076, 0.001235
21.510000, 572.937710, 1095.347351, 109.846234, 0.166286, 0.986078, 0.001236
21.520000, 573.444241, 1096.322535, 109.888940, 0.166274, 0.986080, 0.001238
21.530000, 573.950962, 1097.298102, 109.931638, 0.166262, 0.986082, 0.001239
21.540000, 574.457872, 1098.274052, 109.974326, 0.166249, 0.986084, 0.001241
21.550000, 574.964971, 1099.250384, 110.017005, 0.166237, 0.986086, 0.001242
21.560000, 575.472259, 1100.227099, 110.059675, 0.166225, 0.986088, 0.001243
21.570000, 575.979737, 1101.204196, 110.102336, 0.166212, 0.986090, 0.001245
21.580000, 576.487404, 1102.181675, 110.144987, 0.166200, 0.986092, 0.001246
21.590000, 576.995260, 1103.159537, 110.187630, 0.166188, 0.986094, 0.001247
21.600000, 577.503305, 1104.137781, 110.230263, 0.166176, 0.986096, 0.001249
21.610000, 578.011539, 1105.116407, 110.272888, 0.166163, 0.986098, 0.001250
21.620000, 578.519963, 1106.095415, 110.315503, 0.166151, 0.986100, 0.001252
21.630000, 579.028574, 1107.074805, 110.358109, 0.166139, 0.986102, 0.001253
21.640000, 579.537375, 1108.054577, 110.400705, 0.166126, 0.986105, 0.001254
21.650000, 580.046365, 1109.034731, 110.443293, 0.166114, 0.986107, 0.001256
21.660000, 580.555543, 1110.015267, 110.485872, 0.166101, 0.986109, 0.001257
21.670000, 581.064910, 1110.996185, 110.528441, 0.166089, 0.986111, 0.001259
21.680000, 581.574465, 1111.977484, 110.571000, 0.166077, 0.986113, 0.001260
21.690000, 582.084209, 1112.959164, 110.613549, 0.166064, 0.986115, 0.001261
21.700000, 582.594142, 1113.941226, 110.656090, 0.166052, 0.986117, 0.001263
21.710000, 583.104263, 1114.923670, 110.698621, 0.166039, 0.986119, 0.001264
21.720000, 583.614572, 1115.906494, 110.741143, 0.166027, 0.986121, 0.001265
21.730000, 584.125070, 1116.889700, 110.783656, 0.166014, 0.986123, 0.001267
21.740000, 584.635756, 1117.873288, 110.826160, 0.166002, 0.986125, 0.001268
21.750000, 585.146630, 1118.857256, 110.868655, 0.165989, 0.986128, 0.001270
21.760000, 585.657692, 1119.841605, 110.911140, 0.165977, 0.986130, 0.001271
21.770000, 586.168942, 1120.826335, 110.953616, 0.165964, 0.986132, 0.001272
21.780000, 586.680380, 1121.811447, 110.996084, 0.165952, 0.986134, 0.001274
21.790000, 587.192006, 1122.796939, 111.038542, 0.165939, 0.986136, 0.001275
21.800000, 587.703821, 1123.782811, 111.080991, 0.165926, 0.986138, 0.001277
21.810000, 588.215823, 1124.769065, 111.123431, 0.165914, 0.986140, 0.001278
21.820000, 588.728012, 1125.755699, 111.165861, 0.165901, 0.986142, 0.001279
21.830000, 589.240390, 1126.742713, 111.208283, 0.165889, 0.986145, 0.001281
21.840000, 589.752955, 1127.730108, 111.250695, 0.165876, 0.986147, 0.001282
21.850000, 590.265708, 1128.717883, 111.293098, 0.165863, 0.986149, 0.001284
21.860000, 590.778648, 1129.706039, 111.335493, 0.165851, 0.986151, 0.001285
21.870000, 591.291776, 1130.694575, 111.377877, 0.165838, 0.986153, 0.001286
21.880000, 591.805091, 1131.683490, 111.420253, 0.165825, 0.986155, 0.001288
21.890000, 592.318594, 1132.672786, 111.462620, 0.165812, 0.986157, 0.001289
21.900000, 592.832284, 1133.662462, 111.504977, 0.165800, 0.986159, 0.001291
21.910000, 593.346161, 1134.652518, 111.547326, 0.165787, 0.986162, 0.001292
21.920000, 593.860226, 1135.642954, 111.589665, 0.165774, 0.986164, 0.001293
21.930000, 594.374477, 1136.633770, 111.631995, 0.165762, 0.986166, 0.001295
21.940000, 594.888916, 1137.624965, 111.674316, 0.165749, 0.986168, 0.001296
21.950000, 595.403542, 1138.616540, 111.716628, 0.165736, 0.986170, 0.001298
21.960000, 595.918354, 1139.608494, 111.758930, 0.165723, 0.986172, 0.001299
21.970000, 596.433354, 1140.600828, 111.801224, 0.165710, 0.986174, 0.001300
21.980000, 596.948541, 1141.593542, 111.843508, 0.165697, 0.986177, 0.001302
21.990000, 597.463914, 1142.586635, 111.885783, 0.165685, 0.986179, 0.001303
22.000000, 597.979474, 1143.580107, 111.928049, 0.165672, 0.986181, 0.001305
22.010000, 598.495221, 1144.573958, 111.970306, 0.165659, 0.986183, 0.001306
22.020000, 599.011154, 1145.568188, 112.012554, 0.165646, 0.986185, 0.001307
22.030000, 599.527274, 1146.562797, 112.054793, 0.165633, 0.986187, 0.001309
22.040000, 600.043581, 1147.557786, 112.097022, 0.165620, 0.986190, 0.001310
22.050000, 600.560074, 1148.553153, 112.139242, 0.165607, 0.986192, 0.001312
22.060000, 601.076753, 1149.548899, 112.181453, 0.165594, 0.986194, 0.001313
22.070000, 601.593619, 1150.545024, 112.223655, 0.165581, 0.986196, 0.001315
22.080000, 602.110671, 1151.541528, 112.265848, 0.165568, 0.986198, 0.001316
22.090000, 602.627909, 1152.538410, 112.308032, 0.165555, 0.986201, 0.001317
22.100000, 603.145333, 1153.535670, 112.350206, 0.165542, 0.986203, 0.001319
22.110000, 603.662944, 1154.533309, 112.392372, 0.165529, 0.986205, 0.001320
22.120000, 604.180741, 1155.531327, 112.434528, 0.165516, 0.986207, 0.001322
22.130000, 604.698723, 1156.529723, 112.476675, 0.165503, 0.986209, 0.001323
22.140000, 605.216892, 1157.528497, 112.518813, 0.165490, 0.986211, 0.001324
22.150000, 605.735246, 1158.527649, 112.560942, 0.165477, 0.986214, 0.001326
22.160000, 606.253786, 1159.527180, 112.603062, 0.165464, 0.986216, 0.001327
22.170000, 606.772512, 1160.527088, 112.645172, 0.165451, 0.986218, 0.001329
22.180000, 607.291424, 1161.527374, 112.687274, 0.165438, 0.986220, 0.001330
22.190000, 607.810521, 1162.528039, 112.729366, 0.165425, 0.986222, 0.001332
22.200000, 608.329804, 1163.529081, 112.771449, 0.165411, 0.986225, 0.001333
22.210000, 608.849273, 1164.530500, 112.813523, 0.165398, 0.986227, 0.001334
22.220000, 609.368927, 1165.532298, 112.855588, 0.165385, 0.986229, 0.001336
22.230000, 609.888766, 1166.534473, 112.897643, 0.165372, 0.986231, 0.001337
22.240000, 610.408791, 1167.537025, 112.939690, 0.165359, 0.986233, 0.001339
22.250000, 610.929001, 1168.539955, 112.981727, 0.165346, 0.986236, 0.001340
22.260000, 611.449396, 1169.543263, 113.023755, 0.165332, 0.986238, 0.001341
22.270000, 611.969977, 1170.546948, 113.065774, 0.165319, 0.986240, 0.001343
22.280000, 612.490742, 1171.551009, 113.107784, 0.165306, 0.986242, 0.001344
22.290000, 613.011693, 1172.555448, 113.149785, 0.165293, 0.986245, 0.001346
22.300000, 613.532829, 1173.560265, 113.191776, 0.165279, 0.986247, 0.001347
22.310000, 614.054149, 1174.565458, 113.233759, 0.165266, 0.986249, 0.001349
22.320000, 614.575655, 1175.571028, 113.275732, 0.165253, 0.986251, 0.001350
22.330000, 615.097345, 1176.576975, 113.317696, 0.165239, 0.986254, 0.001351
22.340000, 615.619220, 1177.583298, 113.359651, 0.165226, 0.986256, 0.001353
22.350000, 616.141280, 1178.589999, 113.401597, 0.165213, 0.986258, 0.001354
22.360000, 616.663525, 1179.597076, 113.443534, 0.165199, 0.986260, 0.001356
22.370000, 617.185954, 1180.604529, 113.485461, 0.165186, 0.986262, 0.001357
22.380000, 617.708568, 1181.612360, 113.527380, 0.165172, 0.986265, 0.001359
22.390000, 618.231366, 1182.620566, 113.569289, 0.165159, 0.986267, 0.001360
22.400000, 618.754348, 1183.629149, 113.611189, 0.165146, 0.986269, 0.001361
22.410000, 619.277515, 1184.638108, 113.653080, 0.165132, 0.986271, 0.001363
22.420000, 619.800866, 1185.647443, 113.694962, 0.165119, 0.986274, 0.001364
22.430000, 620.324402, 1186.657155, 113.736834, 0.165105, 0.986276, 0.001366
22.440000, 620.848122, 1187.667243, 113.778698, 0.165092, 0.986278, 0.001367
22.450000, 621.372026, 1188.677706, 113.820552, 0.165078, 0.986280, 0.001369
22.460000, 621.896114, 1189.688546, 113.862397, 0.165065, 0.986283, 0.001370
22.470000, 622.420385, 1190.699761, 113.904233, 0.165051, 0.986285, 0.001372
22.480000, 622.944841, 1191.711352, 113.946060, 0.165038, 0.986287, 0.001373
22.490000, 623.469481, 1192.723319, 113.987878, 0.165024, 0.986290, 0.001374
22.500000, 623.994305, 1193.735661, 114.029687, 0.165011, 0.986292, 0.001376
22.510000, 624.519312, 1194.748379, 114.071486, 0.164997, 0.986294, 0.001377
22.520000, 625.044503, 1195.761472, 114.113276, 0.164983, 0.986296, 0.001379
22.530000, 625.569878, 1196.774941, 114.155058, 0.164970, 0.986299, 0.001380
22.540000, 626.095437, 1197.788785, 114.196830, 0.164956, 0.986301, 0.001382
22.550000, 626.621179, 1198.803005, 114.238593, 0.164942, 0.986303, 0.001383
22.560000, 627.147104, 1199.817599, 114.280346, 0.164929, 0.986305, 0.001384
22.570000, 627.673213, 1200.832569, 114.322091, 0.164915, 0.986308, 0.001386
22.580000, 628.199505, 1201.847914, 114.363826, 0.164901, 0.986310, 0.001387
22.590000, 628.725981, 1202.863633, 114.405552, 0.164888, 0.986312, 0.001389
22.600000, 629.252640, 1203.879728, 114.447270, 0.164874, 0.986315, 0.001390
22.610000, 629.779482, 1204.896197, 114.488978, 0.164860, 0.986317, 0.001392
22.620000, 630.306507, 1205.913041, 114.530676, 0.164847, 0.986319, 0.001393
22.630000, 630.833715, 1206.930260, 114.572366, 0.164833, 0.986322, 0.001395
22.640000, 631.361107, 1207.947854, 114.614047, 0.164819, 0.986324, 0.001396
22.650000, 631.888681, 1208.965822, 114.655718, 0.164805, 0.986326, 0.001398
22.660000, 632.416438, 1209.984164, 114.697380, 0.164791, 0.986328, 0.001399
22.670000, 632.944378, 1211.002881, 114.739033, 0.164778, 0.986331, 0.001400
22.680000, 633.472501, 1212.021972, 114.780679, 0.164764, 0.986333, 0.001402
22.690000, 634.000806, 1213.041437, 114.822315, 0.164750, 0.986335, 0.001403
22.700000, 634.529295, 1214.061277, 114.863943, 0.164736, 0.986338, 0.001405
22.710000, 635.057966, 1215.081491, 114.905561, 0.164722, 0.986340, 0.001406
22.720000, 635.586819, 1216.102078, 114.947170, 0.164708, 0.986342, 0.001408
22.730000, 636.115855, 1217.123040, 114.988770, 0.164695, 0.986345, 0.001409
22.740000, 636.645073, 1218.144376, 115.030360, 0.164681, 0.986347, 0.001411
22.750000, 637.174474, 1219.166085, 115.071942, 0.164667, 0.986349, 0.001412
22.760000, 637.704057, 1220.188168, 115.113514, 0.164653, 0.986352, 0.001413
22.770000, 638.233822, 1221.210625, 115.155078, 0.164639, 0.986354, 0.001415
22.780000, 638.763770, 1222.233455, 115.196632, 0.164625, 0.986356, 0.001416
22.790000, 639.293899, 1223.256659, 115.238177, 0.164611, 0.986359, 0.001418
22.800000, 639.824211, 1224.280237, 115.279713, 0.164597, 0.986361, 0.001419
22.810000, 640.354705, 1225.304187, 115.321239, 0.164583, 0.986363, 0.001421
22.820000, 640.885381, 1226.328511, 115.362757, 0.164569, 0.986366, 0.001422
22.830000, 641.416238, 1227.353209, 115.404265, 0.164555, 0.986368, 0.001424
22.840000, 641.947278, 1228.378279, 115.445765, 0.164541, 0.986370, 0.001425
22.850000, 642.478499, 1229.403723, 115.487255, 0.164527, 0.986373, 0.001427
22.860000, 643.009902, 1230.429539, 115.528736, 0.164513, 0.986375, 0.001428
22.870000, 643.541487, 1231.455729, 115.570207, 0.164498, 0.986377, 0.001430
22.880000, 644.073253, 1232.482291, 115.611670, 0.164484, 0.986380, 0.001431
22.890000, 644.605201, 1233.509227, 115.653124, 0.164470, 0.986382, 0.001432
22.900000, 645.137330, 1234.536535, 115.694568, 0.164456, 0.986384, 0.001434
22.910000, 645.669641, 1235.564215, 115.736003, 0.164442, 0.986387, 0.001435
22.920000, 646.202133, 1236.592268, 115.777429, 0.164428, 0.986389, 0.001437
22.930000, 646.734807, 1237.620694, 115.818846, 0.164414, 0.986392, 0.001438
22.940000, 647.267662, 1238.649492, 115.860254, 0.164399, 0.986394, 0.001440
22.950000, 647.800698, 1239.678663, 115.901653, 0.164385, 0.986396, 0.001441
22.960000, 648.333915, 1240.708206, 115.943042, 0.164371, 0.986399, 0.001443
22.970000, 648.867313, 1241.738121, 115.984423, 0.164357, 0.986401, 0.001444
22.980000, 649.400892, 1242.768408, 116.025794, 0.164342, 0.986403, 0.001446
22.990000, 649.934652, 1243.799067, 116.067156, 0.164328, 0.986406, 0.001447
23.000000, 650.468593, 1244.830098, 116.108509, 0.164314, 0.986408, 0.001449
23.010000, 651.002715, 1245.861502, 116.149853, 0.164299, 0.986411, 0.001450
23.020000, 651.537018, 1246.893277, 116.191187, 0.164285, 0.986413, 0.001452
23.030000, 652.071502, 1247.925424, 116.232513, 0.164271, 0.986415, 0.001453
23.040000, 652.606166, 1248.957942, 116.273829, 0.164256, 0.986418, 0.001454
23.050000, 653.141010, 1249.990832, 116.315137, 0.164242, 0.986420, 0.001456
23.060000, 653.676036, 1251.024094, 116.356435, 0.164228, 0.986422, 0.001457
23.070000, 654.211241, 1252.057727, 116.397725, 0.164213, 0.986425, 0.001459
23.080000, 654.746628, 1253.091732, 116.439007, 0.164199, 0.986427, 0.001460
23.090000, 655.282194, 1254.126108, 116.480279, 0.164185, 0.986430, 0.001462
23.100000, 655.817941, 1255.160856, 116.521542, 0.164170, 0.986432, 0.001463
23.110000, 656.353868, 1256.195974, 116.562797, 0.164156, 0.986434, 0.001465
23.120000, 656.889976, 1257.231464, 116.604041, 0.164141, 0.986437, 0.001466
23.130000, 657.426263, 1258.267325, 116.645277, 0.164127, 0.986439, 0.001468
23.140000, 657.962731, 1259.303557, 116.686504, 0.164112, 0.986442, 0.001469
23.150000, 658.499378, 1260.340160, 116.727721, 0.164098, 0.986444, 0.001471
23.160000, 659.036206, 1261.377134, 116.768930, 0.164083, 0.986447, 0.001472
23.170000, 659.573213, 1262.414478, 116.810129, 0.164069, 0.986449, 0.001474
23.180000, 660.110400, 1263.452193, 116.851319, 0.164054, 0.986451, 0.001475
23.190000, 660.647768, 1264.490279, 116.892500, 0.164040, 0.986454, 0.001477
23.200000, 661.185314, 1265.528736, 116.933672, 0.164025, 0.986456, 0.001478
23.210000, 661.723041, 1266.567563, 116.974835, 0.164010, 0.986459, 0.001480
23.220000, 662.260947, 1267.606760, 117.015988, 0.163996, 0.986461, 0.001481
23.230000, 662.799032, 1268.646328, 117.057133, 0.163981, 0.986463, 0.001483
23.240000, 663.337298, 1269.686266, 117.098268, 0.163966, 0.986466, 0.001484
23.250000, 663.875742, 1270.726574, 117.139394, 0.163952, 0.986468, 0.001486
23.260000, 664.414366, 1271.767253, 117.180511, 0.163937, 0.986471, 0.001487
23.270000, 664.953169, 1272.808301, 117.221619, 0.163922, 0.986473, 0.001489
23.280000, 665.492152, 1273.849719, 117.262718, 0.163908, 0.986476, 0.001490
23.290000, 666.031313, 1274.891508, 117.303807, 0.163893, 0.986478, 0.001491
23.300000, 666.570654, 1275.933666, 117.344888, 0.163878, 0.986481, 0.001493
23.310000, 667.110174, 1276.976194, 117.385959, 0.163864, 0.986483, 0.001494
23.320000, 667.649872, 1278.019092, 117.427021, 0.163849, 0.986485, 0.001496
23.330000, 668.189750, 1279.062359, 117.468076, 0.163834, 0.986488, 0.001497
23.340000, 668.729807, 1280.105996, 117.509121, 0.163819, 0.986490, 0.001499
23.350000, 669.270042, 1281.150003, 117.550158, 0.163804, 0.986493, 0.001500
23.360000, 669.810457, 1282.194379, 117.591185, 0.163790, 0.986495, 0.001502
23.370000, 670.351050, 1283.239124, 117.632203, 0.163775, 0.986498, 0.001503
23.380000, 670.891821, 1284.284239, 117.673212, 0.163760, 0.986500, 0.001505
23.390000, 671.432772, 1285.329723, 117.714212, 0.163745, 0.986503, 0.001506
23.400000, 671.973900, 1286.375575, 117.755203, 0.163730, 0.986505, 0.001508
23.410000, 672.515208, 1287.421798, 117.796185, 0.163715, 0.986508, 0.001509
23.420000, 673.056693, 1288.468389, 117.837157, 0.163700, 0.986510, 0.001511
23.430000, 673.598357, 1289.515349, 117.878121, 0.163686, 0.986513, 0.001512
23.440000, 674.140199, 1290.562677, 117.919075, 0.163671, 0.986515, 0.001514
23.450000, 674.682220, 1291.610375, 117.960020, 0.163656, 0.986518, 0.001515
23.460000, 675.224419, 1292.658442, 118.000956, 0.163641, 0.986520, 0.001517
23.470000, 675.766796, 1293.706877, 118.041883, 0.163626, 0.986522, 0.001518
23.480000, 676.309350, 1294.755680, 118.082801, 0.163611, 0.986525, 0.001520
23.490000, 676.852083, 1295.804852, 118.123709, 0.163596, 0.986527, 0.001521
23.500000, 677.394994, 1296.854393, 118.164609, 0.163581, 0.986530, 0.001523
23.510000, 677.938083, 1297.904302, 118.205499, 0.163566, 0.986532, 0.001524
23.520000, 678.481349, 1298.954579, 118.246381, 0.163551, 0.986535, 0.001526
23.530000, 679.024794, 1300.005224, 118.287253, 0.163536, 0.986537, 0.001527
23.540000, 679.568416, 1301.056238, 118.328117, 0.163520, 0.986540, 0.001529
23.550000, 680.112215, 1302.107619, 118.368973, 0.163505, 0.986542, 0.001530
23.560000, 680.656192, 1303.159369, 118.409819, 0.163490, 0.986545, 0.001532
23.570000, 681.200347, 1304.211487, 118.450657, 0.163475, 0.986547, 0.001533
23.580000, 681.744679, 1305.263972, 118.491485, 0.163460, 0.986550, 0.001535
23.590000, 682.289189, 1306.316825, 118.532304, 0.163445, 0.986552, 0.001536
23.600000, 682.833876, 1307.370046, 118.573114, 0.163430, 0.986555, 0.001538
23.610000, 683.378740, 1308.423635, 118.613914, 0.163414, 0.986558, 0.001539
23.620000, 683.923781, 1309.477591, 118.654706, 0.163399, 0.986560, 0.001541
23.630000, 684.469000, 1310.531915, 118.695489, 0.163384, 0.986563, 0.001542
23.640000, 685.014396, 1311.586606, 118.736262, 0.163369, 0.986565, 0.001544
23.650000, 685.559968, 1312.641665, 118.777026, 0.163354, 0.986568, 0.001545
23.660000, 686.105718, 1313.697091, 118.817781, 0.163338, 0.986570, 0.001547
23.670000, 686.651645, 1314.752884, 118.858527, 0.163323, 0.986573, 0.001548
23.680000, 687.197748, 1315.809044, 118.899264, 0.163308, 0.986575, 0.001550
23.690000, 687.744028, 1316.865572, 118.939992, 0.163292, 0.986578, 0.001551
23.700000, 688.290485, 1317.922466, 118.980711, 0.163277, 0.986580, 0.001553
23.710000, 688.837119, 1318.979727, 119.021420, 0.163262, 0.986583, 0.001554
23.720000, 689.383929, 1320.037355, 119.062121, 0.163246, 0.986585, 0.001556
23.730000, 689.930916, 1321.095350, 119.102814, 0.163231, 0.986588, 0.001557
23.740000, 690.478079, 1322.153712, 119.143498, 0.163216, 0.986590, 0.001559
23.750000, 691.025419, 1323.212441, 119.184172, 0.163200, 0.986593, 0.001561
23.760000, 691.572935, 1324.271536, 119.224838, 0.163185, 0.986596, 0.001562
23.770000, 692.120628, 1325.330997, 119.265495, 0.163169, 0.986598, 0.001564
23.780000, 692.668497, 1326.390825, 119.306142, 0.163154, 0.986601, 0.001565
23.790000, 693.216542, 1327.451019, 119.346780, 0.163139, 0.986603, 0.001567
23.800000, 693.764763, 1328.511580, 119.387409, 0.163123, 0.986606, 0.001568
23.810000, 694.313160, 1329.572507, 119.428029, 0.163108, 0.986608, 0.001570
23.820000, 694.861733, 1330.633800, 119.468640, 0.163092, 0.986611, 0.001571
23.830000, 695.410483, 1331.695459, 119.509242, 0.163077, 0.986613, 0.001573
23.840000, 695.959408, 1332.757484, 119.549835, 0.163061, 0.986616, 0.001574
23.850000, 696.508509, 1333.819876, 119.590418, 0.163045, 0.986619, 0.001576
23.860000, 697.057785, 1334.882633, 119.630993, 0.163030, 0.986621, 0.001577
23.870000, 697.607238, 1335.945756, 119.671558, 0.163014, 0.986624, 0.001579
23.880000, 698.156866, 1337.009244, 119.712114, 0.162999, 0.986626, 0.001580
23.890000, 698.706669, 1338.073098, 119.752663, 0.162983, 0.986629, 0.001582
23.900000, 699.256649, 1339.137318, 119.793203, 0.162968, 0.986631, 0.001583
23.910000, 699.806803, 1340.201904, 119.833734, 0.162952, 0.986634, 0.001585
23.920000, 700.357134, 1341.266855, 119.874255, 0.162936, 0.986637, 0.001586
23.930000, 700.907639, 1342.332171, 119.914767, 0.162921, 0.986639, 0.001588
23.940000, 701.458320, 1343.397853, 119.955271, 0.162905, 0.986642, 0.001589
23.950000, 702.009176, 1344.463900, 119.995765, 0.162889, 0.986644, 0.001591
23.960000, 702.560207, 1345.530312, 120.036250, 0.162873, 0.986647, 0.001592
23.970000, 703.111413, 1346.597089, 120.076726, 0.162858, 0.986650, 0.001594
23.980000, 703.662795, 1347.664231, 120.117193, 0.162842, 0.986652, 0.001595
23.990000, 704.214351, 1348.731738, 120.157650, 0.162826, 0.986655, 0.001597
24.000000, 704.766083, 1349.799610, 120.198099, 0.162810, 0.986657, 0.001599
24.010000, 705.317989, 1350.867847, 120.238538, 0.162795, 0.986660, 0.001600
24.020000, 705.870070, 1351.936449, 120.278969, 0.162779, 0.986663, 0.001602
24.030000, 706.422326, 1353.005415, 120.319390, 0.162763, 0.986665, 0.001603
24.040000, 706.974756, 1354.074746, 120.359804, 0.162747, 0.986668, 0.001605
24.050000, 707.527361, 1355.144442, 120.400209, 0.162731, 0.986670, 0.001606
24.060000, 708.080141, 1356.214502, 120.440604, 0.162716, 0.986673, 0.001608
24.070000, 708.633095, 1357.284926, 120.480991, 0.162700, 0.986676, 0.001609
24.080000, 709.186224, 1358.355715, 120.521368, 0.162684, 0.986678, 0.001611
24.090000, 709.739527, 1359.426868, 120.561737, 0.162668, 0.986681, 0.001612
24.100000, 710.293004, 1360.498386, 120.602096, 0.162652, 0.986684, 0.001614
24.110000, 710.846656, 1361.570267, 120.642446, 0.162636, 0.986686, 0.001615
24.120000, 711.400482, 1362.642513, 120.682787, 0.162620, 0.986689, 0.001617
24.130000, 711.954482, 1363.715122, 120.723119, 0.162604, 0.986691, 0.001618
24.140000, 712.508656, 1364.788095, 120.763442, 0.162588, 0.986694, 0.001620
24.150000, 713.063004, 1365.861433, 120.803755, 0.162572, 0.986697, 0.001622
24.160000, 713.617526, 1366.935134, 120.844060, 0.162556, 0.986699, 0.001623
24.170000, 714.172222, 1368.009198, 120.884355, 0.162540, 0.986702, 0.001625
24.180000, 714.727092, 1369.083627, 120.924643, 0.162524, 0.986705, 0.001626
24.190000, 715.282136, 1370.158419, 120.964923, 0.162508, 0.986707, 0.001628
24.200000, 715.837353, 1371.233574, 121.005192, 0.162492, 0.986710, 0.001629
24.210000, 716.392744, 1372.309093, 121.045453, 0.162476, 0.986713, 0.001631
24.220000, 716.948309, 1373.384975, 121.085705, 0.162460, 0.986715, 0.001632
24.230000, 717.504047, 1374.461221, 121.125948, 0.162444, 0.986718, 0.001634
24.240000, 718.059959, 1375.537830, 121.166181, 0.162427, 0.986720, 0.001635
24.250000, 718.616044, 1376.614802, 121.206406, 0.162411, 0.986723, 0.001637
24.260000, 719.172303, 1377.692137, 121.246621, 0.162395, 0.986726, 0.001638
24.270000, 719.728735, 1378.769835, 121.286827, 0.162379, 0.986728, 0.001640
24.280000, 720.285340, 1379.847896, 121.327024, 0.162363, 0.986731, 0.001642
24.290000, 720.842118, 1380.926320, 121.367212, 0.162346, 0.986734, 0.001643
24.300000, 721.399070, 1382.005106, 121.407391, 0.162330, 0.986736, 0.001645
24.310000, 721.956194, 1383.084256, 121.447563, 0.162314, 0.986739, 0.001646
24.320000, 722.513491, 1384.163768, 121.487725, 0.162298, 0.986742, 0.001648
24.330000, 723.070962, 1385.243642, 121.527879, 0.162281, 0.986745, 0.001649
24.340000, 723.628605, 1386.323879, 121.568023, 0.162265, 0.986747, 0.001651
24.350000, 724.186421, 1387.404479, 121.608158, 0.162249, 0.986750, 0.001652
24.360000, 724.744410, 1388.485441, 121.648284, 0.162233, 0.986753, 0.001654
24.370000, 725.302572, 1389.566765, 121.688401, 0.162216, 0.986755, 0.001655
24.380000, 725.860906, 1390.648452, 121.728509, 0.162200, 0.986758, 0.001657
24.390000, 726.419413, 1391.730501, 121.768608, 0.162184, 0.986761, 0.001659
24.400000, 726.978092, 1392.812912, 121.808698, 0.162167, 0.986763, 0.001660
24.410000, 727.536944, 1393.895685, 121.848779, 0.162151, 0.986766, 0.001662
24.420000, 728.095968, 1394.978819, 121.888850, 0.162134, 0.986769, 0.001663
24.430000, 728.655165, 1396.062316, 121.928912, 0.162118, 0.986771, 0.001665
24.440000, 729.214533, 1397.146175, 121.968968, 0.162101, 0.986774, 0.001666
24.450000, 729.774074, 1398.230395, 122.009014, 0.162085, 0.986777, 0.001668
24.460000, 730.333788, 1399.314977, 122.049051, 0.162069, 0.986780, 0.001669
24.470000, 730.893673, 1400.399921, 122.089079, 0.162052, 0.986782, 0.001671
24.480000, 731.453730, 1401.485226, 122.129097, 0.162036, 0.986785, 0.001672
24.490000, 732.013959, 1402.570893, 122.169107, 0.162019, 0.986788, 0.001674
24.500000, 732.574361, 1403.656921, 122.209108, 0.162002, 0.986790, 0.001676
24.510000, 733.134934, 1404.743311, 122.249099, 0.161986, 0.986793, 0.001677
24.520000, 733.695678, 1405.830061, 122.289082, 0.161969, 0.986796, 0.001679
24.530000, 734.256595, 1406.917173, 122.329055, 0.161953, 0.986799, 0.001680
24.540000, 734.817683, 1408.004646, 122.369019, 0.161936, 0.986801, 0.001682
24.550000, 735.378943, 1409.092480, 122.408976, 0.161920, 0.986804, 0.001683
24.560000, 735.940374, 1410.180676, 122.448924, 0.161903, 0.986807, 0.001685
24.570000, 736.501977, 1411.269232, 122.488863, 0.161886, 0.986809, 0.001686
24.580000, 737.063751, 1412.358149, 122.528793, 0.161870, 0.986812, 0.001688
24.590000, 737.625697, 1413.447427, 122.568713, 0.161853, 0.986815, 0.001690
24.600000, 738.187814, 1414.537065, 122.608625, 0.161836, 0.986818, 0.001691
24.610000, 738.750102, 1415.627064, 122.648527, 0.161820, 0.986820, 0.001693
24.620000, 739.312561, 1416.717424, 122.688421, 0.161803, 0.986823, 0.001694
24.630000, 739.875192, 1417.808144, 122.728305, 0.161786, 0.986826, 0.001696
24.640000, 740.437993, 1418.899225, 122.768180, 0.161769, 0.986829, 0.001697
24.650000, 741.000966, 1419.990666, 122.808046, 0.161753, 0.986831, 0.001699
24.660000, 741.564109, 1421.082467, 122.847903, 0.161736, 0.986834, 0.001701
24.670000, 742.127424, 1422.174629, 122.887753, 0.161719, 0.986837, 0.001702
24.680000, 742.690909, 1423.267151, 122.927594, 0.161702, 0.986840, 0.001704
24.690000, 743.254565, 1424.360032, 122.967425, 0.161685, 0.986842, 0.001705
24.700000, 743.818391, 1425.453274, 123.007248, 0.161669, 0.986845, 0.001707
24.710000, 744.382389, 1426.546876, 123.047061, 0.161652, 0.986848, 0.001708
24.720000, 744.946556, 1427.640838, 123.086866, 0.161635, 0.986851, 0.001710
24.730000, 745.510895, 1428.735160, 123.126661, 0.161618, 0.986853, 0.001711
24.740000, 746.075404, 1429.829841, 123.166447, 0.161601, 0.986856, 0.001713
24.750000, 746.640083, 1430.924882, 123.206224, 0.161584, 0.986859, 0.001715
24.760000, 747.204932, 1432.020283, 123.245993, 0.161567, 0.986862, 0.001716
24.770000, 747.769952, 1433.116043, 123.285753, 0.161550, 0.986864, 0.001718
24.780000, 748.335142, 1434.212162, 123.325505, 0.161533, 0.986867, 0.001719
24.790000, 748.900502, 1435.308642, 123.365248, 0.161516, 0.986870, 0.001721
24.800000, 749.466032, 1436.405480, 123.404981, 0.161499, 0.986873, 0.001722
24.810000, 750.031732, 1437.502678, 123.444706, 0.161482, 0.986876, 0.001724
24.820000, 750.597602, 1438.600235, 123.484421, 0.161465, 0.986878, 0.001726
24.830000, 751.163642, 1439.698151, 123.524128, 0.161448, 0.986881, 0.001727
24.840000, 751.729852, 1440.796426, 123.563825, 0.161431, 0.986884, 0.001729
24.850000, 752.296232, 1441.895060, 123.603513, 0.161414, 0.986887, 0.001730
24.860000, 752.862781, 1442.994053, 123.643193, 0.161397, 0.986890, 0.001732
24.870000, 753.429500, 1444.093405, 123.682863, 0.161380, 0.986892, 0.001733
24.880000, 753.996389, 1445.193116, 123.722526, 0.161363, 0.986895, 0.001735
24.890000, 754.563447, 1446.293185, 123.762179, 0.161346, 0.986898, 0.001737
24.900000, 755.130675, 1447.393613, 123.801824, 0.161328, 0.986901, 0.001738
24.910000, 755.698072, 1448.494400, 123.841460, 0.161311, 0.986904, 0.001740
24.920000, 756.265638, 1449.595545, 123.881086, 0.161294, 0.986906, 0.001741
24.930000, 756.833374, 1450.697049, 123.920704, 0.161277, 0.986909, 0.001743
24.940000, 757.401278, 1451.798911, 123.960312, 0.161260, 0.986912, 0.001745
24.950000, 757.969352, 1452.901131, 123.999912, 0.161242, 0.986915, 0.001746
24.960000, 758.537596, 1454.003710, 124.039502, 0.161225, 0.986918, 0.001748
24.970000, 759.106008, 1455.106647, 124.079085, 0.161208, 0.986920, 0.001749
24.980000, 759.674589, 1456.209942, 124.118659, 0.161191, 0.986923, 0.001751
24.990000, 760.243339, 1457.313594, 124.158224, 0.161173, 0.986926, 0.001752
25.000000, 760.812258, 1458.417605, 124.197780, 0.161156, 0.986929, 0.001754
25.010000, 761.381346, 1459.521974, 124.237327, 0.161139, 0.986932, 0.001756
25.020000, 761.950602, 1460.626701, 124.276865, 0.161121, 0.986935, 0.001757
25.030000, 762.520027, 1461.731785, 124.316394, 0.161104, 0.986937, 0.001759
25.040000, 763.089621, 1462.837227, 124.355913, 0.161087, 0.986940, 0.001760
25.050000, 763.659383, 1463.943027, 124.395424, 0.161069, 0.986943, 0.001762
25.060000, 764.229314, 1465.049185, 124.434926, 0.161052, 0.986946, 0.001763
25.070000, 764.799413, 1466.155699, 124.474420, 0.161034, 0.986949, 0.001765
25.080000, 765.369681, 1467.262572, 124.513905, 0.161017, 0.986952, 0.001767
25.090000, 765.940116, 1468.369801, 124.553382, 0.161000, 0.986954, 0.001768
25.100000, 766.510720, 1469.477388, 124.592849, 0.160982, 0.986957, 0.001770
25.110000, 767.081493, 1470.585332, 124.632307, 0.160965, 0.986960, 0.001771
25.120000, 767.652433, 1471.693634, 124.671756, 0.160947, 0.986963, 0.001773
25.130000, 768.223542, 1472.802292, 124.711196, 0.160930, 0.986966, 0.001775
25.140000, 768.794818, 1473.911307, 124.750627, 0.160912, 0.986969, 0.001776
25.150000, 769.366262, 1475.020680, 124.790049, 0.160894, 0.986972, 0.001778
25.160000, 769.937875, 1476.130409, 124.829464, 0.160877, 0.986974, 0.001779
25.170000, 770.509655, 1477.240495, 124.868870, 0.160859, 0.986977, 0.001781
25.180000, 771.081603, 1478.350938, 124.908266, 0.160842, 0.986980, 0.001783
25.190000, 771.653718, 1479.461737, 124.947654, 0.160824, 0.986983, 0.001784
25.200000, 772.226001, 1480.572893, 124.987032, 0.160807, 0.986986, 0.001786
25.210000, 772.798452, 1481.684406, 125.026402, 0.160789, 0.986989, 0.001787
25.220000, 773.371070, 1482.796275, 125.065762, 0.160771, 0.986992, 0.001789
25.230000, 773.943856, 1483.908500, 125.105114, 0.160754, 0.986995, 0.001790
25.240000, 774.516809, 1485.021082, 125.144456, 0.160736, 0.986997, 0.001792
25.250000, 775.089929, 1486.134020, 125.183791, 0.160718, 0.987000, 0.001794
25.260000, 775.663217, 1487.247315, 125.223117, 0.160700, 0.987003, 0.001795
25.270000, 776.236671, 1488.360965, 125.262434, 0.160683, 0.987006, 0.001797
25.280000, 776.810293, 1489.474972, 125.301743, 0.160665, 0.987009, 0.001798
25.290000, 777.384082, 1490.589334, 125.341042, 0.160647, 0.987012, 0.001800
25.300000, 777.958038, 1491.704053, 125.380331, 0.160629, 0.987015, 0.001802
25.310000, 778.532161, 1492.819127, 125.419612, 0.160612, 0.987018, 0.001803
25.320000, 779.106451, 1493.934557, 125.458884, 0.160594, 0.987021, 0.001805
25.330000, 779.680908, 1495.050343, 125.498147, 0.160576, 0.987023, 0.001806
25.340000, 780.255531, 1496.166485, 125.537403, 0.160558, 0.987026, 0.001808
25.350000, 780.830321, 1497.282982, 125.576649, 0.160540, 0.987029, 0.001810
25.360000, 781.405278, 1498.399834, 125.615887, 0.160522, 0.987032, 0.001811
25.370000, 781.980401, 1499.517042, 125.655116, 0.160504, 0.987035, 0.001813
25.380000, 782.555691, 1500.634606, 125.694335, 0.160487, 0.987038, 0.001814
25.390000, 783.131148, 1501.752525, 125.733546, 0.160469, 0.987041, 0.001816
25.400000, 783.706770, 1502.870799, 125.772747, 0.160451, 0.987044, 0.001818
25.410000, 784.282559, 1503.989428, 125.811939, 0.160433, 0.987047, 0.001819
25.420000, 784.858515, 1505.108412, 125.851123, 0.160415, 0.987050, 0.001821
25.430000, 785.434636, 1506.227752, 125.890299, 0.160397, 0.987053, 0.001822
25.440000, 786.010924, 1507.347446, 125.929466, 0.160379, 0.987056, 0.001824
25.450000, 786.587377, 1508.467496, 125.968624, 0.160361, 0.987058, 0.001826
25.460000, 787.163997, 1509.587900, 126.007774, 0.160343, 0.987061, 0.001827
25.470000, 787.740783, 1510.708659, 126.046914, 0.160325, 0.987064, 0.001829
25.480000, 788.317734, 1511.829773, 126.086045, 0.160307, 0.987067, 0.001830
25.490000, 788.894852, 1512.951241, 126.125167, 0.160289, 0.987070, 0.001832
25.500000, 789.472135, 1514.073064, 126.164280, 0.160270, 0.987073, 0.001834
25.510000, 790.049584, 1515.195241, 126.203386, 0.160252, 0.987076, 0.001835
25.520000, 790.627199, 1516.317773, 126.242483, 0.160234, 0.987079, 0.001837
25.530000, 791.204979, 1517.440659, 126.281570, 0.160216, 0.987082, 0.001838
25.540000, 791.782924, 1518.563900, 126.320649, 0.160198, 0.987085, 0.001840
25.550000, 792.361036, 1519.687495, 126.359719, 0.160180, 0.987088, 0.001842
25.560000, 792.939312, 1520.811444, 126.398780, 0.160162, 0.987091, 0.001843
25.570000, 793.517754, 1521.935747, 126.437831, 0.160143, 0.987094, 0.001845
25.580000, 794.096361, 1523.060404, 126.476874, 0.160125, 0.987097, 0.001847
25.590000, 794.675134, 1524.185415, 126.515910, 0.160107, 0.987100, 0.001848
25.600000, 795.254071, 1525.310780, 126.554936, 0.160089, 0.987103, 0.001850
25.610000, 795.833174, 1526.436499, 126.593954, 0.160070, 0.987106, 0.001851
25.620000, 796.412441, 1527.562572, 126.632962, 0.160052, 0.987109, 0.001853
25.630000, 796.991874, 1528.688998, 126.671962, 0.160034, 0.987112, 0.001855
25.640000, 797.571472, 1529.815778, 126.710952, 0.160015, 0.987115, 0.001856
25.650000, 798.151234, 1530.942912, 126.749934, 0.159997, 0.987117, 0.001858
25.660000, 798.731161, 1532.070399, 126.788906, 0.159979, 0.987120, 0.001859
25.670000, 799.311253, 1533.198240, 126.827872, 0.159960, 0.987123, 0.001861
25.680000, 799.891510, 1534.326433, 126.866828, 0.159942, 0.987126, 0.001863
25.690000, 800.471931, 1535.454981, 126.905775, 0.159924, 0.987129, 0.001864
25.700000, 801.052516, 1536.583881, 126.944713, 0.159905, 0.987132, 0.001866
25.710000, 801.633267, 1537.713135, 126.983643, 0.159887, 0.987135, 0.001867
25.720000, 802.214181, 1538.842742, 127.022563, 0.159868, 0.987138, 0.001869
25.730000, 802.795260, 1539.972701, 127.061474, 0.159850, 0.987141, 0.001871
25.740000, 803.376503, 1541.103014, 127.100376, 0.159831, 0.987144, 0.001872
25.750000, 803.957911, 1542.233680, 127.139272, 0.159813, 0.987147, 0.001874
25.760000, 804.539482, 1543.364698, 127.178158, 0.159794, 0.987150, 0.001876
25.770000, 805.121218, 1544.496070, 127.217035, 0.159776, 0.987153, 0.001877
25.780000, 805.703118, 1545.627794, 127.255903, 0.159757, 0.987156, 0.001879
25.790000, 806.285181, 1546.759870, 127.294762, 0.159739, 0.987159, 0.001880
25.800000, 806.867409, 1547.892300, 127.333612, 0.159720, 0.987162, 0.001882
25.810000, 807.449800, 1549.025081, 127.372453, 0.159701, 0.987165, 0.001884
25.820000, 808.032355, 1550.158215, 127.411287, 0.159683, 0.987168, 0.001885
25.830000, 808.615074, 1551.291702, 127.450112, 0.159664, 0.987171, 0.001887
25.840000, 809.197957, 1552.425541, 127.488928, 0.159646, 0.987174, 0.001888
25.850000, 809.781003, 1553.559732, 127.527735, 0.159627, 0.987177, 0.001890
25.860000, 810.364213, 1554.694275, 127.566533, 0.159608, 0.987180, 0.001892
25.870000, 810.947586, 1555.829171, 127.605322, 0.159590, 0.987183, 0.001893
25.880000, 811.531123, 1556.964418, 127.644102, 0.159571, 0.987186, 0.001895
25.890000, 812.114823, 1558.100017, 127.682873, 0.159552, 0.987190, 0.001897
25.900000, 812.698686, 1559.235969, 127.721637, 0.159533, 0.987193, 0.001898
25.910000, 813.282713, 1560.372272, 127.760392, 0.159515, 0.987196, 0.001900
25.920000, 813.866902, 1561.508927, 127.799138, 0.159496, 0.987199, 0.001901
25.930000, 814.451255, 1562.645933, 127.837875, 0.159477, 0.987202, 0.001903
25.940000, 815.035771, 1563.783292, 127.876603, 0.159458, 0.987205, 0.001905
25.950000, 815.620450, 1564.921001, 127.915322, 0.159439, 0.987208, 0.001906
25.960000, 816.205291, 1566.059063, 127.954032, 0.159421, 0.987211, 0.001908
25.970000, 816.790296, 1567.197476, 127.992735, 0.159402, 0.987214, 0.001910
25.980000, 817.375463, 1568.336240, 128.031429, 0.159383, 0.987217, 0.001911
25.990000, 817.960793, 1569.475355, 128.070113, 0.159364, 0.987220, 0.001913
26.000000, 818.546286, 1570.614822, 128.108789, 0.159345, 0.987223, 0.001914
26.010000, 819.131941, 1571.754640, 128.147456, 0.159326, 0.987226, 0.001916
26.020000, 819.717759, 1572.894809, 128.186114, 0.159307, 0.987229, 0.001918
26.030000, 820.303740, 1574.035329, 128.224763, 0.159288, 0.987232, 0.001919
26.040000, 820.889882, 1575.176200, 128.263405, 0.159269, 0.987235, 0.001921
26.050000, 821.476188, 1576.317422, 128.302038, 0.159250, 0.987238, 0.001923
26.060000, 822.062655, 1577.458995, 128.340662, 0.159231, 0.987241, 0.001924
26.070000, 822.649285, 1578.600918, 128.379277, 0.159212, 0.987244, 0.001926
26.080000, 823.236076, 1579.743193, 128.417883, 0.159193, 0.987247, 0.001928
26.090000, 823.823030, 1580.885818, 128.456480, 0.159174, 0.987251, 0.001929
26.100000, 824.410146, 1582.028793, 128.495068, 0.159155, 0.987254, 0.001931
26.110000, 824.997424, 1583.172119, 128.533648, 0.159136, 0.987257, 0.001932
26.120000, 825.584864, 1584.315796, 128.572220, 0.159117, 0.987260, 0.001934
26.130000, 826.172466, 1585.459823, 128.610783, 0.159098, 0.987263, 0.001936
26.140000, 826.760229, 1586.604200, 128.649337, 0.159079, 0.987266, 0.001937
26.150000, 827.348155, 1587.748927, 128.687882, 0.159060, 0.987269, 0.001939
26.160000, 827.936242, 1588.894005, 128.726418, 0.159040, 0.987272, 0.001941
26.170000, 828.524490, 1590.039433, 128.764945, 0.159021, 0.987275, 0.001942
26.180000, 829.112900, 1591.185211, 128.803465, 0.159002, 0.987278, 0.001944
26.190000, 829.701472, 1592.331339, 128.841977, 0.158983, 0.987281, 0.001946
26.200000, 830.290205, 1593.477816, 128.880479, 0.158964, 0.987284, 0.001947
26.210000, 830.879099, 1594.624644, 128.918972, 0.158944, 0.987288, 0.001949
26.220000, 831.468154, 1595.771821, 128.957456, 0.158925, 0.987291, 0.001950
26.230000, 832.057371, 1596.919349, 128.995931, 0.158906, 0.987294, 0.001952
26.240000, 832.646749, 1598.067225, 129.034397, 0.158887, 0.987297, 0.001954
26.250000, 833.236288, 1599.215452, 129.072856, 0.158867, 0.987300, 0.001955
26.260000, 833.825988, 1600.364028, 129.111307, 0.158848, 0.987303, 0.001957
26.270000, 834.415850, 1601.512953, 129.149748, 0.158829, 0.987306, 0.001959
26.280000, 835.005872, 1602.662228, 129.188180, 0.158809, 0.987309, 0.001960
26.290000, 835.596054, 1603.811852, 129.226603, 0.158790, 0.987312, 0.001962
26.300000, 836.186398, 1604.961826, 129.265018, 0.158771, 0.987316, 0.001964
26.310000, 836.776902, 1606.112148, 129.303423, 0.158751, 0.987319, 0.001965
26.320000, 837.367567, 1607.262820, 129.341821, 0.158732, 0.987322, 0.001967
26.330000, 837.958393, 1608.413841, 129.380211, 0.158712, 0.987325, 0.001968
26.340000, 838.549379, 1609.565211, 129.418591, 0.158693, 0.987328, 0.001970
26.350000, 839.140526, 1610.716929, 129.456963, 0.158673, 0.987331, 0.001972
26.360000, 839.731833, 1611.868997, 129.495325, 0.158654, 0.987334, 0.001973
26.370000, 840.323300, 1613.021413, 129.533679, 0.158634, 0.987337, 0.001975
26.380000, 840.914928, 1614.174179, 129.572025, 0.158615, 0.987341, 0.001977
26.390000, 841.506716, 1615.327293, 129.610363, 0.158595, 0.987344, 0.001978
26.400000, 842.098664, 1616.480755, 129.648691, 0.158576, 0.987347, 0.001980
26.410000, 842.690772, 1617.634566, 129.687011, 0.158556, 0.987350, 0.001982
26.420000, 843.283041, 1618.788726, 129.725322, 0.158537, 0.987353, 0.001983
26.430000, 843.875469, 1619.943234, 129.763624, 0.158517, 0.987356, 0.001985
26.440000, 844.468057, 1621.098090, 129.801916, 0.158497, 0.987359, 0.001987
26.450000, 845.060805, 1622.253295, 129.840202, 0.158478, 0.987363, 0.001988
26.460000, 845.653713, 1623.408847, 129.878479, 0.158458, 0.987366, 0.001990
26.470000, 846.246780, 1624.564748, 129.916747, 0.158438, 0.987369, 0.001992
26.480000, 846.840007, 1625.720997, 129.955006, 0.158419, 0.987372, 0.001993
26.490000, 847.433394, 1626.877595, 129.993256, 0.158399, 0.987375, 0.001995
26.500000, 848.026940, 1628.034540, 130.031497, 0.158379, 0.987378, 0.001996
26.510000, 848.620646, 1629.191833, 130.069731, 0.158360, 0.987381, 0.001998
26.520000, 849.214511, 1630.349473, 130.107956, 0.158340, 0.987385, 0.002000
26.530000, 849.808535, 1631.507462, 130.146173, 0.158320, 0.987388, 0.002001
26.540000, 850.402719, 1632.665798, 130.184380, 0.158300, 0.987391, 0.002003
26.550000, 850.997062, 1633.824482, 130.222578, 0.158281, 0.987394, 0.002005
26.560000, 851.591564, 1634.983514, 130.260768, 0.158261, 0.987397, 0.002006
26.570000, 852.186225, 1636.142893, 130.298948, 0.158241, 0.987401, 0.002008
26.580000, 852.781046, 1637.302619, 130.337121, 0.158221, 0.987404, 0.002010
26.590000, 853.376025, 1638.462693, 130.375286, 0.158201, 0.987407, 0.002011
26.600000, 853.971163, 1639.623114, 130.413442, 0.158181, 0.987410, 0.002013
26.610000, 854.566460, 1640.783882, 130.451588, 0.158161, 0.987413, 0.002015
26.620000, 855.161916, 1641.944998, 130.489726, 0.158142, 0.987416, 0.002016
26.630000, 855.757530, 1643.106461, 130.527855, 0.158122, 0.987420, 0.002018
26.640000, 856.353303, 1644.268270, 130.565976, 0.158102, 0.987423, 0.002020
26.650000, 856.949235, 1645.430427, 130.604089, 0.158082, 0.987426, 0.002021
26.660000, 857.545325, 1646.592931, 130.642193, 0.158062, 0.987429, 0.002023
26.670000, 858.141574, 1647.755781, 130.680288, 0.158042, 0.987432, 0.002025
26.680000, 858.737981, 1648.918979, 130.718374, 0.158022, 0.987436, 0.002026
26.690000, 859.334546, 1650.082523, 130.756452, 0.158002, 0.987439, 0.002028
26.700000, 859.931270, 1651.246413, 130.794522, 0.157982, 0.987442, 0.002030
26.710000, 860.528152, 1652.410651, 130.832583, 0.157962, 0.987445, 0.002031
26.720000, 861.125192, 1653.575234, 130.870635, 0.157942, 0.987448, 0.002033
26.730000, 861.722390, 1654.740165, 130.908679, 0.157921, 0.987452, 0.002035
26.740000, 862.319746, 1655.905441, 130.946713, 0.157901, 0.987455, 0.002036
26.750000, 862.917260, 1657.071065, 130.984739, 0.157881, 0.987458, 0.002038
26.760000, 863.514932, 1658.237034, 131.022757, 0.157861, 0.987461, 0.002040
26.770000, 864.112762, 1659.403349, 131.060767, 0.157841, 0.987465, 0.002041
26.780000, 864.710749, 1660.570011, 131.098768, 0.157821, 0.987468, 0.002043
26.790000, 865.308895, 1661.737019, 131.136760, 0.157801, 0.987471, 0.002045
26.800000, 865.907198, 1662.904373, 131.174743, 0.157780, 0.987474, 0.002046
26.810000, 866.505658, 1664.072073, 131.212717, 0.157760, 0.987477, 0.002048
26.820000, 867.104276, 1665.240118, 131.250684, 0.157740, 0.987481, 0.002050
26.830000, 867.703052, 1666.408510, 131.288642, 0.157720, 0.987484, 0.002051
26.840000, 868.301985, 1667.577247, 131.326591, 0.157699, 0.987487, 0.002053
26.850000, 868.901075, 1668.746330, 131.364532, 0.157679, 0.987490, 0.002055
26.860000, 869.500322, 1669.915758, 131.402463, 0.157659, 0.987494, 0.002056
26.870000, 870.099727, 1671.085533, 131.440386, 0.157638, 0.987497, 0.002058
26.880000, 870.699289, 1672.255652, 131.478301, 0.157618, 0.987500, 0.002060
26.890000, 871.299007, 1673.426117, 131.516208, 0.157598, 0.987503, 0.002061
26.900000, 871.898883, 1674.596928, 131.554106, 0.157577, 0.987507, 0.002063
26.910000, 872.498916, 1675.768084, 131.591995, 0.157557, 0.987510, 0.002065
26.920000, 873.099106, 1676.939585, 131.629874, 0.157537, 0.987513, 0.002066
26.930000, 873.699452, 1678.111431, 131.667746, 0.157516, 0.987516, 0.002068
26.940000, 874.299956, 1679.283622, 131.705610, 0.157496, 0.987520, 0.002070
26.950000, 874.900616, 1680.456159, 131.743465, 0.157475, 0.987523, 0.002071
26.960000, 875.501432, 1681.629040, 131.781311, 0.157455, 0.987526, 0.002073
26.970000, 876.102405, 1682.802267, 131.819149, 0.157434, 0.987529, 0.002075
26.980000, 876.703535, 1683.975838, 131.856977, 0.157414, 0.987533, 0.002076
26.990000, 877.304821, 1685.149754, 131.894797, 0.157393, 0.987536, 0.002078
27.000000, 877.906263, 1686.324015, 131.932609, 0.157373, 0.987539, 0.002080
27.010000, 878.507862, 1687.498620, 131.970413, 0.157352, 0.987543, 0.002081
27.020000, 879.109617, 1688.673570, 132.008208, 0.157332, 0.987546, 0.002083
27.030000, 879.711528, 1689.848865, 132.045994, 0.157311, 0.987549, 0.002085
27.040000, 880.313596, 1691.024504, 132.083771, 0.157290, 0.987552, 0.002086
27.050000, 880.915819, 1692.200487, 132.121542, 0.157270, 0.987556, 0.002088
27.060000, 881.518199, 1693.376815, 132.159303, 0.157249, 0.987559, 0.002090
27.070000, 882.120734, 1694.553487, 132.197055, 0.157229, 0.987562, 0.002091
27.080000, 882.723425, 1695.730504, 132.234799, 0.157208, 0.987566, 0.002093
27.090000, 883.326272, 1696.907864, 132.272534, 0.157187, 0.987569, 0.002095
27.100000, 883.929275, 1698.085569, 132.310259, 0.157167, 0.987572, 0.002096
27.110000, 884.532433, 1699.263617, 132.347978, 0.157146, 0.987575, 0.002098
27.120000, 885.135747, 1700.442010, 132.385688, 0.157125, 0.987579, 0.002100
27.130000, 885.739217, 1701.620747, 132.423389, 0.157104, 0.987582, 0.002101
27.140000, 886.342842, 1702.799827, 132.461082, 0.157084, 0.987585, 0.002103
27.150000, 886.946622, 1703.979251, 132.498765, 0.157063, 0.987589, 0.002105
27.160000, 887.550558, 1705.159019, 132.536439, 0.157042, 0.987592, 0.002106
27.170000, 888.154649, 1706.339131, 132.574107, 0.157021, 0.987595, 0.002108
27.180000, 888.758896, 1707.519586, 132.611766, 0.157000, 0.987599, 0.002110
27.190000, 889.363297, 1708.700384, 132.649416, 0.156979, 0.987602, 0.002111
27.200000, 889.967854, 1709.881527, 132.687056, 0.156959, 0.987605, 0.002113
27.210000, 890.572565, 1711.063012, 132.724688, 0.156938, 0.987609, 0.002115
27.220000, 891.177432, 1712.244841, 132.762314, 0.156917, 0.987612, 0.002116
27.230000, 891.782454, 1713.427013, 132.799930, 0.156896, 0.987615, 0.002118
27.240000, 892.387630, 1714.609529, 132.837537, 0.156875, 0.987618, 0.002120
27.250000, 892.992961, 1715.792387, 132.875136, 0.156854, 0.987622, 0.002121
27.260000, 893.598447, 1716.975589, 132.912726, 0.156833, 0.987625, 0.002123
27.270000, 894.204088, 1718.159133, 132.950307, 0.156812, 0.987628, 0.002125
27.280000, 894.809883, 1719.343021, 132.987880, 0.156791, 0.987632, 0.002127
27.290000, 895.415833, 1720.527251, 133.025446, 0.156770, 0.987635, 0.002128
27.300000, 896.021937, 1721.711825, 133.063002, 0.156749, 0.987638, 0.002130
27.310000, 896.628196, 1722.896741, 133.100549, 0.156728, 0.987642, 0.002132
27.320000, 897.234609, 1724.082000, 133.138088, 0.156707, 0.987645, 0.002133
27.330000, 897.841176, 1725.267601, 133.175619, 0.156686, 0.987649, 0.002135
27.340000, 898.447897, 1726.453545, 133.213142, 0.156665, 0.987652, 0.002137
27.350000, 899.054773, 1727.639832, 133.250656, 0.156644, 0.987655, 0.002138
27.360000, 899.661803, 1728.826461, 133.288161, 0.156622, 0.987659, 0.002140
27.370000, 900.268986, 1730.013432, 133.325657, 0.156601, 0.987662, 0.002142
27.380000, 900.876324, 1731.200746, 133.363147, 0.156580, 0.987665, 0.002143
27.390000, 901.483815, 1732.388402, 133.400627, 0.156559, 0.987669, 0.002145
27.400000, 902.091461, 1733.576400, 133.438099, 0.156538, 0.987672, 0.002147
27.410000, 902.699260, 1734.764740, 133.475561, 0.156516, 0.987675, 0.002148
27.420000, 903.307213, 1735.953422, 133.513015, 0.156495, 0.987679, 0.002150
27.430000, 903.915319, 1737.142447, 133.550460, 0.156474, 0.987682, 0.002152
27.440000, 904.523580, 1738.331813, 133.587899, 0.156453, 0.987685, 0.002153
27.450000, 905.131993, 1739.521521, 133.625328, 0.156431, 0.987689, 0.002155
27.460000, 905.740560, 1740.711572, 133.662748, 0.156410, 0.987692, 0.002157
27.470000, 906.349281, 1741.901963, 133.700160, 0.156389, 0.987696, 0.002159
27.480000, 906.958154, 1743.092697, 133.737563, 0.156367, 0.987699, 0.002160
27.490000, 907.567181, 1744.283772, 133.774959, 0.156346, 0.987702, 0.002162
27.500000, 908.176362, 1745.475189, 133.812346, 0.156325, 0.987706, 0.002164
27.510000, 908.785695, 1746.666947, 133.849724, 0.156303, 0.987709, 0.002165
27.520000, 909.395181, 1747.859047, 133.887094, 0.156282, 0.987712, 0.002167
27.530000, 910.004821, 1749.051488, 133.924454, 0.156261, 0.987716, 0.002169
27.540000, 910.614613, 1750.244270, 133.961808, 0.156239, 0.987719, 0.002170
27.550000, 911.224558, 1751.437394, 133.999153, 0.156218, 0.987723, 0.002172
27.560000, 911.834656, 1752.630859, 134.036489, 0.156196, 0.987726, 0.002174
27.570000, 912.444907, 1753.824665, 134.073816, 0.156175, 0.987729, 0.002175
27.580000, 913.055311, 1755.018812, 134.111135, 0.156153, 0.987733, 0.002177
27.590000, 913.665867, 1756.213300, 134.148447, 0.156132, 0.987736, 0.002179
27.600000, 914.276575, 1757.408129, 134.185749, 0.156110, 0.987740, 0.002181
27.610000, 914.887437, 1758.603299, 134.223043, 0.156089, 0.987743, 0.002182
27.620000, 915.498450, 1759.798810, 134.260328, 0.156067, 0.987746, 0.002184
27.630000, 916.109616, 1760.994661, 134.297605, 0.156045, 0.987750, 0.002186
27.640000, 916.720934, 1762.190854, 134.334872, 0.156024, 0.987753, 0.002187
27.650000, 917.332405, 1763.387386, 134.372133, 0.156002, 0.987757, 0.002189
27.660000, 917.944027, 1764.584260, 134.409384, 0.155981, 0.987760, 0.002191
27.670000, 918.555802, 1765.781474, 134.446627, 0.155959, 0.987764, 0.002192
27.680000, 919.167729, 1766.979028, 134.483862, 0.155937, 0.987767, 0.002194
27.690000, 919.779808, 1768.176923, 134.521087, 0.155916, 0.987770, 0.002196
27.700000, 920.392038, 1769.375158, 134.558305, 0.155894, 0.987774, 0.002198
27.710000, 921.004421, 1770.573733, 134.595515, 0.155872, 0.987777, 0.002199
27.720000, 921.616955, 1771.772649, 134.632716, 0.155850, 0.987781, 0.002201
27.730000, 922.229641, 1772.971905, 134.669908, 0.155829, 0.987784, 0.002203
27.740000, 922.842479, 1774.171500, 134.707091, 0.155807, 0.987788, 0.002204
27.750000, 923.455468, 1775.371436, 134.744268, 0.155785, 0.987791, 0.002206
27.760000, 924.068609, 1776.571712, 134.781435, 0.155763, 0.987794, 0.002208
27.770000, 924.681901, 1777.772328, 134.818594, 0.155741, 0.987798, 0.002209
27.780000, 925.295345, 1778.973283, 134.855744, 0.155720, 0.987801, 0.002211
27.790000, 925.908940, 1780.174578, 134.892885, 0.155698, 0.987805, 0.002213
27.800000, 926.522686, 1781.376213, 134.930020, 0.155676, 0.987808, 0.002215
27.810000, 927.136584, 1782.578188, 134.967145, 0.155654, 0.987812, 0.002216
27.820000, 927.750633, 1783.780502, 135.004262, 0.155632, 0.987815, 0.002218
27.830000, 928.364832, 1784.983156, 135.041370, 0.155610, 0.987819, 0.002220
27.840000, 928.979183, 1786.186149, 135.078469, 0.155588, 0.987822, 0.002221
27.850000, 929.593685, 1787.389481, 135.115562, 0.155566, 0.987825, 0.002223
27.860000, 930.208337, 1788.593153, 135.152645, 0.155544, 0.987829, 0.002225
27.870000, 930.823141, 1789.797164, 135.189720, 0.155522, 0.987832, 0.002226
27.880000, 931.438095, 1791.001515, 135.226786, 0.155500, 0.987836, 0.002228
27.890000, 932.053200, 1792.206204, 135.263845, 0.155478, 0.987839, 0.002230
27.900000, 932.668455, 1793.411233, 135.300896, 0.155456, 0.987843, 0.002232
27.910000, 933.283861, 1794.616600, 135.337937, 0.155434, 0.987846, 0.002233
27.920000, 933.899418, 1795.822307, 135.374970, 0.155412, 0.987850, 0.002235
27.930000, 934.515125, 1797.028352, 135.411994, 0.155390, 0.987853, 0.002237
27.940000, 935.130982, 1798.234737, 135.449011, 0.155368, 0.987857, 0.002238
27.950000, 935.746990, 1799.441460, 135.486020, 0.155346, 0.987860, 0.002240
27.960000, 936.363148, 1800.648521, 135.523020, 0.155324, 0.987864, 0.002242
27.970000, 936.979456, 1801.855922, 135.560011, 0.155301, 0.987867, 0.002244
27.980000, 937.595915, 1803.063661, 135.596993, 0.155279, 0.987871, 0.002245
27.990000, 938.212523, 1804.271739, 135.633968, 0.155257, 0.987874, 0.002247
28.000000, 938.829281, 1805.480155, 135.670935, 0.155235, 0.987878, 0.002249
28.010000, 939.446190, 1806.688909, 135.707892, 0.155213, 0.987881, 0.002250
28.020000, 940.063248, 1807.898002, 135.744841, 0.155190, 0.987885, 0.002252
28.030000, 940.680456, 1809.107433, 135.781781, 0.155168, 0.987888, 0.002254
28.040000, 941.297813, 1810.317202, 135.818715, 0.155146, 0.987892, 0.002255
28.050000, 941.915321, 1811.527310, 135.855640, 0.155123, 0.987895, 0.002257
28.060000, 942.532977, 1812.737756, 135.892555, 0.155101, 0.987899, 0.002259
28.070000, 943.150784, 1813.948539, 135.929462, 0.155079, 0.987902, 0.002261
28.080000, 943.768740, 1815.159661, 135.966361, 0.155056, 0.987906, 0.002262
28.090000, 944.386845, 1816.371120, 136.003252, 0.155034, 0.987909, 0.002264
28.100000, 945.005100, 1817.582918, 136.040135, 0.155012, 0.987913, 0.002266
28.110000, 945.623504, 1818.795053, 136.077009, 0.154989, 0.987916, 0.002267
28.120000, 946.242057, 1820.007526, 136.113874, 0.154967, 0.987920, 0.002269
28.130000, 946.860759, 1821.220337, 136.150733, 0.154944, 0.987923, 0.002271
28.140000, 947.479611, 1822.433485, 136.187583, 0.154922, 0.987927, 0.002273
28.150000, 948.098611, 1823.646971, 136.224424, 0.154900, 0.987930, 0.002274
28.160000, 948.717761, 1824.860794, 136.261256, 0.154877, 0.987934, 0.002276
28.170000, 949.337059, 1826.074955, 136.298079, 0.154855, 0.987937, 0.002278
28.180000, 949.956506, 1827.289453, 136.334896, 0.154832, 0.987941, 0.002279
28.190000, 950.576102, 1828.504288, 136.371704, 0.154810, 0.987944, 0.002281
28.200000, 951.195847, 1829.719461, 136.408503, 0.154787, 0.987948, 0.002283
28.210000, 951.815740, 1830.934971, 136.445294, 0.154764, 0.987951, 0.002285
28.220000, 952.435782, 1832.150818, 136.482075, 0.154742, 0.987955, 0.002286
28.230000, 953.055972, 1833.367002, 136.518850, 0.154719, 0.987958, 0.002288
28.240000, 953.676311, 1834.583523, 136.555617, 0.154697, 0.987962, 0.002290
28.250000, 954.296798, 1835.800381, 136.592374, 0.154674, 0.987966, 0.002291
28.260000, 954.917434, 1837.017575, 136.629123, 0.154651, 0.987969, 0.002293
28.270000, 955.538217, 1838.235107, 136.665865, 0.154629, 0.987973, 0.002295
28.280000, 956.159149, 1839.452976, 136.702598, 0.154606, 0.987976, 0.002297
28.290000, 956.780229, 1840.671181, 136.739322, 0.154583, 0.987980, 0.002298
28.300000, 957.401458, 1841.889723, 136.776038, 0.154560, 0.987983, 0.002300
28.310000, 958.022834, 1843.108601, 136.812745, 0.154538, 0.987987, 0.002302
28.320000, 958.644358, 1844.327816, 136.849445, 0.154515, 0.987990, 0.002304
28.330000, 959.266030, 1845.547367, 136.886137, 0.154492, 0.987994, 0.002305
28.340000, 959.887849, 1846.767255, 136.922819, 0.154469, 0.987998, 0.002307
28.350000, 960.509817, 1847.987479, 136.959493, 0.154447, 0.988001, 0.002309
28.360000, 961.131932, 1849.208039, 136.996159, 0.154424, 0.988005, 0.002310
28.370000, 961.754195, 1850.428936, 137.032817, 0.154401, 0.988008, 0.002312
28.380000, 962.376605, 1851.650169, 137.069467, 0.154378, 0.988012, 0.002314
28.390000, 962.999163, 1852.871737, 137.106108, 0.154355, 0.988015, 0.002316
28.400000, 963.621868, 1854.093642, 137.142740, 0.154332, 0.988019, 0.002317
28.410000, 964.244720, 1855.315883, 137.179366, 0.154309, 0.988023, 0.002319
28.420000, 964.867720, 1856.538460, 137.215983, 0.154286, 0.988026, 0.002321
28.430000, 965.490867, 1857.761372, 137.252591, 0.154264, 0.988030, 0.002322
28.440000, 966.114161, 1858.984621, 137.289191, 0.154241, 0.988033, 0.002324
28.450000, 966.737602, 1860.208205, 137.325781, 0.154218, 0.988037, 0.002326
28.460000, 967.361190, 1861.432125, 137.362365, 0.154195, 0.988041, 0.002328
28.470000, 967.984926, 1862.656380, 137.398941, 0.154172, 0.988044, 0.002329
28.480000, 968.608808, 1863.880971, 137.435507, 0.154149, 0.988048, 0.002331
28.490000, 969.232837, 1865.105897, 137.472065, 0.154125, 0.988051, 0.002333
28.500000, 969.857012, 1866.331159, 137.508616, 0.154102, 0.988055, 0.002335
28.510000, 970.481335, 1867.556757, 137.545159, 0.154079, 0.988058, 0.002336
28.520000, 971.105804, 1868.782689, 137.581693, 0.154056, 0.988062, 0.002338
28.530000, 971.730419, 1870.008957, 137.618218, 0.154033, 0.988066, 0.002340
28.540000, 972.355181, 1871.235560, 137.654736, 0.154010, 0.988069, 0.002341
28.550000, 972.980090, 1872.462498, 137.691246, 0.153987, 0.988073, 0.002343
28.560000, 973.605145, 1873.689771, 137.727747, 0.153964, 0.988077, 0.002345
28.570000, 974.230346, 1874.917380, 137.764239, 0.153940, 0.988080, 0.002347
28.580000, 974.855694, 1876.145323, 137.800722, 0.153917, 0.988084, 0.002348
28.590000, 975.481187, 1877.373601, 137.837199, 0.153894, 0.988087, 0.002350
28.600000, 976.106827, 1878.602214, 137.873667, 0.153871, 0.988091, 0.002352
28.610000, 976.732613, 1879.831161, 137.910126, 0.153848, 0.988095, 0.002354
28.620000, 977.358545, 1881.060444, 137.946577, 0.153824, 0.988098, 0.002355
28.630000, 977.984622, 1882.290061, 137.983021, 0.153801, 0.988102, 0.002357
28.640000, 978.610846, 1883.520013, 138.019456, 0.153778, 0.988105, 0.002359
28.650000, 979.237215, 1884.750299, 138.055883, 0.153754, 0.988109, 0.002360
28.660000, 979.863730, 1885.980919, 138.092301, 0.153731, 0.988113, 0.002362
28.670000, 980.490391, 1887.211874, 138.128710, 0.153708, 0.988116, 0.002364
28.680000, 981.117198, 1888.443164, 138.165113, 0.153684, 0.988120, 0.002366
28.690000, 981.744150, 1889.674788, 138.201507, 0.153661, 0.988124, 0.002367
28.700000, 982.371247, 1890.906745, 138.237892, 0.153637, 0.988127, 0.002369
28.710000, 982.998490, 1892.139038, 138.274268, 0.153614, 0.988131, 0.002371
28.720000, 983.625878, 1893.371664, 138.310638, 0.153591, 0.988135, 0.002373
28.730000, 984.253411, 1894.604624, 138.346999, 0.153567, 0.988138, 0.002374
28.740000, 984.881090, 1895.837918, 138.383351, 0.153544, 0.988142, 0.002376
28.750000, 985.508913, 1897.071547, 138.419695, 0.153520, 0.988146, 0.002378
28.760000, 986.136882, 1898.305509, 138.456032, 0.153497, 0.988149, 0.002380
28.770000, 986.764996, 1899.539805, 138.492361, 0.153473, 0.988153, 0.002381
28.780000, 987.393255, 1900.774434, 138.528680, 0.153450, 0.988156, 0.002383
28.790000, 988.021659, 1902.009398, 138.564991, 0.153426, 0.988160, 0.002385
28.800000, 988.650207, 1903.244695, 138.601296, 0.153402, 0.988164, 0.002386
28.810000, 989.278900, 1904.480325, 138.637592, 0.153379, 0.988167, 0.002388
28.820000, 989.907738, 1905.716289, 138.673879, 0.153355, 0.988171, 0.002390
28.830000, 990.536721, 1906.952587, 138.710157, 0.153332, 0.988175, 0.002392
28.840000, 991.165848, 1908.189218, 138.746426, 0.153308, 0.988178, 0.002393
28.850000, 991.795119, 1909.426182, 138.782690, 0.153284, 0.988182, 0.002395
28.860000, 992.424536, 1910.663480, 138.818944, 0.153261, 0.988186, 0.002397
28.870000, 993.054096, 1911.901111, 138.855190, 0.153237, 0.988189, 0.002399
28.880000, 993.683801, 1913.139075, 138.891427, 0.153213, 0.988193, 0.002400
28.890000, 994.313650, 1914.377372, 138.927657, 0.153189, 0.988197, 0.002402
28.900000, 994.943643, 1915.616002, 138.963879, 0.153166, 0.988201, 0.002404
28.910000, 995.573780, 1916.854965, 139.000092, 0.153142, 0.988204, 0.002406
28.920000, 996.204061, 1918.094261, 139.036296, 0.153118, 0.988208, 0.002407
28.930000, 996.834486, 1919.333890, 139.072494, 0.153094, 0.988212, 0.002409
28.940000, 997.465055, 1920.573852, 139.108683, 0.153070, 0.988215, 0.002411
28.950000, 998.095768, 1921.814146, 139.144863, 0.153047, 0.988219, 0.002413
28.960000, 998.726625, 1923.054774, 139.181035, 0.153023, 0.988223, 0.002414
28.970000, 999.357625, 1924.295733, 139.217200, 0.152999, 0.988226, 0.002416
28.980000, 999.988770, 1925.537026, 139.253357, 0.152975, 0.988230, 0.002418
28.990000, 1000.620057, 1926.778651, 139.289505, 0.152951, 0.988234, 0.002419
29.000000, 1001.251488, 1928.020608, 139.325644, 0.152927, 0.988237, 0.002421
29.010000, 1001.883063, 1929.262898, 139.361777, 0.152903, 0.988241, 0.002423
29.020000, 1002.514781, 1930.505520, 139.397901, 0.152879, 0.988245, 0.002425
29.030000, 1003.146642, 1931.748475, 139.434016, 0.152855, 0.988249, 0.002426
29.040000, 1003.778647, 1932.991761, 139.470122, 0.152831, 0.988252, 0.002428
29.050000, 1004.410795, 1934.235380, 139.506220, 0.152807, 0.988256, 0.002430
29.060000, 1005.043086, 1935.479331, 139.542312, 0.152783, 0.988260, 0.002432
29.070000, 1005.675520, 1936.723614, 139.578394, 0.152759, 0.988263, 0.002433
29.080000, 1006.308097, 1937.968229, 139.614469, 0.152735, 0.988267, 0.002435
29.090000, 1006.940817, 1939.213176, 139.650534, 0.152711, 0.988271, 0.002437
29.100000, 1007.573679, 1940.458454, 139.686593, 0.152687, 0.988275, 0.002439
29.110000, 1008.206685, 1941.704065, 139.722643, 0.152663, 0.988278, 0.002440
29.120000, 1008.839833, 1942.950007, 139.758685, 0.152639, 0.988282, 0.002442
29.130000, 1009.473124, 1944.196281, 139.794717, 0.152615, 0.988286, 0.002444
29.140000, 1010.106558, 1945.442887, 139.830744, 0.152590, 0.988290, 0.002446
29.150000, 1010.740134, 1946.689824, 139.866762, 0.152566, 0.988293, 0.002447
29.160000, 1011.373853, 1947.937093, 139.902771, 0.152542, 0.988297, 0.002449
29.170000, 1012.007713, 1949.184693, 139.938771, 0.152518, 0.988301, 0.002451
29.180000, 1012.641717, 1950.432625, 139.974765, 0.152494, 0.988304, 0.002453
29.190000, 1013.275862, 1951.680887, 140.010750, 0.152469, 0.988308, 0.002454
29.200000, 1013.910150, 1952.929482, 140.046727, 0.152445, 0.988312, 0.002456
29.210000, 1014.544580, 1954.178407, 140.082695, 0.152421, 0.988316, 0.002458
29.220000, 1015.179152, 1955.427664, 140.118656, 0.152396, 0.988319, 0.002460
29.230000, 1015.813866, 1956.677252, 140.154609, 0.152372, 0.988323, 0.002461
29.240000, 1016.448722, 1957.927170, 140.190553, 0.152348, 0.988327, 0.002463
29.250000, 1017.083720, 1959.177420, 140.226489, 0.152323, 0.988331, 0.002465
29.260000, 1017.718860, 1960.428001, 140.262418, 0.152299, 0.988334, 0.002467
29.270000, 1018.354141, 1961.678912, 140.298338, 0.152275, 0.988338, 0.002468
29.280000, 1018.989565, 1962.930155, 140.334250, 0.152250, 0.988342, 0.002470
29.290000, 1019.625129, 1964.181728, 140.370153, 0.152226, 0.988346, 0.002472
29.300000, 1020.260836, 1965.433632, 140.406049, 0.152201, 0.988350, 0.002474
29.310000, 1020.896683, 1966.685866, 140.441937, 0.152177, 0.988353, 0.002475
29.320000, 1021.532673, 1967.938431, 140.477817, 0.152152, 0.988357, 0.002477
29.330000, 1022.168803, 1969.191327, 140.513687, 0.152128, 0.988361, 0.002479
29.340000, 1022.805075, 1970.444553, 140.549552, 0.152103, 0.988365, 0.002481
29.350000, 1023.441488, 1971.698110, 140.585407, 0.152079, 0.988368, 0.002482
29.360000, 1024.078043, 1972.951997, 140.621254, 0.152054, 0.988372, 0.002484
29.370000, 1024.714738, 1974.206214, 140.657092, 0.152030, 0.988376, 0.002486
29.380000, 1025.351575, 1975.460761, 140.692924, 0.152005, 0.988380, 0.002488
29.390000, 1025.988552, 1976.715639, 140.728747, 0.151980, 0.988383, 0.002489
29.400000, 1026.625670, 1977.970847, 140.764562, 0.151956, 0.988387, 0.002491
29.410000, 1027.262929, 1979.226384, 140.800368, 0.151931, 0.988391, 0.002493
29.420000, 1027.900329, 1980.482252, 140.836167, 0.151907, 0.988395, 0.002495
29.430000, 1028.537870, 1981.738450, 140.871958, 0.151882, 0.988399, 0.002496
29.440000, 1029.175551, 1982.994978, 140.907741, 0.151857, 0.988402, 0.002498
29.450000, 1029.813373, 1984.251835, 140.943514, 0.151832, 0.988406, 0.002500
29.460000, 1030.451335, 1985.509022, 140.979281, 0.151808, 0.988410, 0.002502
29.470000, 1031.089438, 1986.766539, 141.015040, 0.151783, 0.988414, 0.002503
29.480000, 1031.727681, 1988.024386, 141.050790, 0.151758, 0.988418, 0.002505
29.490000, 1032.366065, 1989.282562, 141.086534, 0.151733, 0.988421, 0.002507
29.500000, 1033.004589, 1990.541068, 141.122268, 0.151709, 0.988425, 0.002509
29.510000, 1033.643252, 1991.799903, 141.157995, 0.151684, 0.988429, 0.002510
29.520000, 1034.282056, 1993.059068, 141.193712, 0.151659, 0.988433, 0.002512
29.530000, 1034.921001, 1994.318562, 141.229424, 0.151634, 0.988437, 0.002514
29.540000, 1035.560085, 1995.578386, 141.265126, 0.151609, 0.988440, 0.002516
29.550000, 1036.199309, 1996.838538, 141.300820, 0.151584, 0.988444, 0.002517
29.560000, 1036.838672, 1998.099020, 141.336506, 0.151560, 0.988448, 0.002519
29.570000, 1037.478176, 1999.359831, 141.372185, 0.151535, 0.988452, 0.002521
29.580000, 1038.117819, 2000.620972, 141.407855, 0.151510, 0.988456, 0.002523
29.590000, 1038.757602, 2001.882441, 141.443517, 0.151485, 0.988460, 0.002525
29.600000, 1039.397525, 2003.144239, 141.479170, 0.151460, 0.988463, 0.002526
29.610000, 1040.037587, 2004.406366, 141.514817, 0.151435, 0.988467, 0.002528
29.620000, 1040.677789, 2005.668822, 141.550455, 0.151410, 0.988471, 0.002530
29.630000, 1041.318130, 2006.931607, 141.586084, 0.151385, 0.988475, 0.002532
29.640000, 1041.958610, 2008.194720, 141.621705, 0.151360, 0.988479, 0.002533
29.650000, 1042.599230, 2009.458163, 141.657320, 0.151335, 0.988483, 0.002535
29.660000, 1043.239988, 2010.721933, 141.692926, 0.151310, 0.988486, 0.002537
29.670000, 1043.880886, 2011.986033, 141.728523, 0.151284, 0.988490, 0.002539
29.680000, 1044.521923, 2013.250461, 141.764112, 0.151259, 0.988494, 0.002540
29.690000, 1045.163099, 2014.515217, 141.799694, 0.151234, 0.988498, 0.002542
29.700000, 1045.804414, 2015.780302, 141.835268, 0.151209, 0.988502, 0.002544
29.710000, 1046.445868, 2017.045715, 141.870833, 0.151184, 0.988506, 0.002546
29.720000, 1047.087461, 2018.311456, 141.906392, 0.151159, 0.988510, 0.002547
29.730000, 1047.729192, 2019.577526, 141.941942, 0.151134, 0.988513, 0.002549
29.740000, 1048.371062, 2020.843924, 141.977484, 0.151108, 0.988517, 0.002551
29.750000, 1049.013070, 2022.110650, 142.013017, 0.151083, 0.988521, 0.002553
29.760000, 1049.655218, 2023.377704, 142.048544, 0.151058, 0.988525, 0.002554
29.770000, 1050.297503, 2024.645086, 142.084062, 0.151033, 0.988529, 0.002556
29.780000, 1050.939927, 2025.912796, 142.119571, 0.151007, 0.988533, 0.002558
29.790000, 1051.582490, 2027.180834, 142.155072, 0.150982, 0.988537, 0.002560
29.800000, 1052.225190, 2028.449200, 142.190567, 0.150957, 0.988540, 0.002562
29.810000, 1052.868029, 2029.717893, 142.226053, 0.150931, 0.988544, 0.002563
29.820000, 1053.511006, 2030.986914, 142.261530, 0.150906, 0.988548, 0.002565
29.830000, 1054.154121, 2032.256263, 142.296999, 0.150881, 0.988552, 0.002567
29.840000, 1054.797374, 2033.525940, 142.332461, 0.150855, 0.988556, 0.002569
29.850000, 1055.440765, 2034.795944, 142.367915, 0.150830, 0.988560, 0.002570
29.860000, 1056.084294, 2036.066275, 142.403360, 0.150804, 0.988564, 0.002572
29.870000, 1056.727961, 2037.336934, 142.438799, 0.150779, 0.988568, 0.002574
29.880000, 1057.371765, 2038.607921, 142.474230, 0.150753, 0.988571, 0.002576
29.890000, 1058.015707, 2039.879234, 142.509651, 0.150728, 0.988575, 0.002577
29.900000, 1058.659787, 2041.150875, 142.545065, 0.150702, 0.988579, 0.002579
29.910000, 1059.304004, 2042.422844, 142.580472, 0.150677, 0.988583, 0.002581
29.920000, 1059.948359, 2043.695139, 142.615870, 0.150651, 0.988587, 0.002583
29.930000, 1060.592852, 2044.967762, 142.651260, 0.150626, 0.988591, 0.002584
29.940000, 1061.237481, 2046.240711, 142.686641, 0.150600, 0.988595, 0.002586
29.950000, 1061.882248, 2047.513988, 142.722016, 0.150575, 0.988599, 0.002588
29.960000, 1062.527152, 2048.787591, 142.757382, 0.150549, 0.988603, 0.002590
29.970000, 1063.172193, 2050.061521, 142.792740, 0.150523, 0.988606, 0.002592
29.980000, 1063.817372, 2051.335778, 142.828091, 0.150498, 0.988610, 0.002593
29.990000, 1064.462687, 2052.610362, 142.863434, 0.150472, 0.988614, 0.002595
30.000000, 1065.108139, 2053.885273, 142.898768, 0.150447, 0.988618, 0.002597
30.010000, 1065.753729, 2055.160510, 142.934094, 0.150421, 0.988622, 0.002599
30.020000, 1066.399455, 2056.436074, 142.969413, 0.150395, 0.988626, 0.002600
30.030000, 1067.045317, 2057.711965, 143.004724, 0.150369, 0.988630, 0.002602
30.040000, 1067.691317, 2058.988181, 143.040027, 0.150344, 0.988634, 0.002604
30.050000, 1068.337453, 2060.264725, 143.075320, 0.150318, 0.988638, 0.002606
30.060000, 1068.983726, 2061.541594, 143.110608, 0.150292, 0.988642, 0.002607
30.070000, 1069.630135, 2062.818790, 143.145887, 0.150266, 0.988646, 0.002609
30.080000, 1070.276680, 2064.096313, 143.181157, 0.150240, 0.988649, 0.002611
30.090000, 1070.923362, 2065.374161, 143.216421, 0.150215, 0.988653, 0.002613
30.100000, 1071.570181, 2066.652336, 143.251676, 0.150189, 0.988657, 0.002615
30.110000, 1072.217135, 2067.930837, 143.286923, 0.150163, 0.988661, 0.002616
30.120000, 1072.864226, 2069.209663, 143.322162, 0.150137, 0.988665, 0.002618
30.130000, 1073.511453, 2070.488816, 143.357394, 0.150111, 0.988669, 0.002620
30.140000, 1074.158815, 2071.768295, 143.392618, 0.150085, 0.988673, 0.002622
30.150000, 1074.806314, 2073.048099, 143.427833, 0.150059, 0.988677, 0.002623
30.160000, 1075.453949, 2074.328230, 143.463041, 0.150033, 0.988681, 0.002625
30.170000, 1076.101719, 2075.608686, 143.498242, 0.150007, 0.988685, 0.002627
30.180000, 1076.749626, 2076.889468, 143.533433, 0.149981, 0.988689, 0.002629
30.190000, 1077.397668, 2078.170575, 143.568616, 0.149955, 0.988693, 0.002631
30.200000, 1078.045845, 2079.452008, 143.603793, 0.149929, 0.988697, 0.002632
30.210000, 1078.694158, 2080.733767, 143.638962, 0.149903, 0.988701, 0.002634
30.220000, 1079.342607, 2082.015851, 143.674121, 0.149877, 0.988705, 0.002636
30.230000, 1079.991191, 2083.298260, 143.709275, 0.149851, 0.988709, 0.002638
30.240000, 1080.639911, 2084.580995, 143.744420, 0.149825, 0.988713, 0.002639
30.250000, 1081.288766, 2085.864056, 143.779556, 0.149799, 0.988716, 0.002641
30.260000, 1081.937756, 2087.147441, 143.814684, 0.149773, 0.988720, 0.002643
30.270000, 1082.586881, 2088.431152, 143.849806, 0.149747, 0.988724, 0.002645
30.280000, 1083.236141, 2089.715188, 143.884919, 0.149721, 0.988728, 0.002646
30.290000, 1083.885537, 2090.999548, 143.920024, 0.149694, 0.988732, 0.002648
30.300000, 1084.535067, 2092.284234, 143.955120, 0.149668, 0.988736, 0.002650
30.310000, 1085.184732, 2093.569245, 143.990210, 0.149642, 0.988740, 0.002652
30.320000, 1085.834532, 2094.854581, 144.025291, 0.149616, 0.988744, 0.002654
30.330000, 1086.484467, 2096.140242, 144.060364, 0.149589, 0.988748, 0.002655
30.340000, 1087.134537, 2097.426228, 144.095431, 0.149563, 0.988752, 0.002657
30.350000, 1087.784741, 2098.712538, 144.130489, 0.149537, 0.988756, 0.002659
30.360000, 1088.435080, 2099.999173, 144.165538, 0.149511, 0.988760, 0.002661
30.370000, 1089.085553, 2101.286133, 144.200579, 0.149484, 0.988764, 0.002662
30.380000, 1089.736161, 2102.573417, 144.235614, 0.149458, 0.988768, 0.002664
30.390000, 1090.386903, 2103.861026, 144.270641, 0.149432, 0.988772, 0.002666
30.400000, 1091.037779, 2105.148959, 144.305658, 0.149405, 0.988776, 0.002668
30.410000, 1091.688790, 2106.437217, 144.340670, 0.149379, 0.988780, 0.002670
30.420000, 1092.339935, 2107.725799, 144.375673, 0.149352, 0.988784, 0.002671
30.430000, 1092.991214, 2109.014705, 144.410668, 0.149326, 0.988788, 0.002673
30.440000, 1093.642627, 2110.303936, 144.445656, 0.149299, 0.988792, 0.002675
30.450000, 1094.294174, 2111.593491, 144.480636, 0.149273, 0.988796, 0.002677
30.460000, 1094.945855, 2112.883370, 144.515607, 0.149247, 0.988800, 0.002678
30.470000, 1095.597670, 2114.173573, 144.550570, 0.149220, 0.988804, 0.002680
30.480000, 1096.249618, 2115.464100, 144.585527, 0.149193, 0.988808, 0.002682
30.490000, 1096.901700, 2116.754952, 144.620475, 0.149167, 0.988812, 0.002684
30.500000, 1097.553916, 2118.046127, 144.655414, 0.149140, 0.988816, 0.002686
30.510000, 1098.206266, 2119.337626, 144.690348, 0.149114, 0.988820, 0.002687
30.520000, 1098.858749, 2120.629449, 144.725273, 0.149087, 0.988824, 0.002689
30.530000, 1099.511365, 2121.921595, 144.760189, 0.149061, 0.988828, 0.002691
30.540000, 1100.164115, 2123.214066, 144.795097, 0.149034, 0.988832, 0.002693
30.550000, 1100.816998, 2124.506860, 144.829999, 0.149007, 0.988836, 0.002695
30.560000, 1101.470015, 2125.799977, 144.864892, 0.148981, 0.988840, 0.002696
30.570000, 1102.123164, 2127.093419, 144.899777, 0.148954, 0.988844, 0.002698
30.580000, 1102.776447, 2128.387183, 144.934656, 0.148927, 0.988848, 0.002700
30.590000, 1103.429863, 2129.681271, 144.969526, 0.148901, 0.988852, 0.002702
30.600000, 1104.083412, 2130.975683, 145.004387, 0.148874, 0.988856, 0.002703
30.610000, 1104.737093, 2132.270418, 145.039240, 0.148847, 0.988860, 0.002705
30.620000, 1105.390908, 2133.565476, 145.074087, 0.148820, 0.988864, 0.002707
30.630000, 1106.044855, 2134.860857, 145.108926, 0.148794, 0.988868, 0.002709
30.640000, 1106.698935, 2136.156562, 145.143756, 0.148767, 0.988872, 0.002711
30.650000, 1107.353148, 2137.452590, 145.178580, 0.148740, 0.988876, 0.002712
30.660000, 1108.007493, 2138.748940, 145.213395, 0.148713, 0.988880, 0.002714
30.670000, 1108.661971, 2140.045614, 145.248202, 0.148686, 0.988884, 0.002716
30.680000, 1109.316581, 2141.342611, 145.283003, 0.148659, 0.988888, 0.002718
30.690000, 1109.971324, 2142.639931, 145.317795, 0.148632, 0.988893, 0.002719
30.700000, 1110.626199, 2143.937573, 145.352579, 0.148606, 0.988897, 0.002721
30.710000, 1111.281206, 2145.235538, 145.387354, 0.148579, 0.988901, 0.002723
30.720000, 1111.936345, 2146.533826, 145.422123, 0.148552, 0.988905, 0.002725
30.730000, 1112.591617, 2147.832437, 145.456884, 0.148525, 0.988909, 0.002727
30.740000, 1113.247020, 2149.131370, 145.491636, 0.148498, 0.988913, 0.002728
30.750000, 1113.902556, 2150.430626, 145.526382, 0.148471, 0.988917, 0.002730
30.760000, 1114.558223, 2151.730205, 145.561120, 0.148444, 0.988921, 0.002732
30.770000, 1115.214022, 2153.030106, 145.595849, 0.148417, 0.988925, 0.002734
30.780000, 1115.869953, 2154.330329, 145.630572, 0.148390, 0.988929, 0.002736
30.790000, 1116.526016, 2155.630875, 145.665286, 0.148363, 0.988933, 0.002737
30.800000, 1117.182211, 2156.931743, 145.699992, 0.148335, 0.988937, 0.002739
30.810000, 1117.838537, 2158.232933, 145.734690, 0.148308, 0.988941, 0.002741
30.820000, 1118.494994, 2159.534446, 145.769381, 0.148281, 0.988945, 0.002743
30.830000, 1119.151583, 2160.836280, 145.804064, 0.148254, 0.988949, 0.002745
30.840000, 1119.808304, 2162.138437, 145.838739, 0.148227, 0.988953, 0.002746
30.850000, 1120.465156, 2163.440916, 145.873407, 0.148200, 0.988957, 0.002748
30.860000, 1121.122139, 2164.743716, 145.908067, 0.148173, 0.988962, 0.002750
30.870000, 1121.779253, 2166.046839, 145.942719, 0.148145, 0.988966, 0.002752
30.880000, 1122.436498, 2167.350284, 145.977364, 0.148118, 0.988970, 0.002753
30.890000, 1123.093874, 2168.654050, 146.012001, 0.148091, 0.988974, 0.002755
30.900000, 1123.751382, 2169.958138, 146.046630, 0.148064, 0.988978, 0.002757
30.910000, 1124.409020, 2171.262548, 146.081250, 0.148036, 0.988982, 0.002759
30.920000, 1125.066789, 2172.567280, 146.115864, 0.148009, 0.988986, 0.002761
30.930000, 1125.724689, 2173.872333, 146.150469, 0.147982, 0.988990, 0.002762
30.940000, 1126.382720, 2175.177707, 146.185066, 0.147954, 0.988994, 0.002764
30.950000, 1127.040881, 2176.483404, 146.219657, 0.147927, 0.988998, 0.002766
30.960000, 1127.699173, 2177.789421, 146.254240, 0.147900, 0.989002, 0.002768
30.970000, 1128.357595, 2179.095760, 146.288814, 0.147872, 0.989006, 0.002770
30.980000, 1129.016148, 2180.402421, 146.323382, 0.147845, 0.989011, 0.002771
30.990000, 1129.674831, 2181.709402, 146.357942, 0.147817, 0.989015, 0.002773
31.000000, 1130.333645, 2183.016705, 146.392493, 0.147790, 0.989019, 0.002775
31.010000, 1130.992588, 2184.324329, 146.427038, 0.147762, 0.989023, 0.002777
31.020000, 1131.651662, 2185.632275, 146.461575, 0.147735, 0.989027, 0.002779
31.030000, 1132.310866, 2186.940541, 146.496103, 0.147708, 0.989031, 0.002780
31.040000, 1132.970201, 2188.249128, 146.530622, 0.147680, 0.989035, 0.002782
31.050000, 1133.629665, 2189.558037, 146.565136, 0.147652, 0.989039, 0.002784
31.060000, 1134.289259, 2190.867266, 146.599641, 0.147625, 0.989043, 0.002786
31.070000, 1134.948983, 2192.176816, 146.634138, 0.147597, 0.989048, 0.002787
31.080000, 1135.608836, 2193.486687, 146.668629, 0.147570, 0.989052, 0.002789
31.090000, 1136.268820, 2194.796878, 146.703111, 0.147542, 0.989056, 0.002791
31.100000, 1136.928933, 2196.107391, 146.737585, 0.147515, 0.989060, 0.002793
31.110000, 1137.589175, 2197.418224, 146.772053, 0.147487, 0.989064, 0.002795
31.120000, 1138.249548, 2198.729378, 146.806512, 0.147459, 0.989068, 0.002796
31.130000, 1138.910049, 2200.040852, 146.840963, 0.147432, 0.989072, 0.002798
31.140000, 1139.570680, 2201.352646, 146.875408, 0.147404, 0.989076, 0.002800
31.150000, 1140.231440, 2202.664761, 146.909845, 0.147376, 0.989081, 0.002802
31.160000, 1140.892330, 2203.977197, 146.944273, 0.147348, 0.989085, 0.002804
31.170000, 1141.553349, 2205.289953, 146.978693, 0.147321, 0.989089, 0.002805
31.180000, 1142.214497, 2206.603029, 147.013106, 0.147293, 0.989093, 0.002807
31.190000, 1142.875773, 2207.916425, 147.047512, 0.147265, 0.989097, 0.002809
31.200000, 1143.537179, 2209.230142, 147.081908, 0.147237, 0.989101, 0.002811
31.210000, 1144.198714, 2210.544178, 147.116299, 0.147209, 0.989105, 0.002813
31.220000, 1144.860378, 2211.858535, 147.150682, 0.147182, 0.989109, 0.002814
31.230000, 1145.522170, 2213.173212, 147.185056, 0.147154, 0.989114, 0.002816
31.240000, 1146.184091, 2214.488208, 147.219424, 0.147126, 0.989118, 0.002818
31.250000, 1146.846141, 2215.803525, 147.253783, 0.147098, 0.989122, 0.002820
31.260000, 1147.508320, 2217.119161, 147.288134, 0.147070, 0.989126, 0.002822
31.270000, 1148.170626, 2218.435118, 147.322479, 0.147042, 0.989130, 0.002823
31.280000, 1148.833062, 2219.751394, 147.356816, 0.147014, 0.989134, 0.002825
31.290000, 1149.495625, 2221.067990, 147.391144, 0.146986, 0.989139, 0.002827
31.300000, 1150.158317, 2222.384905, 147.425467, 0.146958, 0.989143, 0.002829
31.310000, 1150.821138, 2223.702140, 147.459781, 0.146930, 0.989147, 0.002831
31.320000, 1151.484086, 2225.019694, 147.494086, 0.146902, 0.989151, 0.002832
31.330000, 1152.147163, 2226.337568, 147.528386, 0.146874, 0.989155, 0.002834
31.340000, 1152.810367, 2227.655762, 147.562677, 0.146846, 0.989159, 0.002836
31.350000, 1153.473700, 2228.974275, 147.596959, 0.146818, 0.989164, 0.002838
31.360000, 1154.137160, 2230.293107, 147.631234, 0.146790, 0.989168, 0.002840
31.370000, 1154.800749, 2231.612258, 147.665502, 0.146762, 0.989172, 0.002841
31.380000, 1155.464465, 2232.931729, 147.699762, 0.146734, 0.989176, 0.002843
31.390000, 1156.128309, 2234.251519, 147.734013, 0.146706, 0.989180, 0.002845
31.400000, 1156.792280, 2235.571628, 147.768259, 0.146678, 0.989184, 0.002847
31.410000, 1157.456379, 2236.892056, 147.802496, 0.146649, 0.989189, 0.002849
31.420000, 1158.120606, 2238.212803, 147.836725, 0.146621, 0.989193, 0.002850
31.430000, 1158.784960, 2239.533869, 147.870948, 0.146593, 0.989197, 0.002852
31.440000, 1159.449441, 2240.855254, 147.905162, 0.146565, 0.989201, 0.002854
31.450000, 1160.114050, 2242.176958, 147.939368, 0.146536, 0.989205, 0.002856
31.460000, 1160.778785, 2243.498981, 147.973568, 0.146508, 0.989209, 0.002858
31.470000, 1161.443649, 2244.821322, 148.007760, 0.146480, 0.989214, 0.002859
31.480000, 1162.108639, 2246.143982, 148.041943, 0.146452, 0.989218, 0.002861
31.490000, 1162.773756, 2247.466961, 148.076121, 0.146423, 0.989222, 0.002863
31.500000, 1163.439000, 2248.790258, 148.110289, 0.146395, 0.989226, 0.002865
31.510000, 1164.104371, 2250.113874, 148.144450, 0.146367, 0.989230, 0.002867
31.520000, 1164.769869, 2251.437809, 148.178605, 0.146338, 0.989235, 0.002868
31.530000, 1165.435494, 2252.762061, 148.212751, 0.146310, 0.989239, 0.002870
31.540000, 1166.101245, 2254.086633, 148.246889, 0.146281, 0.989243, 0.002872
31.550000, 1166.767123, 2255.411522, 148.281021, 0.146253, 0.989247, 0.002874
31.560000, 1167.433128, 2256.736730, 148.315144, 0.146225, 0.989251, 0.002876
31.570000, 1168.099259, 2258.062257, 148.349259, 0.146196, 0.989256, 0.002877
31.580000, 1168.765516, 2259.388101, 148.383369, 0.146168, 0.989260, 0.002879
31.590000, 1169.431900, 2260.714263, 148.417470, 0.146139, 0.989264, 0.002881
31.600000, 1170.098410, 2262.040744, 148.451562, 0.146111, 0.989268, 0.002883
31.610000, 1170.765047, 2263.367543, 148.485649, 0.146082, 0.989272, 0.002885
31.620000, 1171.431809, 2264.694659, 148.519727, 0.146053, 0.989277, 0.002886
31.630000, 1172.098698, 2266.022094, 148.553797, 0.146025, 0.989281, 0.002888
31.640000, 1172.765713, 2267.349846, 148.587861, 0.145996, 0.989285, 0.002890
31.650000, 1173.432854, 2268.677917, 148.621916, 0.145968, 0.989289, 0.002892
31.660000, 1174.100120, 2270.006305, 148.655963, 0.145939, 0.989294, 0.002894
31.670000, 1174.767513, 2271.335011, 148.690005, 0.145910, 0.989298, 0.002895
31.680000, 1175.435031, 2272.664034, 148.724038, 0.145882, 0.989302, 0.002897
31.690000, 1176.102675, 2273.993375, 148.758062, 0.145853, 0.989306, 0.002899
31.700000, 1176.770444, 2275.323034, 148.792078, 0.145824, 0.989310, 0.002901
31.710000, 1177.438339, 2276.653010, 148.826089, 0.145796, 0.989315, 0.002903
31.720000, 1178.106360, 2277.983304, 148.860091, 0.145767, 0.989319, 0.002904
31.730000, 1178.774506, 2279.313915, 148.894084, 0.145738, 0.989323, 0.002906
31.740000, 1179.442777, 2280.644843, 148.928072, 0.145709, 0.989327, 0.002908
31.750000, 1180.111173, 2281.976089, 148.962051, 0.145681, 0.989332, 0.002910
31.760000, 1180.779695, 2283.307652, 148.996022, 0.145652, 0.989336, 0.002912
31.770000, 1181.448342, 2284.639532, 149.029988, 0.145623, 0.989340, 0.002913
31.780000, 1182.117114, 2285.971730, 149.063944, 0.145594, 0.989344, 0.002915
31.790000, 1182.786011, 2287.304244, 149.097893, 0.145565, 0.989349, 0.002917
31.800000, 1183.455033, 2288.637076, 149.131835, 0.145536, 0.989353, 0.002919
31.810000, 1184.124180, 2289.970224, 149.165770, 0.145508, 0.989357, 0.002921
31.820000, 1184.793452, 2291.303690, 149.199695, 0.145479, 0.989361, 0.002922
31.830000, 1185.462848, 2292.637472, 149.233615, 0.145450, 0.989366, 0.002924
31.840000, 1186.132370, 2293.971571, 149.267527, 0.145421, 0.989370, 0.002926
31.850000, 1186.802015, 2295.305987, 149.301430, 0.145392, 0.989374, 0.002928
31.860000, 1187.471786, 2296.640720, 149.335328, 0.145363, 0.989378, 0.002930
31.870000, 1188.141681, 2297.975770, 149.369217, 0.145334, 0.989383, 0.002932
31.880000, 1188.811700, 2299.311136, 149.403098, 0.145305, 0.989387, 0.002933
31.890000, 1189.481843, 2300.646819, 149.436973, 0.145276, 0.989391, 0.002935
31.900000, 1190.152111, 2301.982818, 149.470839, 0.145247, 0.989395, 0.002937
31.910000, 1190.822503, 2303.319134, 149.504697, 0.145218, 0.989400, 0.002939
31.920000, 1191.493019, 2304.655766, 149.538550, 0.145188, 0.989404, 0.002941
31.930000, 1192.163660, 2305.992715, 149.572394, 0.145159, 0.989408, 0.002942
31.940000, 1192.834424, 2307.329980, 149.606230, 0.145130, 0.989413, 0.002944
31.950000, 1193.505312, 2308.667561, 149.640060, 0.145101, 0.989417, 0.002946
31.960000, 1194.176324, 2310.005459, 149.673881, 0.145072, 0.989421, 0.002948
31.970000, 1194.847460, 2311.343673, 149.707697, 0.145043, 0.989425, 0.002950
31.980000, 1195.518719, 2312.682203, 149.741504, 0.145014, 0.989430, 0.002951
31.990000, 1196.190103, 2314.021049, 149.775303, 0.144984, 0.989434, 0.002953
32.000000, 1196.861610, 2315.360211, 149.809097, 0.144955, 0.989438, 0.002955
32.010000, 1197.533240, 2316.699689, 149.842882, 0.144926, 0.989443, 0.002957
32.020000, 1198.204994, 2318.039483, 149.876658, 0.144897, 0.989447, 0.002959
32.030000, 1198.876871, 2319.379593, 149.910429, 0.144867, 0.989451, 0.002960
32.040000, 1199.548872, 2320.720018, 149.944191, 0.144838, 0.989455, 0.002962
32.050000, 1200.220996, 2322.060760, 149.977946, 0.144809, 0.989460, 0.002964
32.060000, 1200.893243, 2323.401817, 150.011694, 0.144779, 0.989464, 0.002966
32.070000, 1201.565613, 2324.743190, 150.045434, 0.144750, 0.989468, 0.002968
32.080000, 1202.238106, 2326.084879, 150.079166, 0.144721, 0.989473, 0.002969
32.090000, 1202.910723, 2327.426883, 150.112892, 0.144691, 0.989477, 0.002971
32.100000, 1203.583462, 2328.769203, 150.146609, 0.144662, 0.989481, 0.002973
32.110000, 1204.256324, 2330.111838, 150.180319, 0.144632, 0.989485, 0.002975
32.120000, 1204.929309, 2331.454789, 150.214022, 0.144603, 0.989490, 0.002977
32.130000, 1205.602416, 2332.798055, 150.247717, 0.144573, 0.989494, 0.002979
32.140000, 1206.275647, 2334.141636, 150.281404, 0.144544, 0.989498, 0.002980
32.150000, 1206.948999, 2335.485533, 150.315085, 0.144514, 0.989503, 0.002982
32.160000, 1207.622475, 2336.829745, 150.348758, 0.144485, 0.989507, 0.002984
32.170000, 1208.296073, 2338.174272, 150.382422, 0.144455, 0.989511, 0.002986
32.180000, 1208.969793, 2339.519115, 150.416081, 0.144426, 0.989516, 0.002988
32.190000, 1209.643635, 2340.864272, 150.449732, 0.144396, 0.989520, 0.002989
32.200000, 1210.317600, 2342.209744, 150.483374, 0.144367, 0.989524, 0.002991
32.210000, 1210.991687, 2343.555532, 150.517010, 0.144337, 0.989529, 0.002993
32.220000, 1211.665896, 2344.901634, 150.550638, 0.144307, 0.989533, 0.002995
32.230000, 1212.340227, 2346.248051, 150.584258, 0.144278, 0.989537, 0.002997
32.240000, 1213.014680, 2347.594784, 150.617872, 0.144248, 0.989542, 0.002998
32.250000, 1213.689255, 2348.941830, 150.651477, 0.144218, 0.989546, 0.003000
32.260000, 1214.363952, 2350.289192, 150.685075, 0.144189, 0.989550, 0.003002
32.270000, 1215.038771, 2351.636868, 150.718667, 0.144159, 0.989555, 0.003004
32.280000, 1215.713711, 2352.984859, 150.752250, 0.144129, 0.989559, 0.003006
32.290000, 1216.388773, 2354.333165, 150.785825, 0.144099, 0.989563, 0.003008
32.300000, 1217.063957, 2355.681785, 150.819394, 0.144070, 0.989568, 0.003009
32.310000, 1217.739262, 2357.030720, 150.852955, 0.144040, 0.989572, 0.003011
32.320000, 1218.414688, 2358.379969, 150.886511, 0.144010, 0.989576, 0.003013
32.330000, 1219.090236, 2359.729532, 150.920057, 0.143980, 0.989581, 0.003015
32.340000, 1219.765905, 2361.079410, 150.953596, 0.143950, 0.989585, 0.003017
32.350000, 1220.441695, 2362.429602, 150.987129, 0.143920, 0.989589, 0.003018
32.360000, 1221.117607, 2363.780108, 151.020654, 0.143890, 0.989594, 0.003020
32.370000, 1221.793640, 2365.130929, 151.054170, 0.143861, 0.989598, 0.003022
32.380000, 1222.469793, 2366.482063, 151.087681, 0.143831, 0.989602, 0.003024
32.390000, 1223.146068, 2367.833512, 151.121183, 0.143801, 0.989607, 0.003026
32.400000, 1223.822464, 2369.185275, 151.154677, 0.143771, 0.989611, 0.003027
32.410000, 1224.498980, 2370.537352, 151.188166, 0.143741, 0.989615, 0.003029
32.420000, 1225.175617, 2371.889743, 151.221646, 0.143711, 0.989620, 0.003031
32.430000, 1225.852375, 2373.242447, 151.255118, 0.143681, 0.989624, 0.003033
32.440000, 1226.529253, 2374.595466, 151.288584, 0.143651, 0.989628, 0.003035
32.450000, 1227.206252, 2375.948798, 151.322042, 0.143621, 0.989633, 0.003037
32.460000, 1227.883372, 2377.302444, 151.355491, 0.143591, 0.989637, 0.003038
32.470000, 1228.560612, 2378.656404, 151.388935, 0.143561, 0.989642, 0.003040
32.480000, 1229.237972, 2380.010677, 151.422371, 0.143530, 0.989646, 0.003042
32.490000, 1229.915452, 2381.365265, 151.455801, 0.143500, 0.989650, 0.003044
32.500000, 1230.593053, 2382.720165, 151.489222, 0.143470, 0.989655, 0.003046
32.510000, 1231.270774, 2384.075379, 151.522636, 0.143440, 0.989659, 0.003047
32.520000, 1231.948615, 2385.430907, 151.556043, 0.143410, 0.989663, 0.003049
32.530000, 1232.626576, 2386.786748, 151.589443, 0.143380, 0.989668, 0.003051
32.540000, 1233.304657, 2388.142902, 151.622834, 0.143349, 0.989672, 0.003053
32.550000, 1233.982858, 2389.499370, 151.656220, 0.143319, 0.989677, 0.003055
32.560000, 1234.661179, 2390.856151, 151.689597, 0.143289, 0.989681, 0.003057
32.570000, 1235.339619, 2392.213245, 151.722966, 0.143259, 0.989685, 0.003058
32.580000, 1236.018179, 2393.570652, 151.756329, 0.143228, 0.989690, 0.003060
32.590000, 1236.696859, 2394.928373, 151.789684, 0.143198, 0.989694, 0.003062
32.600000, 1237.375658, 2396.286406, 151.823031, 0.143168, 0.989698, 0.003064
32.610000, 1238.054577, 2397.644753, 151.856372, 0.143137, 0.989703, 0.003066
32.620000, 1238.733615, 2399.003412, 151.889705, 0.143107, 0.989707, 0.003067
32.630000, 1239.412772, 2400.362384, 151.923032, 0.143077, 0.989712, 0.003069
32.640000, 1240.092049, 2401.721670, 151.956351, 0.143046, 0.989716, 0.003071
32.650000, 1240.771444, 2403.081268, 151.989662, 0.143016, 0.989720, 0.003073
32.660000, 1241.450959, 2404.441179, 152.022967, 0.142985, 0.989725, 0.003075
32.670000, 1242.130594, 2405.801402, 152.056263, 0.142955, 0.989729, 0.003077
32.680000, 1242.810347, 2407.161939, 152.089552, 0.142925, 0.989734, 0.003078
32.690000, 1243.490219, 2408.522788, 152.122835, 0.142894, 0.989738, 0.003080
32.700000, 1244.170209, 2409.883949, 152.156109, 0.142864, 0.989742, 0.003082
32.710000, 1244.850319, 2411.245423, 152.189376, 0.142833, 0.989747, 0.003084
32.720000, 1245.530547, 2412.607210, 152.222637, 0.142802, 0.989751, 0.003086
32.730000, 1246.210894, 2413.969309, 152.255889, 0.142772, 0.989756, 0.003087
32.740000, 1246.891360, 2415.331720, 152.289133, 0.142741, 0.989760, 0.003089
32.750000, 1247.571944, 2416.694444, 152.322372, 0.142711, 0.989764, 0.003091
32.760000, 1248.252647, 2418.057480, 152.355603, 0.142680, 0.989769, 0.003093
32.770000, 1248.933467, 2419.420828, 152.388827, 0.142650, 0.989773, 0.003095
32.780000, 1249.614407, 2420.784488, 152.422044, 0.142619, 0.989778, 0.003097
32.790000, 1250.295464, 2422.148461, 152.455252, 0.142588, 0.989782, 0.003098
32.800000, 1250.976640, 2423.512745, 152.488455, 0.142558, 0.989787, 0.003100
32.810000, 1251.657934, 2424.877342, 152.521649, 0.142527, 0.989791, 0.003102
32.820000, 1252.339345, 2426.242251, 152.554836, 0.142496, 0.989795, 0.003104
32.830000, 1253.020875, 2427.607471, 152.588016, 0.142465, 0.989800, 0.003106
32.840000, 1253.702523, 2428.973004, 152.621189, 0.142435, 0.989804, 0.003107
32.850000, 1254.384288, 2430.338848, 152.654353, 0.142404, 0.989809, 0.003109
32.860000, 1255.066172, 2431.705005, 152.687511, 0.142373, 0.989813, 0.003111
32.870000, 1255.748173, 2433.071473, 152.720662, 0.142342, 0.989818, 0.003113
32.880000, 1256.430291, 2434.438252, 152.753806, 0.142311, 0.989822, 0.003115
32.890000, 1257.112527, 2435.805344, 152.786943, 0.142281, 0.989826, 0.003117
32.900000, 1257.794881, 2437.172747, 152.820071, 0.142250, 0.989831, 0.003118
32.910000, 1258.477352, 2438.540461, 152.853194, 0.142219, 0.989835, 0.003120
32.920000, 1259.159940, 2439.908487, 152.886308, 0.142188, 0.989840, 0.003122
32.930000, 1259.842646, 2441.276825, 152.919415, 0.142157, 0.989844, 0.003124
32.940000, 1260.525469, 2442.645474, 152.952515, 0.142126, 0.989849, 0.003126
32.950000, 1261.208409, 2444.014434, 152.985608, 0.142095, 0.989853, 0.003127
32.960000, 1261.891466, 2445.383706, 153.018695, 0.142064, 0.989857, 0.003129
32.970000, 1262.574641, 2446.753289, 153.051773, 0.142033, 0.989862, 0.003131
32.980000, 1263.257932, 2448.123183, 153.084844, 0.142002, 0.989866, 0.003133
32.990000, 1263.941340, 2449.493388, 153.117909, 0.141971, 0.989871, 0.003135
33.000000, 1264.624865, 2450.863905, 153.150965, 0.141940, 0.989875, 0.003137
33.010000, 1265.308506, 2452.234733, 153.184014, 0.141909, 0.989880, 0.003138
33.020000, 1265.992265, 2453.605871, 153.217057, 0.141878, 0.989884, 0.003140
33.030000, 1266.676140, 2454.977321, 153.250092, 0.141847, 0.989889, 0.003142
33.040000, 1267.360131, 2456.349081, 153.283118, 0.141816, 0.989893, 0.003144
33.050000, 1268.044239, 2457.721153, 153.316139, 0.141784, 0.989898, 0.003146
33.060000, 1268.728463, 2459.093535, 153.349152, 0.141753, 0.989902, 0.003147
33.070000, 1269.412804, 2460.466229, 153.382159, 0.141722, 0.989906, 0.003149
33.080000, 1270.097261, 2461.839233, 153.415158, 0.141691, 0.989911, 0.003151
33.090000, 1270.781834, 2463.212547, 153.448149, 0.141660, 0.989915, 0.003153
33.100000, 1271.466523, 2464.586172, 153.481134, 0.141629, 0.989920, 0.003155
33.110000, 1272.151328, 2465.960108, 153.514111, 0.141597, 0.989924, 0.003157
33.120000, 1272.836249, 2467.334355, 153.547080, 0.141566, 0.989929, 0.003158
33.130000, 1273.521287, 2468.708912, 153.580043, 0.141535, 0.989933, 0.003160
33.140000, 1274.206440, 2470.083779, 153.612998, 0.141503, 0.989938, 0.003162
33.150000, 1274.891708, 2471.458957, 153.645948, 0.141472, 0.989942, 0.003164
33.160000, 1275.577093, 2472.834446, 153.678889, 0.141441, 0.989947, 0.003166
33.170000, 1276.262593, 2474.210244, 153.711823, 0.141409, 0.989951, 0.003168
33.180000, 1276.948209, 2475.586353, 153.744750, 0.141378, 0.989956, 0.003169
33.190000, 1277.633940, 2476.962772, 153.777670, 0.141347, 0.989960, 0.003171
33.200000, 1278.319787, 2478.339502, 153.810581, 0.141315, 0.989965, 0.003173
33.210000, 1279.005749, 2479.716541, 153.843487, 0.141284, 0.989969, 0.003175
33.220000, 1279.691827, 2481.093891, 153.876385, 0.141252, 0.989974, 0.003177
33.230000, 1280.378019, 2482.471551, 153.909277, 0.141221, 0.989978, 0.003178
33.240000, 1281.064327, 2483.849520, 153.942160, 0.141189, 0.989983, 0.003180
33.250000, 1281.750750, 2485.227800, 153.975036, 0.141158, 0.989987, 0.003182
33.260000, 1282.437288, 2486.606389, 154.007906, 0.141126, 0.989992, 0.003184
33.270000, 1283.123941, 2487.985289, 154.040769, 0.141095, 0.989996, 0.003186
33.280000, 1283.810709, 2489.364498, 154.073622, 0.141063, 0.990001, 0.003188
33.290000, 1284.497591, 2490.744017, 154.106471, 0.141032, 0.990005, 0.003189
33.300000, 1285.184589, 2492.123846, 154.139311, 0.141000, 0.990010, 0.003191
33.310000, 1285.871701, 2493.503984, 154.172146, 0.140968, 0.990014, 0.003193
33.320000, 1286.558928, 2494.884432, 154.204972, 0.140937, 0.990019, 0.003195
33.330000, 1287.246269, 2496.265190, 154.237791, 0.140905, 0.990023, 0.003197
33.340000, 1287.933725, 2497.646257, 154.270604, 0.140874, 0.990028, 0.003199
33.350000, 1288.621295, 2499.027634, 154.303408, 0.140842, 0.990032, 0.003200
33.360000, 1289.308979, 2500.409320, 154.336207, 0.140810, 0.990037, 0.003202
33.370000, 1289.996778, 2501.791315, 154.368999, 0.140778, 0.990041, 0.003204
33.380000, 1290.684691, 2503.173620, 154.401781, 0.140747, 0.990046, 0.003206
33.390000, 1291.372719, 2504.556234, 154.434559, 0.140715, 0.990050, 0.003208
33.400000, 1292.060860, 2505.939158, 154.467328, 0.140683, 0.990055, 0.003209
33.410000, 1292.749115, 2507.322390, 154.500089, 0.140651, 0.990059, 0.003211
33.420000, 1293.437484, 2508.705932, 154.532845, 0.140620, 0.990064, 0.003213
33.430000, 1294.125967, 2510.089783, 154.565592, 0.140588, 0.990068, 0.003215
33.440000, 1294.814564, 2511.473943, 154.598334, 0.140556, 0.990073, 0.003217
33.450000, 1295.503275, 2512.858412, 154.631068, 0.140524, 0.990077, 0.003219
33.460000, 1296.192099, 2514.243190, 154.663794, 0.140492, 0.990082, 0.003220
33.470000, 1296.881037, 2515.628277, 154.696514, 0.140460, 0.990086, 0.003222
33.480000, 1297.570088, 2517.013673, 154.729226, 0.140428, 0.990091, 0.003224
33.490000, 1298.259253, 2518.399377, 154.761933, 0.140396, 0.990095, 0.003226
33.500000, 1298.948531, 2519.785391, 154.794632, 0.140364, 0.990100, 0.003228
33.510000, 1299.637923, 2521.171713, 154.827322, 0.140332, 0.990104, 0.003230
33.520000, 1300.327428, 2522.558344, 154.860007, 0.140300, 0.990109, 0.003231
33.530000, 1301.017046, 2523.945283, 154.892684, 0.140268, 0.990114, 0.003233
33.540000, 1301.706777, 2525.332532, 154.925352, 0.140236, 0.990118, 0.003235
33.550000, 1302.396621, 2526.720088, 154.958015, 0.140204, 0.990123, 0.003237
33.560000, 1303.086578, 2528.107954, 154.990671, 0.140172, 0.990127, 0.003239
33.570000, 1303.776648, 2529.496127, 155.023320, 0.140140, 0.990132, 0.003241
33.580000, 1304.466831, 2530.884609, 155.055962, 0.140108, 0.990136, 0.003242
33.590000, 1305.157127, 2532.273400, 155.088595, 0.140076, 0.990141, 0.003244
33.600000, 1305.847535, 2533.662499, 155.121223, 0.140044, 0.990145, 0.003246
33.610000, 1306.538056, 2535.051906, 155.153843, 0.140012, 0.990150, 0.003248
33.620000, 1307.228690, 2536.441621, 155.186457, 0.139979, 0.990154, 0.003250
33.630000, 1307.919436, 2537.831645, 155.219063, 0.139947, 0.990159, 0.003251
33.640000, 1308.610294, 2539.221977, 155.251661, 0.139915, 0.990164, 0.003253
33.650000, 1309.301265, 2540.612617, 155.284254, 0.139883, 0.990168, 0.003255
33.660000, 1309.992348, 2542.003565, 155.316839, 0.139851, 0.990173, 0.003257
33.670000, 1310.683544, 2543.394820, 155.349418, 0.139818, 0.990177, 0.003259
33.680000, 1311.374851, 2544.786384, 155.381989, 0.139786, 0.990182, 0.003261
33.690000, 1312.066271, 2546.178256, 155.414552, 0.139754, 0.990186, 0.003262
33.700000, 1312.757802, 2547.570436, 155.447109, 0.139721, 0.990191, 0.003264
33.710000, 1313.449446, 2548.962924, 155.479658, 0.139689, 0.990195, 0.003266
33.720000, 1314.141201, 2550.355719, 155.512200, 0.139657, 0.990200, 0.003268
33.730000, 1314.833069, 2551.748822, 155.544736, 0.139624, 0.990205, 0.003270
33.740000, 1315.525048, 2553.142233, 155.577263, 0.139592, 0.990209, 0.003272
33.750000, 1316.217138, 2554.535951, 155.609786, 0.139560, 0.990214, 0.003273
33.760000, 1316.909340, 2555.929977, 155.642300, 0.139527, 0.990218, 0.003275
33.770000, 1317.601654, 2557.324311, 155.674806, 0.139495, 0.990223, 0.003277
33.780000, 1318.294080, 2558.718952, 155.707307, 0.139462, 0.990227, 0.003279
33.790000, 1318.986616, 2560.113900, 155.739799, 0.139430, 0.990232, 0.003281
33.800000, 1319.679264, 2561.509156, 155.772287, 0.139397, 0.990237, 0.003283
33.810000, 1320.372023, 2562.904720, 155.804766, 0.139365, 0.990241, 0.003284
33.820000, 1321.064894, 2564.300591, 155.837237, 0.139332, 0.990246, 0.003286
33.830000, 1321.757875, 2565.696768, 155.869702, 0.139300, 0.990250, 0.003288
33.840000, 1322.450968, 2567.093254, 155.902160, 0.139267, 0.990255, 0.003290
33.850000, 1323.144172, 2568.490046, 155.934612, 0.139234, 0.990259, 0.003292
33.860000, 1323.837486, 2569.887146, 155.967056, 0.139202, 0.990264, 0.003294
33.870000, 1324.530911, 2571.284552, 155.999492, 0.139169, 0.990269, 0.003295
33.880000, 1325.224448, 2572.682266, 156.031923, 0.139136, 0.990273, 0.003297
33.890000, 1325.918094, 2574.080287, 156.064345, 0.139104, 0.990278, 0.003299
33.900000, 1326.611852, 2575.478615, 156.096762, 0.139071, 0.990282, 0.003301
33.910000, 1327.305720, 2576.877249, 156.129171, 0.139038, 0.990287, 0.003303
33.920000, 1327.999698, 2578.276191, 156.161572, 0.139006, 0.990292, 0.003304
33.930000, 1328.693787, 2579.675439, 156.193968, 0.138973, 0.990296, 0.003306
33.940000, 1329.387987, 2581.074995, 156.226356, 0.138940, 0.990301, 0.003308
33.950000, 1330.082296, 2582.474856, 156.258738, 0.138907, 0.990305, 0.003310
33.960000, 1330.776716, 2583.875025, 156.291112, 0.138875, 0.990310, 0.003312
33.970000, 1331.471246, 2585.275500, 156.323478, 0.138842, 0.990315, 0.003314
33.980000, 1332.165886, 2586.676282, 156.355838, 0.138809, 0.990319, 0.003315
33.990000, 1332.860636, 2588.077371, 156.388191, 0.138776, 0.990324, 0.003317
34.000000, 1333.555496, 2589.478766, 156.420538, 0.138743, 0.990328, 0.003319
34.010000, 1334.250466, 2590.880467, 156.452877, 0.138710, 0.990333, 0.003321
34.020000, 1334.945546, 2592.282475, 156.485208, 0.138677, 0.990338, 0.003323
34.030000, 1335.640736, 2593.684789, 156.517534, 0.138645, 0.990342, 0.003325
34.040000, 1336.336035, 2595.087410, 156.549852, 0.138612, 0.990347, 0.003326
34.050000, 1337.031444, 2596.490337, 156.582164, 0.138579, 0.990351, 0.003328
34.060000, 1337.726962, 2597.893570, 156.614468, 0.138546, 0.990356, 0.003330
34.070000, 1338.422590, 2599.297110, 156.646765, 0.138513, 0.990361, 0.003332
34.080000, 1339.118327, 2600.700955, 156.679055, 0.138480, 0.990365, 0.003334
34.090000, 1339.814173, 2602.105107, 156.711338, 0.138447, 0.990370, 0.003336
34.100000, 1340.510129, 2603.509565, 156.743616, 0.138414, 0.990375, 0.003337
34.110000, 1341.206194, 2604.914329, 156.775885, 0.138380, 0.990379, 0.003339
34.120000, 1341.902368, 2606.319398, 156.808147, 0.138347, 0.990384, 0.003341
34.130000, 1342.598651, 2607.724774, 156.840403, 0.138314, 0.990388, 0.003343
34.140000, 1343.295043, 2609.130456, 156.872651, 0.138281, 0.990393, 0.003345
34.150000, 1343.991544, 2610.536443, 156.904893, 0.138248, 0.990398, 0.003347
34.160000, 1344.688154, 2611.942737, 156.937128, 0.138215, 0.990402, 0.003348
34.170000, 1345.384873, 2613.349336, 156.969354, 0.138182, 0.990407, 0.003350
34.180000, 1346.081700, 2614.756241, 157.001576, 0.138148, 0.990412, 0.003352
34.190000, 1346.778636, 2616.163451, 157.033789, 0.138115, 0.990416, 0.003354
34.200000, 1347.475681, 2617.570967, 157.065997, 0.138082, 0.990421, 0.003356
34.210000, 1348.172834, 2618.978789, 157.098197, 0.138049, 0.990425, 0.003358
34.220000, 1348.870095, 2620.386916, 157.130389, 0.138016, 0.990430, 0.003359
34.230000, 1349.567465, 2621.795349, 157.162575, 0.137982, 0.990435, 0.003361
34.240000, 1350.264943, 2623.204087, 157.194754, 0.137949, 0.990439, 0.003363
34.250000, 1350.962529, 2624.613131, 157.226927, 0.137916, 0.990444, 0.003365
34.260000, 1351.660224, 2626.022480, 157.259092, 0.137882, 0.990449, 0.003367
34.270000, 1352.358027, 2627.432134, 157.291252, 0.137849, 0.990453, 0.003368
34.280000, 1353.055937, 2628.842094, 157.323403, 0.137815, 0.990458, 0.003370
34.290000, 1353.753956, 2630.252358, 157.355547, 0.137782, 0.990463, 0.003372
34.300000, 1354.452082, 2631.662929, 157.387686, 0.137749, 0.990467, 0.003374
34.310000, 1355.150316, 2633.073804, 157.419816, 0.137715, 0.990472, 0.003376
34.320000, 1355.848658, 2634.484984, 157.451941, 0.137682, 0.990477, 0.003378
34.330000, 1356.547108, 2635.896469, 157.484058, 0.137648, 0.990481, 0.003379
34.340000, 1357.245665, 2637.308260, 157.516168, 0.137615, 0.990486, 0.003381
34.350000, 1357.944330, 2638.720355, 157.548271, 0.137581, 0.990490, 0.003383
34.360000, 1358.643102, 2640.132755, 157.580367, 0.137548, 0.990495, 0.003385
34.370000, 1359.341982, 2641.545461, 157.612458, 0.137514, 0.990500, 0.003387
34.380000, 1360.040969, 2642.958471, 157.644540, 0.137481, 0.990504, 0.003389
34.390000, 1360.740063, 2644.371786, 157.676615, 0.137447, 0.990509, 0.003390
34.400000, 1361.439264, 2645.785405, 157.708684, 0.137413, 0.990514, 0.003392
34.410000, 1362.138573, 2647.199329, 157.740745, 0.137380, 0.990518, 0.003394
34.420000, 1362.837988, 2648.613558, 157.772801, 0.137346, 0.990523, 0.003396
34.430000, 1363.537511, 2650.028092, 157.804849, 0.137313, 0.990528, 0.003398
34.440000, 1364.237140, 2651.442930, 157.836892, 0.137279, 0.990532, 0.003400
34.450000, 1364.936877, 2652.858073, 157.868927, 0.137245, 0.990537, 0.003401
34.460000, 1365.636720, 2654.273520, 157.900953, 0.137211, 0.990542, 0.003403
34.470000, 1366.336669, 2655.689272, 157.932975, 0.137178, 0.990546, 0.003405
34.480000, 1367.036726, 2657.105328, 157.964988, 0.137144, 0.990551, 0.003407
34.490000, 1367.736889, 2658.521688, 157.996996, 0.137110, 0.990556, 0.003409
34.500000, 1368.437158, 2659.938353, 158.028996, 0.137076, 0.990560, 0.003411
34.510000, 1369.137534, 2661.355322, 158.060989, 0.137043, 0.990565, 0.003412
34.520000, 1369.838016, 2662.772595, 158.092976, 0.137009, 0.990570, 0.003414
34.530000, 1370.538605, 2664.190173, 158.124955, 0.136975, 0.990575, 0.003416
34.540000, 1371.239299, 2665.608055, 158.156928, 0.136941, 0.990579, 0.003418
34.550000, 1371.940100, 2667.026240, 158.188894, 0.136907, 0.990584, 0.003420
34.560000, 1372.641007, 2668.444730, 158.220854, 0.136873, 0.990589, 0.003422
34.570000, 1373.342020, 2669.863524, 158.252807, 0.136839, 0.990593, 0.003423
34.580000, 1374.043139, 2671.282622, 158.284751, 0.136806, 0.990598, 0.003425
34.590000, 1374.744363, 2672.702024, 158.316691, 0.136772, 0.990603, 0.003427
34.600000, 1375.445694, 2674.121729, 158.348622, 0.136738, 0.990607, 0.003429
34.610000, 1376.147130, 2675.541739, 158.380548, 0.136704, 0.990612, 0.003431
34.620000, 1376.848672, 2676.962052, 158.412466, 0.136670, 0.990617, 0.003433
34.630000, 1377.550320, 2678.382669, 158.444376, 0.136636, 0.990621, 0.003434
34.640000, 1378.252073, 2679.803590, 158.476281, 0.136602, 0.990626, 0.003436
34.650000, 1378.953931, 2681.224814, 158.508178, 0.136568, 0.990631, 0.003438
34.660000, 1379.655895, 2682.646342, 158.540069, 0.136533, 0.990635, 0.003440
34.670000, 1380.357964, 2684.068174, 158.571953, 0.136499, 0.990640, 0.003442
34.680000, 1381.060138, 2685.490309, 158.603832, 0.136465, 0.990645, 0.003444
34.690000, 1381.762418, 2686.912748, 158.635702, 0.136431, 0.990650, 0.003445
34.700000, 1382.464803, 2688.335490, 158.667565, 0.136397, 0.990654, 0.003447
34.710000, 1383.167292, 2689.758536, 158.699422, 0.136363, 0.990659, 0.003449
34.720000, 1383.869887, 2691.181885, 158.731271, 0.136329, 0.990664, 0.003451
34.730000, 1384.572587, 2692.605537, 158.763116, 0.136294, 0.990668, 0.003453
34.740000, 1385.275391, 2694.029493, 158.794952, 0.136260, 0.990673, 0.003455
34.750000, 1385.978300, 2695.453752, 158.826783, 0.136226, 0.990678, 0.003456
34.760000, 1386.681314, 2696.878314, 158.858606, 0.136192, 0.990683, 0.003458
34.770000, 1387.384432, 2698.303179, 158.890421, 0.136157, 0.990687, 0.003460
34.780000, 1388.087655, 2699.728348, 158.922231, 0.136123, 0.990692, 0.003462
34.790000, 1388.790983, 2701.153819, 158.954033, 0.136089, 0.990697, 0.003464
34.800000, 1389.494415, 2702.579594, 158.985829, 0.136054, 0.990701, 0.003465
34.810000, 1390.197951, 2704.005671, 159.017618, 0.136020, 0.990706, 0.003467
34.820000, 1390.901591, 2705.432052, 159.049402, 0.135986, 0.990711, 0.003469
34.830000, 1391.605336, 2706.858735, 159.081177, 0.135951, 0.990716, 0.003471
34.840000, 1392.309185, 2708.285721, 159.112945, 0.135917, 0.990720, 0.003473
34.850000, 1393.013138, 2709.713010, 159.144708, 0.135883, 0.990725, 0.003475
34.860000, 1393.717195, 2711.140602, 159.176462, 0.135848, 0.990730, 0.003476
34.870000, 1394.421356, 2712.568497, 159.208212, 0.135814, 0.990734, 0.003478
34.880000, 1395.125620, 2713.996694, 159.239953, 0.135779, 0.990739, 0.003480
34.890000, 1395.829989, 2715.425194, 159.271687, 0.135745, 0.990744, 0.003482
34.900000, 1396.534461, 2716.853997, 159.303415, 0.135710, 0.990749, 0.003484
34.910000, 1397.239037, 2718.283102, 159.335135, 0.135676, 0.990753, 0.003486
34.920000, 1397.943716, 2719.712510, 159.366851, 0.135641, 0.990758, 0.003487
34.930000, 1398.648499, 2721.142220, 159.398558, 0.135606, 0.990763, 0.003489
34.940000, 1399.353385, 2722.572232, 159.430260, 0.135572, 0.990768, 0.003491
34.950000, 1400.058375, 2724.002547, 159.461954, 0.135537, 0.990772, 0.003493
34.960000, 1400.763468, 2725.433165, 159.493643, 0.135503, 0.990777, 0.003495
34.970000, 1401.468664, 2726.864084, 159.525324, 0.135468, 0.990782, 0.003497
34.980000, 1402.173963, 2728.295306, 159.556998, 0.135433, 0.990786, 0.003498
34.990000, 1402.879366, 2729.726831, 159.588666, 0.135399, 0.990791, 0.003500
35.000000, 1403.584871, 2731.158657, 159.620326, 0.135364, 0.990796, 0.003502
35.010000, 1404.290479, 2732.590786, 159.651981, 0.135329, 0.990801, 0.003504
35.020000, 1404.996191, 2734.023216, 159.683628, 0.135295, 0.990805, 0.003506
35.030000, 1405.702005, 2735.455949, 159.715270, 0.135260, 0.990810, 0.003508
35.040000, 1406.407922, 2736.888984, 159.746904, 0.135225, 0.990815, 0.003509
35.050000, 1407.113941, 2738.322321, 159.778530, 0.135190, 0.990820, 0.003511
35.060000, 1407.820063, 2739.755960, 159.810151, 0.135155, 0.990824, 0.003513
35.070000, 1408.526288, 2741.189900, 159.841764, 0.135121, 0.990829, 0.003515
35.080000, 1409.232615, 2742.624143, 159.873372, 0.135086, 0.990834, 0.003517
35.090000, 1409.939044, 2744.058687, 159.904972, 0.135051, 0.990839, 0.003519
35.100000, 1410.645576, 2745.493533, 159.936567, 0.135016, 0.990843, 0.003520
35.110000, 1411.352210, 2746.928681, 159.968153, 0.134981, 0.990848, 0.003522
35.120000, 1412.058946, 2748.364131, 159.999733, 0.134946, 0.990853, 0.003524
35.130000, 1412.765785, 2749.799882, 160.031306, 0.134911, 0.990858, 0.003526
35.140000, 1413.472725, 2751.235935, 160.062873, 0.134876, 0.990862, 0.003528
35.150000, 1414.179767, 2752.672289, 160.094433, 0.134841, 0.990867, 0.003530
35.160000, 1414.886911, 2754.108945, 160.125986, 0.134806, 0.990872, 0.003531
35.170000, 1415.594158, 2755.545902, 160.157534, 0.134771, 0.990877, 0.003533
35.180000, 1416.301505, 2756.983161, 160.189074, 0.134736, 0.990881, 0.003535
35.190000, 1417.008955, 2758.420721, 160.220606, 0.134701, 0.990886, 0.003537
35.200000, 1417.716506, 2759.858583, 160.252133, 0.134666, 0.990891, 0.003539
35.210000, 1418.424159, 2761.296746, 160.283653, 0.134631, 0.990896, 0.003541
35.220000, 1419.131913, 2762.735210, 160.315166, 0.134596, 0.990901, 0.003542
35.230000, 1419.839768, 2764.173976, 160.346673, 0.134561, 0.990905, 0.003544
35.240000, 1420.547725, 2765.613042, 160.378174, 0.134526, 0.990910, 0.003546
35.250000, 1421.255783, 2767.052410, 160.409667, 0.134491, 0.990915, 0.003548
35.260000, 1421.963943, 2768.492079, 160.441155, 0.134455, 0.990920, 0.003550
35.270000, 1422.672203, 2769.932049, 160.472635, 0.134420, 0.990924, 0.003552
35.280000, 1423.380565, 2771.372320, 160.504107, 0.134385, 0.990929, 0.003553
35.290000, 1424.089027, 2772.812892, 160.535574, 0.134350, 0.990934, 0.003555
35.300000, 1424.797591, 2774.253765, 160.567034, 0.134314, 0.990939, 0.003557
35.310000, 1425.506255, 2775.694939, 160.598488, 0.134279, 0.990944, 0.003559
35.320000, 1426.215020, 2777.136414, 160.629934, 0.134244, 0.990948, 0.003561
35.330000, 1426.923886, 2778.578189, 160.661375, 0.134209, 0.990953, 0.003563
35.340000, 1427.632853, 2780.020266, 160.692809, 0.134173, 0.990958, 0.003564
35.350000, 1428.341920, 2781.462643, 160.724237, 0.134138, 0.990963, 0.003566
35.360000, 1429.051087, 2782.905321, 160.755657, 0.134103, 0.990967, 0.003568
35.370000, 1429.760355, 2784.348300, 160.787070, 0.134067, 0.990972, 0.003570
35.380000, 1430.469724, 2785.791579, 160.818477, 0.134032, 0.990977, 0.003572
35.390000, 1431.179192, 2787.235158, 160.849877, 0.133996, 0.990982, 0.003574
35.400000, 1431.888761, 2788.679039, 160.881271, 0.133961, 0.990987, 0.003575
35.410000, 1432.598430, 2790.123220, 160.912658, 0.133926, 0.990991, 0.003577
35.420000, 1433.308199, 2791.567701, 160.944040, 0.133890, 0.990996, 0.003579
35.430000, 1434.018069, 2793.012483, 160.975413, 0.133855, 0.991001, 0.003581
35.440000, 1434.728038, 2794.457565, 161.006782, 0.133819, 0.991006, 0.003583
35.450000, 1435.438107, 2795.902947, 161.038143, 0.133784, 0.991011, 0.003585
35.460000, 1436.148275, 2797.348630, 161.069496, 0.133748, 0.991015, 0.003586
35.470000, 1436.858544, 2798.794613, 161.100844, 0.133712, 0.991020, 0.003588
35.480000, 1437.568912, 2800.240896, 161.132184, 0.133677, 0.991025, 0.003590
35.490000, 1438.279380, 2801.687479, 161.163519, 0.133641, 0.991030, 0.003592
35.500000, 1438.989947, 2803.134363, 161.194846, 0.133606, 0.991035, 0.003594
35.510000, 1439.700614, 2804.581547, 161.226168, 0.133570, 0.991039, 0.003595
35.520000, 1440.411380, 2806.029030, 161.257482, 0.133534, 0.991044, 0.003597
35.530000, 1441.122245, 2807.476814, 161.288792, 0.133499, 0.991049, 0.003599
35.540000, 1441.833210, 2808.924898, 161.320093, 0.133463, 0.991054, 0.003601
35.550000, 1442.544274, 2810.373282, 161.351387, 0.133427, 0.991059, 0.003603
35.560000, 1443.255437, 2811.821965, 161.382675, 0.133392, 0.991063, 0.003605
35.570000, 1443.966699, 2813.270948, 161.413956, 0.133356, 0.991068, 0.003606
35.580000, 1444.678060, 2814.720232, 161.445231, 0.133320, 0.991073, 0.003608
35.590000, 1445.389520, 2816.169815, 161.476499, 0.133284, 0.991078, 0.003610
35.600000, 1446.101078, 2817.619697, 161.507762, 0.133249, 0.991083, 0.003612
35.610000, 1446.812736, 2819.069880, 161.539017, 0.133213, 0.991087, 0.003614
35.620000, 1447.524492, 2820.520362, 161.570267, 0.133177, 0.991092, 0.003616
35.630000, 1448.236347, 2821.971144, 161.601509, 0.133141, 0.991097, 0.003617
35.640000, 1448.948300, 2823.422225, 161.632743, 0.133105, 0.991102, 0.003619
35.650000, 1449.660352, 2824.873606, 161.663972, 0.133069, 0.991107, 0.003621
35.660000, 1450.372502, 2826.325286, 161.695194, 0.133033, 0.991112, 0.003623
35.670000, 1451.084750, 2827.777266, 161.726410, 0.132997, 0.991116, 0.003625
35.680000, 1451.797097, 2829.229545, 161.757619, 0.132961, 0.991121, 0.003627
35.690000, 1452.509542, 2830.682124, 161.788822, 0.132926, 0.991126, 0.003628
35.700000, 1453.222085, 2832.135002, 161.820018, 0.132890, 0.991131, 0.003630
35.710000, 1453.934726, 2833.588179, 161.851209, 0.132854, 0.991136, 0.003632
35.720000, 1454.647465, 2835.041655, 161.882392, 0.132818, 0.991141, 0.003634
35.730000, 1455.360302, 2836.495431, 161.913570, 0.132781, 0.991145, 0.003636
35.740000, 1456.073237, 2837.949506, 161.944740, 0.132745, 0.991150, 0.003638
35.750000, 1456.786269, 2839.403880, 161.975902, 0.132709, 0.991155, 0.003639
35.760000, 1457.499400, 2840.858553, 162.007059, 0.132673, 0.991160, 0.003641
35.770000, 1458.212628, 2842.313525, 162.038209, 0.132637, 0.991165, 0.003643
35.780000, 1458.925953, 2843.768797, 162.069353, 0.132601, 0.991169, 0.003645
35.790000, 1459.639376, 2845.224367, 162.100490, 0.132565, 0.991174, 0.003647
35.800000, 1460.352897, 2846.680236, 162.131622, 0.132529, 0.991179, 0.003649
35.810000, 1461.066514, 2848.136404, 162.162746, 0.132493, 0.991184, 0.003650
35.820000, 1461.780229, 2849.592871, 162.193865, 0.132456, 0.991189, 0.003652
35.830000, 1462.494042, 2851.049636, 162.224976, 0.132420, 0.991194, 0.003654
35.840000, 1463.207951, 2852.506701, 162.256082, 0.132384, 0.991199, 0.003656
35.850000, 1463.921957, 2853.964064, 162.287180, 0.132348, 0.991203, 0.003658
35.860000, 1464.636061, 2855.421726, 162.318271, 0.132311, 0.991208, 0.003660
35.870000, 1465.350261, 2856.879687, 162.349356, 0.132275, 0.991213, 0.003661
35.880000, 1466.064558, 2858.337946, 162.380434, 0.132239, 0.991218, 0.003663
35.890000, 1466.778953, 2859.796504, 162.411507, 0.132202, 0.991223, 0.003665
35.900000, 1467.493443, 2861.255360, 162.442572, 0.132166, 0.991228, 0.003667
35.910000, 1468.208031, 2862.714515, 162.473632, 0.132130, 0.991232, 0.003669
35.920000, 1468.922715, 2864.173968, 162.504684, 0.132093, 0.991237, 0.003671
35.930000, 1469.637495, 2865.633720, 162.535732, 0.132057, 0.991242, 0.003672
35.940000, 1470.352372, 2867.093770, 162.566771, 0.132021, 0.991247, 0.003674
35.950000, 1471.067345, 2868.554119, 162.597806, 0.131984, 0.991252, 0.003676
35.960000, 1471.782415, 2870.014766, 162.628833, 0.131948, 0.991257, 0.003678
35.970000, 1472.497581, 2871.475711, 162.659854, 0.131911, 0.991262, 0.003680
35.980000, 1473.212843, 2872.936954, 162.690869, 0.131875, 0.991266, 0.003681
35.990000, 1473.928201, 2874.398496, 162.721875, 0.131838, 0.991271, 0.003683
36.000000, 1474.643655, 2875.860336, 162.752876, 0.131802, 0.991276, 0.003685
36.010000, 1475.359205, 2877.322473, 162.783870, 0.131765, 0.991281, 0.003687
36.020000, 1476.074851, 2878.784909, 162.814858, 0.131728, 0.991286, 0.003689
36.030000, 1476.790592, 2880.247643, 162.845839, 0.131692, 0.991291, 0.003691
36.040000, 1477.506430, 2881.710675, 162.876815, 0.131655, 0.991296, 0.003692
36.050000, 1478.222363, 2883.174005, 162.907783, 0.131619, 0.991300, 0.003694
36.060000, 1478.938392, 2884.637633, 162.938747, 0.131582, 0.991305, 0.003696
36.070000, 1479.654516, 2886.101559, 162.969702, 0.131545, 0.991310, 0.003698
36.080000, 1480.370735, 2887.565782, 163.000652, 0.131509, 0.991315, 0.003700
36.090000, 1481.087050, 2889.030304, 163.031595, 0.131472, 0.991320, 0.003702
36.100000, 1481.803461, 2890.495123, 163.062533, 0.131435, 0.991325, 0.003703
36.110000, 1482.519966, 2891.960240, 163.093463, 0.131399, 0.991330, 0.003705
36.120000, 1483.236567, 2893.425654, 163.124385, 0.131362, 0.991334, 0.003707
36.130000, 1483.953263, 2894.891366, 163.155303, 0.131325, 0.991339, 0.003709
36.140000, 1484.670054, 2896.357376, 163.186213, 0.131288, 0.991344, 0.003711
36.150000, 1485.386940, 2897.823684, 163.217117, 0.131251, 0.991349, 0.003713
36.160000, 1486.103920, 2899.290289, 163.248014, 0.131215, 0.991354, 0.003714
36.170000, 1486.820996, 2900.757191, 163.278906, 0.131178, 0.991359, 0.003716
36.180000, 1487.538166, 2902.224391, 163.309791, 0.131141, 0.991364, 0.003718
36.190000, 1488.255431, 2903.691888, 163.340670, 0.131104, 0.991369, 0.003720
36.200000, 1488.972791, 2905.159683, 163.371542, 0.131067, 0.991373, 0.003722
36.210000, 1489.690245, 2906.627775, 163.402408, 0.131030, 0.991378, 0.003724
36.220000, 1490.407793, 2908.096164, 163.433267, 0.130993, 0.991383, 0.003725
36.230000, 1491.125436, 2909.564851, 163.464122, 0.130956, 0.991388, 0.003727
36.240000, 1491.843174, 2911.033835, 163.494968, 0.130919, 0.991393, 0.003729
36.250000, 1492.561005, 2912.503116, 163.525809, 0.130882, 0.991398, 0.003731
36.260000, 1493.278931, 2913.972694, 163.556643, 0.130845, 0.991403, 0.003733
36.270000, 1493.996951, 2915.442570, 163.587469, 0.130808, 0.991408, 0.003735
36.280000, 1494.715065, 2916.912742, 163.618290, 0.130771, 0.991413, 0.003736
36.290000, 1495.433273, 2918.383212, 163.649104, 0.130734, 0.991417, 0.003738
36.300000, 1496.151574, 2919.853978, 163.679912, 0.130697, 0.991422, 0.003740
36.310000, 1496.869970, 2921.325041, 163.710713, 0.130660, 0.991427, 0.003742
36.320000, 1497.588459, 2922.796402, 163.741509, 0.130623, 0.991432, 0.003744
36.330000, 1498.307042, 2924.268059, 163.772297, 0.130586, 0.991437, 0.003745
36.340000, 1499.025719, 2925.740013, 163.803080, 0.130549, 0.991442, 0.003747
36.350000, 1499.744489, 2927.212264, 163.833856, 0.130512, 0.991447, 0.003749
36.360000, 1500.463353, 2928.684811, 163.864627, 0.130474, 0.991452, 0.003751
36.370000, 1501.182310, 2930.157656, 163.895390, 0.130437, 0.991457, 0.003753
36.380000, 1501.901360, 2931.630797, 163.926148, 0.130400, 0.991461, 0.003755
36.390000, 1502.620504, 2933.104235, 163.956898, 0.130363, 0.991466, 0.003756
36.400000, 1503.339741, 2934.577969, 163.987644, 0.130325, 0.991471, 0.003758
36.410000, 1504.059071, 2936.052000, 164.018381, 0.130288, 0.991476, 0.003760
36.420000, 1504.778494, 2937.526328, 164.049114, 0.130251, 0.991481, 0.003762
36.430000, 1505.498010, 2939.000952, 164.079840, 0.130214, 0.991486, 0.003764
36.440000, 1506.217619, 2940.475872, 164.110560, 0.130176, 0.991491, 0.003766
36.450000, 1506.937321, 2941.951089, 164.141273, 0.130139, 0.991496, 0.003767
36.460000, 1507.657116, 2943.426602, 164.171978, 0.130101, 0.991501, 0.003769
36.470000, 1508.377003, 2944.902412, 164.202678, 0.130064, 0.991506, 0.003771
36.480000, 1509.096983, 2946.378518, 164.233370, 0.130027, 0.991510, 0.003773
36.490000, 1509.817055, 2947.854920, 164.264058, 0.129989, 0.991515, 0.003775
36.500000, 1510.537220, 2949.331619, 164.294738, 0.129952, 0.991520, 0.003777
36.510000, 1511.257478, 2950.808614, 164.325413, 0.129914, 0.991525, 0.003778
36.520000, 1511.977827, 2952.285904, 164.356080, 0.129877, 0.991530, 0.003780
36.530000, 1512.698269, 2953.763491, 164.386742, 0.129839, 0.991535, 0.003782
36.540000, 1513.418804, 2955.241375, 164.417397, 0.129802, 0.991540, 0.003784
36.550000, 1514.139430, 2956.719554, 164.448047, 0.129764, 0.991545, 0.003786
36.560000, 1514.860148, 2958.198029, 164.478689, 0.129727, 0.991550, 0.003787
36.570000, 1515.580959, 2959.676800, 164.509327, 0.129689, 0.991555, 0.003789
36.580000, 1516.301861, 2961.155867, 164.539957, 0.129652, 0.991560, 0.003791
36.590000, 1517.022855, 2962.635230, 164.570581, 0.129614, 0.991565, 0.003793
36.600000, 1517.743941, 2964.114889, 164.601199, 0.129576, 0.991569, 0.003795
36.610000, 1518.465119, 2965.594844, 164.631811, 0.129539, 0.991574, 0.003797
36.620000, 1519.186388, 2967.075095, 164.662416, 0.129501, 0.991579, 0.003798
36.630000, 1519.907749, 2968.555641, 164.693016, 0.129463, 0.991584, 0.003800
36.640000, 1520.629202, 2970.036483, 164.723608, 0.129426, 0.991589, 0.003802
36.650000, 1521.350745, 2971.517621, 164.754195, 0.129388, 0.991594, 0.003804
36.660000, 1522.072381, 2972.999054, 164.784775, 0.129350, 0.991599, 0.003806
36.670000, 1522.794107, 2974.480783, 164.815347, 0.129312, 0.991604, 0.003808
36.680000, 1523.515925, 2975.962808, 164.845914, 0.129275, 0.991609, 0.003809
36.690000, 1524.237834, 2977.445128, 164.876474, 0.129237, 0.991614, 0.003811
36.700000, 1524.959833, 2978.927743, 164.907029, 0.129199, 0.991619, 0.003813
36.710000, 1525.681924, 2980.410654, 164.937576, 0.129161, 0.991624, 0.003815
36.720000, 1526.404106, 2981.893861, 164.968118, 0.129123, 0.991629, 0.003817
36.730000, 1527.126379, 2983.377363, 164.998653, 0.129086, 0.991633, 0.003818
36.740000, 1527.848742, 2984.861160, 165.029183, 0.129048, 0.991638, 0.003820
36.750000, 1528.571196, 2986.345252, 165.059705, 0.129010, 0.991643, 0.003822
36.760000, 1529.293741, 2987.829640, 165.090222, 0.128972, 0.991648, 0.003824
36.770000, 1530.016377, 2989.314323, 165.120732, 0.128934, 0.991653, 0.003826
36.780000, 1530.739103, 2990.799301, 165.151237, 0.128896, 0.991658, 0.003828
36.790000, 1531.461919, 2992.284575, 165.181734, 0.128858, 0.991663, 0.003829
36.800000, 1532.184826, 2993.770143, 165.212227, 0.128820, 0.991668, 0.003831
36.810000, 1532.907823, 2995.256007, 165.242712, 0.128782, 0.991673, 0.003833
36.820000, 1533.630910, 2996.742165, 165.273192, 0.128744, 0.991678, 0.003835
36.830000, 1534.354087, 2998.228619, 165.303664, 0.128706, 0.991683, 0.003837
36.840000, 1535.077355, 2999.715368, 165.334132, 0.128668, 0.991688, 0.003839
36.850000, 1535.800712, 3001.202412, 165.364592, 0.128630, 0.991693, 0.003840
36.860000, 1536.524160, 3002.689750, 165.395047, 0.128592, 0.991698, 0.003842
36.870000, 1537.247697, 3004.177383, 165.425494, 0.128553, 0.991703, 0.003844
36.880000, 1537.971324, 3005.665312, 165.455937, 0.128515, 0.991708, 0.003846
36.890000, 1538.695041, 3007.153535, 165.486372, 0.128477, 0.991712, 0.003848
36.900000, 1539.418848, 3008.642053, 165.516803, 0.128439, 0.991717, 0.003849
36.910000, 1540.142744, 3010.130865, 165.547226, 0.128401, 0.991722, 0.003851
36.920000, 1540.866729, 3011.619973, 165.577643, 0.128363, 0.991727, 0.003853
36.930000, 1541.590804, 3013.109374, 165.608054, 0.128324, 0.991732, 0.003855
36.940000, 1542.314969, 3014.599071, 165.638459, 0.128286, 0.991737, 0.003857
36.950000, 1543.039222, 3016.089062, 165.668857, 0.128248, 0.991742, 0.003859
36.960000, 1543.763565, 3017.579348, 165.699251, 0.128210, 0.991747, 0.003860
36.970000, 1544.487997, 3019.069928, 165.729636, 0.128171, 0.991752, 0.003862
36.980000, 1545.212519, 3020.560803, 165.760017, 0.128133, 0.991757, 0.003864
36.990000, 1545.937129, 3022.051972, 165.790390, 0.128095, 0.991762, 0.003866
37.000000, 1546.661828, 3023.543435, 165.820759, 0.128056, 0.991767, 0.003868
37.010000, 1547.386616, 3025.035193, 165.851119, 0.128018, 0.991772, 0.003870
37.020000, 1548.111493, 3026.527246, 165.881475, 0.127979, 0.991777, 0.003871
37.030000, 1548.836458, 3028.019592, 165.911824, 0.127941, 0.991782, 0.003873
37.040000, 1549.561513, 3029.512233, 165.942168, 0.127903, 0.991787, 0.003875
37.050000, 1550.286655, 3031.005168, 165.972504, 0.127864, 0.991792, 0.003877
37.060000, 1551.011887, 3032.498397, 166.002835, 0.127826, 0.991797, 0.003879
37.070000, 1551.737207, 3033.991921, 166.033159, 0.127787, 0.991802, 0.003880
37.080000, 1552.462615, 3035.485738, 166.063475, 0.127749, 0.991807, 0.003882
37.090000, 1553.188111, 3036.979850, 166.093786, 0.127710, 0.991812, 0.003884
37.100000, 1553.913696, 3038.474255, 166.124090, 0.127672, 0.991816, 0.003886
37.110000, 1554.639369, 3039.968955, 166.154389, 0.127633, 0.991821, 0.003888
37.120000, 1555.365130, 3041.463949, 166.184681, 0.127595, 0.991826, 0.003890
37.130000, 1556.090979, 3042.959236, 166.214968, 0.127556, 0.991831, 0.003891
37.140000, 1556.816916, 3044.454818, 166.245247, 0.127517, 0.991836, 0.003893
37.150000, 1557.542941, 3045.950693, 166.275521, 0.127479, 0.991841, 0.003895
37.160000, 1558.269053, 3047.446862, 166.305788, 0.127440, 0.991846, 0.003897
37.170000, 1558.995254, 3048.943325, 166.336050, 0.127401, 0.991851, 0.003899
37.180000, 1559.721542, 3050.440081, 166.366305, 0.127363, 0.991856, 0.003901
37.190000, 1560.447917, 3051.937132, 166.396555, 0.127324, 0.991861, 0.003902
37.200000, 1561.174381, 3053.434476, 166.426797, 0.127285, 0.991866, 0.003904
37.210000, 1561.900931, 3054.932114, 166.457035, 0.127246, 0.991871, 0.003906
37.220000, 1562.627569, 3056.430045, 166.487265, 0.127208, 0.991876, 0.003908
37.230000, 1563.354294, 3057.928270, 166.517490, 0.127169, 0.991881, 0.003910
37.240000, 1564.081107, 3059.426788, 166.547708, 0.127130, 0.991886, 0.003911
37.250000, 1564.808007, 3060.925600, 166.577920, 0.127091, 0.991891, 0.003913
37.260000, 1565.534993, 3062.424705, 166.608126, 0.127053, 0.991896, 0.003915
37.270000, 1566.262067, 3063.924104, 166.638327, 0.127014, 0.991901, 0.003917
37.280000, 1566.989228, 3065.423797, 166.668520, 0.126975, 0.991906, 0.003919
37.290000, 1567.716476, 3066.923782, 166.698708, 0.126936, 0.991911, 0.003921
37.300000, 1568.443810, 3068.424061, 166.728889, 0.126897, 0.991916, 0.003922
37.310000, 1569.171231, 3069.924633, 166.759065, 0.126858, 0.991921, 0.003924
37.320000, 1569.898739, 3071.425499, 166.789234, 0.126819, 0.991926, 0.003926
37.330000, 1570.626334, 3072.926657, 166.819398, 0.126780, 0.991931, 0.003928
37.340000, 1571.354015, 3074.428109, 166.849554, 0.126741, 0.991936, 0.003930
37.350000, 1572.081782, 3075.929854, 166.879706, 0.126702, 0.991941, 0.003931
37.360000, 1572.809636, 3077.431892, 166.909850, 0.126663, 0.991946, 0.003933
37.370000, 1573.537576, 3078.934224, 166.939989, 0.126624, 0.991951, 0.003935
37.380000, 1574.265602, 3080.436848, 166.970121, 0.126585, 0.991956, 0.003937
37.390000, 1574.993715, 3081.939765, 167.000248, 0.126546, 0.991961, 0.003939
37.400000, 1575.721914, 3083.442976, 167.030368, 0.126507, 0.991966, 0.003941
37.410000, 1576.450198, 3084.946479, 167.060483, 0.126468, 0.991971, 0.003942
37.420000, 1577.178569, 3086.450275, 167.090590, 0.126429, 0.991976, 0.003944
37.430000, 1577.907026, 3087.954364, 167.120693, 0.126390, 0.991981, 0.003946
37.440000, 1578.635568, 3089.458746, 167.150788, 0.126350, 0.991986, 0.003948
37.450000, 1579.364196, 3090.963420, 167.180878, 0.126311, 0.991991, 0.003950
37.460000, 1580.092910, 3092.468388, 167.210961, 0.126272, 0.991996, 0.003951
37.470000, 1580.821709, 3093.973648, 167.241040, 0.126233, 0.992001, 0.003953
37.480000, 1581.550594, 3095.479201, 167.271111, 0.126194, 0.992006, 0.003955
37.490000, 1582.279564, 3096.985046, 167.301177, 0.126154, 0.992011, 0.003957
37.500000, 1583.008620, 3098.491184, 167.331235, 0.126115, 0.992016, 0.003959
37.510000, 1583.737761, 3099.997615, 167.361289, 0.126076, 0.992021, 0.003961
37.520000, 1584.466987, 3101.504338, 167.391335, 0.126036, 0.992026, 0.003962
37.530000, 1585.196299, 3103.011354, 167.421377, 0.125997, 0.992031, 0.003964
37.540000, 1585.925695, 3104.518662, 167.451414, 0.125958, 0.992036, 0.003966
37.550000, 1586.655177, 3106.026263, 167.481444, 0.125918, 0.992041, 0.003968
37.560000, 1587.384743, 3107.534156, 167.511469, 0.125879, 0.992046, 0.003970
37.570000, 1588.114395, 3109.042342, 167.541486, 0.125840, 0.992051, 0.003971
37.580000, 1588.844131, 3110.550820, 167.571499, 0.125800, 0.992056, 0.003973
37.590000, 1589.573952, 3112.059590, 167.601504, 0.125761, 0.992061, 0.003975
37.600000, 1590.303858, 3113.568653, 167.631504, 0.125721, 0.992066, 0.003977
37.610000, 1591.033848, 3115.078007, 167.661497, 0.125682, 0.992071, 0.003979
37.620000, 1591.763923, 3116.587654, 167.691486, 0.125642, 0.992076, 0.003980
37.630000, 1592.494082, 3118.097594, 167.721467, 0.125603, 0.992081, 0.003982
37.640000, 1593.224326, 3119.607825, 167.751443, 0.125563, 0.992086, 0.003984
37.650000, 1593.954654, 3121.118349, 167.781411, 0.125524, 0.992091, 0.003986
37.660000, 1594.685066, 3122.629164, 167.811376, 0.125484, 0.992096, 0.003988
37.670000, 1595.415562, 3124.140272, 167.841332, 0.125445, 0.992101, 0.003990
37.680000, 1596.146143, 3125.651671, 167.871284, 0.125405, 0.992106, 0.003991
37.690000, 1596.876807, 3127.163363, 167.901229, 0.125365, 0.992111, 0.003993
37.700000, 1597.607556, 3128.675347, 167.931168, 0.125326, 0.992116, 0.003995
37.710000, 1598.338388, 3130.187622, 167.961101, 0.125286, 0.992121, 0.003997
37.720000, 1599.069304, 3131.700189, 167.991028, 0.125246, 0.992126, 0.003999
37.730000, 1599.800304, 3133.213049, 168.020949, 0.125207, 0.992131, 0.004000
37.740000, 1600.531388, 3134.726200, 168.050864, 0.125167, 0.992136, 0.004002
37.750000, 1601.262555, 3136.239643, 168.080772, 0.125127, 0.992141, 0.004004
37.760000, 1601.993806, 3137.753377, 168.110676, 0.125088, 0.992146, 0.004006
37.770000, 1602.725140, 3139.267403, 168.140572, 0.125048, 0.992151, 0.004008
37.780000, 1603.456558, 3140.781721, 168.170463, 0.125008, 0.992156, 0.004010
37.790000, 1604.188059, 3142.296331, 168.200347, 0.124968, 0.992161, 0.004011
37.800000, 1604.919643, 3143.811232, 168.230226, 0.124928, 0.992166, 0.004013
37.810000, 1605.651310, 3145.326425, 168.260098, 0.124889, 0.992171, 0.004015
37.820000, 1606.383061, 3146.841909, 168.289965, 0.124849, 0.992176, 0.004017
37.830000, 1607.114894, 3148.357685, 168.319825, 0.124809, 0.992181, 0.004019
37.840000, 1607.846811, 3149.873752, 168.349680, 0.124769, 0.992186, 0.004020
37.850000, 1608.578810, 3151.390111, 168.379528, 0.124729, 0.992191, 0.004022
37.860000, 1609.310892, 3152.906761, 168.409371, 0.124689, 0.992196, 0.004024
37.870000, 1610.043057, 3154.423702, 168.439207, 0.124649, 0.992201, 0.004026
37.880000, 1610.775304, 3155.940935, 168.469038, 0.124609, 0.992206, 0.004028
37.890000, 1611.507635, 3157.458459, 168.498861, 0.124569, 0.992211, 0.004029
37.900000, 1612.240047, 3158.976274, 168.528680, 0.124529, 0.992216, 0.004031
37.910000, 1612.972542, 3160.494381, 168.558492, 0.124489, 0.992221, 0.004033
37.920000, 1613.705120, 3162.012778, 168.588299, 0.124449, 0.992226, 0.004035
37.930000, 1614.437780, 3163.531467, 168.618101, 0.124409, 0.992231, 0.004037
37.940000, 1615.170522, 3165.050447, 168.647896, 0.124369, 0.992236, 0.004039
37.950000, 1615.903346, 3166.569718, 168.677686, 0.124329, 0.992241, 0.004040
37.960000, 1616.636252, 3168.089281, 168.707469, 0.124289, 0.992246, 0.004042
37.970000, 1617.369241, 3169.609134, 168.737247, 0.124249, 0.992251, 0.004044
37.980000, 1618.102311, 3171.129278, 168.767018, 0.124209, 0.992256, 0.004046
37.990000, 1618.835463, 3172.649713, 168.796784, 0.124168, 0.992261, 0.004048
38.000000, 1619.568697, 3174.170440, 168.826543, 0.124128, 0.992266, 0.004049
38.010000, 1620.302013, 3175.691457, 168.856297, 0.124088, 0.992271, 0.004051
38.020000, 1621.035410, 3177.212765, 168.886044, 0.124048, 0.992276, 0.004053
38.030000, 1621.768889, 3178.734363, 168.915786, 0.124008, 0.992281, 0.004055
38.040000, 1622.502450, 3180.256253, 168.945521, 0.123967, 0.992286, 0.004057
38.050000, 1623.236092, 3181.778433, 168.975251, 0.123927, 0.992291, 0.004058
38.060000, 1623.969815, 3183.300904, 169.004973, 0.123887, 0.992296, 0.004060
38.070000, 1624.703620, 3184.823666, 169.034692, 0.123847, 0.992301, 0.004062
38.080000, 1625.437506, 3186.346718, 169.064402, 0.123806, 0.992306, 0.004064
38.090000, 1626.171473, 3187.870061, 169.094109, 0.123766, 0.992311, 0.004066
38.100000, 1626.905521, 3189.393695, 169.123807, 0.123725, 0.992316, 0.004068
38.110000, 1627.639650, 3190.917619, 169.153502, 0.123685, 0.992322, 0.004069
38.120000, 1628.373860, 3192.441834, 169.183188, 0.123645, 0.992327, 0.004071
38.130000, 1629.108152, 3193.966339, 169.212871, 0.123604, 0.992332, 0.004073
38.140000, 1629.842523, 3195.491135, 169.242545, 0.123564, 0.992337, 0.004075
38.150000, 1630.576976, 3197.016221, 169.272216, 0.123523, 0.992342, 0.004077
38.160000, 1631.311509, 3198.541598, 169.301881, 0.123483, 0.992347, 0.004078
38.170000, 1632.046123, 3200.067265, 169.331540, 0.123442, 0.992352, 0.004080
38.180000, 1632.780817, 3201.593222, 169.361193, 0.123402, 0.992357, 0.004082
38.190000, 1633.515592, 3203.119469, 169.390840, 0.123361, 0.992362, 0.004084
38.200000, 1634.250447, 3204.646007, 169.420481, 0.123321, 0.992367, 0.004086
38.210000, 1634.985383, 3206.172835, 169.450116, 0.123280, 0.992372, 0.004087
38.220000, 1635.720399, 3207.699954, 169.479746, 0.123240, 0.992377, 0.004089
38.230000, 1636.455495, 3209.227362, 169.509368, 0.123199, 0.992382, 0.004091
38.240000, 1637.190671, 3210.755061, 169.538986, 0.123158, 0.992387, 0.004093
38.250000, 1637.925927, 3212.283049, 169.568597, 0.123118, 0.992392, 0.004095
38.260000, 1638.661262, 3213.811328, 169.598203, 0.123077, 0.992397, 0.004096
38.270000, 1639.396678, 3215.339897, 169.627801, 0.123037, 0.992402, 0.004098
38.280000, 1640.132174, 3216.868756, 169.657395, 0.122996, 0.992407, 0.004100
38.290000, 1640.867749, 3218.397905, 169.686982, 0.122955, 0.992412, 0.004102
38.300000, 1641.603404, 3219.927343, 169.716564, 0.122914, 0.992417, 0.004104
38.310000, 1642.339139, 3221.457072, 169.746139, 0.122874, 0.992422, 0.004105
38.320000, 1643.074953, 3222.987091, 169.775709, 0.122833, 0.992427, 0.004107
38.330000, 1643.810847, 3224.517399, 169.805272, 0.122792, 0.992432, 0.004109
38.340000, 1644.546820, 3226.047997, 169.834830, 0.122751, 0.992437, 0.004111
38.350000, 1645.282872, 3227.578885, 169.864384, 0.122711, 0.992443, 0.004113
38.360000, 1646.019003, 3229.110063, 169.893930, 0.122670, 0.992448, 0.004115
38.370000, 1646.755214, 3230.641530, 169.923472, 0.122629, 0.992453, 0.004116
38.380000, 1647.491504, 3232.173287, 169.953007, 0.122588, 0.992458, 0.004118
38.390000, 1648.227872, 3233.705334, 169.982537, 0.122547, 0.992463, 0.004120
38.400000, 1648.964320, 3235.237671, 170.012060, 0.122506, 0.992468, 0.004122
38.410000, 1649.700846, 3236.770297, 170.041578, 0.122465, 0.992473, 0.004124
38.420000, 1650.437452, 3238.303212, 170.071089, 0.122424, 0.992478, 0.004125
38.430000, 1651.174136, 3239.836417, 170.100595, 0.122383, 0.992483, 0.004127
38.440000, 1651.910899, 3241.369912, 170.130094, 0.122342, 0.992488, 0.004129
38.450000, 1652.647740, 3242.903696, 170.159588, 0.122301, 0.992493, 0.004131
38.460000, 1653.384660, 3244.437769, 170.189075, 0.122260, 0.992498, 0.004133
38.470000, 1654.121658, 3245.972132, 170.218558, 0.122219, 0.992503, 0.004134
38.480000, 1654.858734, 3247.506784, 170.248033, 0.122178, 0.992508, 0.004136
38.490000, 1655.595889, 3249.041726, 170.277504, 0.122137, 0.992513, 0.004138
38.500000, 1656.333122, 3250.576957, 170.306970, 0.122096, 0.992518, 0.004140
38.510000, 1657.070434, 3252.112477, 170.336429, 0.122055, 0.992523, 0.004142
38.520000, 1657.807823, 3253.648286, 170.365883, 0.122014, 0.992528, 0.004143
38.530000, 1658.545290, 3255.184385, 170.395330, 0.121973, 0.992533, 0.004145
38.540000, 1659.282836, 3256.720773, 170.424773, 0.121932, 0.992539, 0.004147
38.550000, 1660.020459, 3258.257450, 170.454208, 0.121890, 0.992544, 0.004149
38.560000, 1660.758160, 3259.794416, 170.483639, 0.121849, 0.992549, 0.004151
38.570000, 1661.495938, 3261.331671, 170.513062, 0.121808, 0.992554, 0.004152
38.580000, 1662.233794, 3262.869215, 170.542481, 0.121767, 0.992559, 0.004154
38.590000, 1662.971728, 3264.407048, 170.571893, 0.121725, 0.992564, 0.004156
38.600000, 1663.709740, 3265.945170, 170.601300, 0.121684, 0.992569, 0.004158
38.610000, 1664.447828, 3267.483581, 170.630700, 0.121643, 0.992574, 0.004160
38.620000, 1665.185995, 3269.022281, 170.660095, 0.121602, 0.992579, 0.004161
38.630000, 1665.924238, 3270.561270, 170.689486, 0.121560, 0.992584, 0.004163
38.640000, 1666.662559, 3272.100547, 170.718869, 0.121519, 0.992589, 0.004165
38.650000, 1667.400956, 3273.640114, 170.748248, 0.121478, 0.992594, 0.004167
38.660000, 1668.139431, 3275.179969, 170.777620, 0.121436, 0.992599, 0.004169
38.670000, 1668.877983, 3276.720113, 170.806987, 0.121395, 0.992604, 0.004170
38.680000, 1669.616612, 3278.260546, 170.836347, 0.121353, 0.992609, 0.004172
38.690000, 1670.355317, 3279.801268, 170.865703, 0.121312, 0.992614, 0.004174
38.700000, 1671.094100, 3281.342278, 170.895051, 0.121271, 0.992619, 0.004176
38.710000, 1671.832959, 3282.883577, 170.924395, 0.121229, 0.992625, 0.004178
38.720000, 1672.571895, 3284.425164, 170.953731, 0.121188, 0.992630, 0.004179
38.730000, 1673.310907, 3285.967040, 170.983063, 0.121146, 0.992635, 0.004181
38.740000, 1674.049996, 3287.509205, 171.012388, 0.121105, 0.992640, 0.004183
38.750000, 1674.789161, 3289.051658, 171.041708, 0.121063, 0.992645, 0.004185
38.760000, 1675.528402, 3290.594399, 171.071023, 0.121021, 0.992650, 0.004187
38.770000, 1676.267720, 3292.137429, 171.100332, 0.120980, 0.992655, 0.004188
38.780000, 1677.007114, 3293.680748, 171.129636, 0.120938, 0.992660, 0.004190
38.790000, 1677.746584, 3295.224355, 171.158933, 0.120897, 0.992665, 0.004192
38.800000, 1678.486131, 3296.768250, 171.188225, 0.120855, 0.992670, 0.004194
38.810000, 1679.225753, 3298.312433, 171.217510, 0.120813, 0.992675, 0.004196
38.820000, 1679.965451, 3299.856905, 171.246790, 0.120772, 0.992680, 0.004197
38.830000, 1680.705225, 3301.401665, 171.276063, 0.120730, 0.992685, 0.004199
38.840000, 1681.445075, 3302.946713, 171.305332, 0.120688, 0.992690, 0.004201
38.850000, 1682.185000, 3304.492050, 171.334594, 0.120647, 0.992696, 0.004203
38.860000, 1682.925001, 3306.037674, 171.363851, 0.120605, 0.992701, 0.004205
38.870000, 1683.665078, 3307.583587, 171.393103, 0.120563, 0.992706, 0.004206
38.880000, 1684.405230, 3309.129788, 171.422349, 0.120521, 0.992711, 0.004208
38.890000, 1685.145457, 3310.676277, 171.451590, 0.120480, 0.992716, 0.004210
38.900000, 1685.885760, 3312.223054, 171.480823, 0.120438, 0.992721, 0.004212
38.910000, 1686.626138, 3313.770119, 171.510053, 0.120396, 0.992726, 0.004214
38.920000, 1687.366591, 3315.317472, 171.539275, 0.120354, 0.992731, 0.004215
38.930000, 1688.107120, 3316.865113, 171.568492, 0.120312, 0.992736, 0.004217
38.940000, 1688.847723, 3318.413042, 171.597702, 0.120270, 0.992741, 0.004219
38.950000, 1689.588402, 3319.961258, 171.626908, 0.120228, 0.992746, 0.004221
38.960000, 1690.329155, 3321.509763, 171.656107, 0.120186, 0.992751, 0.004223
38.970000, 1691.069983, 3323.058555, 171.685301, 0.120145, 0.992756, 0.004224
38.980000, 1691.810886, 3324.607635, 171.714491, 0.120103, 0.992761, 0.004226
38.990000, 1692.551864, 3326.157003, 171.743673, 0.120061, 0.992767, 0.004228
39.000000, 1693.292916, 3327.706659, 171.772851, 0.120019, 0.992772, 0.004230
39.010000, 1694.034043, 3329.256603, 171.802022, 0.119977, 0.992777, 0.004232
39.020000, 1694.775244, 3330.806834, 171.831189, 0.119935, 0.992782, 0.004233
39.030000, 1695.516519, 3332.357352, 171.860348, 0.119893, 0.992787, 0.004235
39.040000, 1696.257869, 3333.908159, 171.889503, 0.119850, 0.992792, 0.004237
39.050000, 1696.999293, 3335.459253, 171.918650, 0.119808, 0.992797, 0.004239
39.060000, 1697.740792, 3337.010634, 171.947793, 0.119766, 0.992802, 0.004241
39.070000, 1698.482364, 3338.562303, 171.976932, 0.119724, 0.992807, 0.004242
39.080000, 1699.224011, 3340.114260, 172.006063, 0.119682, 0.992812, 0.004244
39.090000, 1699.965731, 3341.666504, 172.035191, 0.119640, 0.992817, 0.004246
39.100000, 1700.707526, 3343.219035, 172.064310, 0.119598, 0.992822, 0.004248
39.110000, 1701.449394, 3344.771854, 172.093426, 0.119556, 0.992828, 0.004249
39.120000, 1702.191336, 3346.324960, 172.122534, 0.119513, 0.992833, 0.004251
39.130000, 1702.933351, 3347.878354, 172.151638, 0.119471, 0.992838, 0.004253
39.140000, 1703.675441, 3349.432035, 172.180735, 0.119429, 0.992843, 0.004255
39.150000, 1704.417603, 3350.986003, 172.209827, 0.119387, 0.992848, 0.004257
39.160000, 1705.159839, 3352.540258, 172.238912, 0.119344, 0.992853, 0.004258
39.170000, 1705.902149, 3354.094801, 172.267992, 0.119302, 0.992858, 0.004260
39.180000, 1706.644532, 3355.649631, 172.297069, 0.119260, 0.992863, 0.004262
39.190000, 1707.386988, 3357.204747, 172.326138, 0.119217, 0.992868, 0.004264
39.200000, 1708.129517, 3358.760152, 172.355202, 0.119175, 0.992873, 0.004266
39.210000, 1708.872120, 3360.315843, 172.384260, 0.119133, 0.992878, 0.004267
39.220000, 1709.614795, 3361.871821, 172.413313, 0.119090, 0.992883, 0.004269
39.230000, 1710.357543, 3363.428086, 172.442359, 0.119048, 0.992889, 0.004271
39.240000, 1711.100364, 3364.984639, 172.471400, 0.119005, 0.992894, 0.004273
39.250000, 1711.843258, 3366.541478, 172.500434, 0.118963, 0.992899, 0.004275
39.260000, 1712.586225, 3368.098604, 172.529464, 0.118921, 0.992904, 0.004276
39.270000, 1713.329265, 3369.656017, 172.558490, 0.118878, 0.992909, 0.004278
39.280000, 1714.072377, 3371.213717, 172.587508, 0.118836, 0.992914, 0.004280
39.290000, 1714.815561, 3372.771704, 172.616522, 0.118793, 0.992919, 0.004282
39.300000, 1715.558818, 3374.329978, 172.645529, 0.118751, 0.992924, 0.004284
39.310000, 1716.302147, 3375.888538, 172.674531, 0.118708, 0.992929, 0.004285
39.320000, 1717.045549, 3377.447386, 172.703526, 0.118665, 0.992934, 0.004287
39.330000, 1717.789023, 3379.006520, 172.732517, 0.118623, 0.992939, 0.004289
39.340000, 1718.532569, 3380.565940, 172.761504, 0.118580, 0.992944, 0.004291
39.350000, 1719.276187, 3382.125648, 172.790483, 0.118538, 0.992950, 0.004292
39.360000, 1720.019877, 3383.685642, 172.819458, 0.118495, 0.992955, 0.004294
39.370000, 1720.763639, 3385.245923, 172.848426, 0.118452, 0.992960, 0.004296
39.380000, 1721.507473, 3386.806490, 172.877389, 0.118410, 0.992965, 0.004298
39.390000, 1722.251378, 3388.367344, 172.906345, 0.118367, 0.992970, 0.004300
39.400000, 1722.995356, 3389.928484, 172.935297, 0.118324, 0.992975, 0.004301
39.410000, 1723.739405, 3391.489911, 172.964242, 0.118281, 0.992980, 0.004303
39.420000, 1724.483525, 3393.051625, 172.993182, 0.118239, 0.992985, 0.004305
39.430000, 1725.227717, 3394.613625, 173.022119, 0.118196, 0.992990, 0.004307
39.440000, 1725.971981, 3396.175911, 173.051047, 0.118153, 0.992995, 0.004309
39.450000, 1726.716315, 3397.738483, 173.079972, 0.118110, 0.993000, 0.004310
39.460000, 1727.460722, 3399.301342, 173.108889, 0.118068, 0.993006, 0.004312
39.470000, 1728.205199, 3400.864488, 173.137802, 0.118025, 0.993011, 0.004314
39.480000, 1728.949747, 3402.427919, 173.166708, 0.117982, 0.993016, 0.004316
39.490000, 1729.694367, 3403.991637, 173.195610, 0.117939, 0.993021, 0.004318
39.500000, 1730.439057, 3405.555641, 173.224504, 0.117896, 0.993026, 0.004319
39.510000, 1731.183819, 3407.119932, 173.253394, 0.117853, 0.993031, 0.004321
39.520000, 1731.928651, 3408.684508, 173.282280, 0.117810, 0.993036, 0.004323
39.530000, 1732.673554, 3410.249371, 173.311158, 0.117767, 0.993041, 0.004325
39.540000, 1733.418528, 3411.814520, 173.340033, 0.117724, 0.993046, 0.004326
39.550000, 1734.163572, 3413.379955, 173.368900, 0.117681, 0.993051, 0.004328
39.560000, 1734.908687, 3414.945676, 173.397763, 0.117638, 0.993057, 0.004330
39.570000, 1735.653873, 3416.511683, 173.426618, 0.117595, 0.993062, 0.004332
39.580000, 1736.399128, 3418.077976, 173.455469, 0.117552, 0.993067, 0.004334
39.590000, 1737.144455, 3419.644555, 173.484316, 0.117509, 0.993072, 0.004335
39.600000, 1737.889851, 3421.211420, 173.513156, 0.117466, 0.993077, 0.004337
39.610000, 1738.635317, 3422.778571, 173.541992, 0.117423, 0.993082, 0.004339
39.620000, 1739.380854, 3424.346007, 173.570820, 0.117380, 0.993087, 0.004341
39.630000, 1740.126461, 3425.913730, 173.599644, 0.117337, 0.993092, 0.004342
39.640000, 1740.872138, 3427.481738, 173.628461, 0.117294, 0.993097, 0.004344
39.650000, 1741.617884, 3429.050033, 173.657274, 0.117251, 0.993102, 0.004346
39.660000, 1742.363701, 3430.618613, 173.686082, 0.117207, 0.993107, 0.004348
39.670000, 1743.109587, 3432.187478, 173.714884, 0.117164, 0.993113, 0.004350
39.680000, 1743.855543, 3433.756630, 173.743681, 0.117121, 0.993118, 0.004351
39.690000, 1744.601568, 3435.326067, 173.772470, 0.117078, 0.993123, 0.004353
39.700000, 1745.347663, 3436.895790, 173.801256, 0.117034, 0.993128, 0.004355
39.710000, 1746.093828, 3438.465798, 173.830034, 0.116991, 0.993133, 0.004357
39.720000, 1746.840062, 3440.036093, 173.858808, 0.116948, 0.993138, 0.004359
39.730000, 1747.586365, 3441.606672, 173.887578, 0.116905, 0.993143, 0.004360
39.740000, 1748.332737, 3443.177537, 173.916341, 0.116861, 0.993148, 0.004362
39.750000, 1749.079179, 3444.748688, 173.945099, 0.116818, 0.993153, 0.004364
39.760000, 1749.825690, 3446.320124, 173.973851, 0.116775, 0.993158, 0.004366
39.770000, 1750.572269, 3447.891846, 174.002598, 0.116731, 0.993164, 0.004367
39.780000, 1751.318918, 3449.463853, 174.031338, 0.116688, 0.993169, 0.004369
39.790000, 1752.065636, 3451.036146, 174.060073, 0.116644, 0.993174, 0.004371
39.800000, 1752.812422, 3452.608724, 174.088805, 0.116601, 0.993179, 0.004373
39.810000, 1753.559277, 3454.181587, 174.117529, 0.116558, 0.993184, 0.004375
39.820000, 1754.306201, 3455.754736, 174.146249, 0.116514, 0.993189, 0.004376
39.830000, 1755.053193, 3457.328169, 174.174962, 0.116471, 0.993194, 0.004378
39.840000, 1755.800254, 3458.901889, 174.203670, 0.116427, 0.993199, 0.004380
39.850000, 1756.547384, 3460.475893, 174.232372, 0.116384, 0.993204, 0.004382
39.860000, 1757.294581, 3462.050182, 174.261069, 0.116340, 0.993209, 0.004383
39.870000, 1758.041847, 3463.624757, 174.289762, 0.116296, 0.993215, 0.004385
39.880000, 1758.789181, 3465.199617, 174.318448, 0.116253, 0.993220, 0.004387
39.890000, 1759.536584, 3466.774762, 174.347130, 0.116209, 0.993225, 0.004389
39.900000, 1760.284054, 3468.350192, 174.375804, 0.116166, 0.993230, 0.004391
39.910000, 1761.031593, 3469.925907, 174.404475, 0.116122, 0.993235, 0.004392
39.920000, 1761.779199, 3471.501908, 174.433138, 0.116078, 0.993240, 0.004394
39.930000, 1762.526873, 3473.078193, 174.461797, 0.116035, 0.993245, 0.004396
39.940000, 1763.274615, 3474.654763, 174.490451, 0.115991, 0.993250, 0.004398
39.950000, 1764.022425, 3476.231618, 174.519099, 0.115947, 0.993255, 0.004399
39.960000, 1764.770303, 3477.808758, 174.547742, 0.115904, 0.993260, 0.004401
39.970000, 1765.518248, 3479.386183, 174.576379, 0.115860, 0.993266, 0.004403
39.980000, 1766.266260, 3480.963893, 174.605011, 0.115816, 0.993271, 0.004405
39.990000, 1767.014340, 3482.541888, 174.633636, 0.115772, 0.993276, 0.004407
40.000000, 1767.762487, 3484.120167, 174.662256, 0.115729, 0.993281, 0.004408
40.010000, 1768.510702, 3485.698732, 174.690873, 0.115685, 0.993286, 0.004410
40.020000, 1769.258983, 3487.277581, 174.719482, 0.115641, 0.993291, 0.004412
40.030000, 1770.007332, 3488.856714, 174.748088, 0.115597, 0.993296, 0.004414
40.040000, 1770.755748, 3490.436133, 174.776686, 0.115553, 0.993301, 0.004415
40.050000, 1771.504231, 3492.015836, 174.805280, 0.115509, 0.993306, 0.004417
40.060000, 1772.252781, 3493.595824, 174.833869, 0.115466, 0.993311, 0.004419
40.070000, 1773.001397, 3495.176096, 174.862452, 0.115422, 0.993317, 0.004421
40.080000, 1773.750081, 3496.756653, 174.891030, 0.115378, 0.993322, 0.004423
40.090000, 1774.498831, 3498.337495, 174.919602, 0.115334, 0.993327, 0.004424
40.100000, 1775.247648, 3499.918621, 174.948169, 0.115290, 0.993332, 0.004426
40.110000, 1775.996531, 3501.500031, 174.976729, 0.115246, 0.993337, 0.004428
40.120000, 1776.745481, 3503.081726, 175.005285, 0.115202, 0.993342, 0.004430
40.130000, 1777.494497, 3504.663706, 175.033836, 0.115158, 0.993347, 0.004431
40.140000, 1778.243579, 3506.245970, 175.062381, 0.115114, 0.993352, 0.004433
40.150000, 1778.992728, 3507.828518, 175.090921, 0.115070, 0.993357, 0.004435
40.160000, 1779.741943, 3509.411351, 175.119455, 0.115026, 0.993363, 0.004437
40.170000, 1780.491224, 3510.994468, 175.147984, 0.114982, 0.993368, 0.004438
40.180000, 1781.240571, 3512.577869, 175.176506, 0.114937, 0.993373, 0.004440
40.190000, 1781.989984, 3514.161555, 175.205024, 0.114893, 0.993378, 0.004442
40.200000, 1782.739463, 3515.745525, 175.233537, 0.114849, 0.993383, 0.004444
40.210000, 1783.489007, 3517.329779, 175.262044, 0.114805, 0.993388, 0.004446
40.220000, 1784.238618, 3518.914317, 175.290546, 0.114761, 0.993393, 0.004447
40.230000, 1784.988294, 3520.499140, 175.319042, 0.114717, 0.993398, 0.004449
40.240000, 1785.738036, 3522.084246, 175.347533, 0.114672, 0.993403, 0.004451
40.250000, 1786.487843, 3523.669637, 175.376020, 0.114628, 0.993408, 0.004453
40.260000, 1787.237716, 3525.255312, 175.404500, 0.114584, 0.993414, 0.004454
40.270000, 1787.987654, 3526.841271, 175.432976, 0.114540, 0.993419, 0.004456
40.280000, 1788.737657, 3528.427514, 175.461444, 0.114495, 0.993424, 0.004458
40.290000, 1789.487726, 3530.014041, 175.489909, 0.114451, 0.993429, 0.004460
40.300000, 1790.237859, 3531.600852, 175.518369, 0.114407, 0.993434, 0.004462
40.310000, 1790.988058, 3533.187947, 175.546823, 0.114362, 0.993439, 0.004463
40.320000, 1791.738322, 3534.775326, 175.575272, 0.114318, 0.993444, 0.004465
40.330000, 1792.488651, 3536.362989, 175.603714, 0.114274, 0.993449, 0.004467
40.340000, 1793.239044, 3537.950935, 175.632152, 0.114229, 0.993454, 0.004469
40.350000, 1793.989503, 3539.539166, 175.660583, 0.114185, 0.993460, 0.004470
40.360000, 1794.740026, 3541.127680, 175.689010, 0.114140, 0.993465, 0.004472
40.370000, 1795.490614, 3542.716478, 175.717432, 0.114096, 0.993470, 0.004474
40.380000, 1796.241266, 3544.305560, 175.745848, 0.114052, 0.993475, 0.004476
40.390000, 1796.991983, 3545.894926, 175.774259, 0.114007, 0.993480, 0.004477
40.400000, 1797.742764, 3547.484575, 175.802664, 0.113963, 0.993485, 0.004479
40.410000, 1798.493610, 3549.074508, 175.831064, 0.113918, 0.993490, 0.004481
40.420000, 1799.244520, 3550.664725, 175.859460, 0.113873, 0.993495, 0.004483
40.430000, 1799.995494, 3552.255225, 175.887849, 0.113829, 0.993500, 0.004484
40.440000, 1800.746533, 3553.846009, 175.916234, 0.113784, 0.993505, 0.004486
40.450000, 1801.497635, 3555.437077, 175.944612, 0.113740, 0.993511, 0.004488
40.460000, 1802.248801, 3557.028428, 175.972986, 0.113695, 0.993516, 0.004490
40.470000, 1803.000031, 3558.620063, 176.001356, 0.113651, 0.993521, 0.004492
40.480000, 1803.751326, 3560.211981, 176.029718, 0.113606, 0.993526, 0.004493
40.490000, 1804.502683, 3561.804182, 176.058077, 0.113561, 0.993531, 0.004495
40.500000, 1805.254105, 3563.396667, 176.086428, 0.113517, 0.993536, 0.004497
40.510000, 1806.005590, 3564.989436, 176.114776, 0.113472, 0.993541, 0.004499
40.520000, 1806.757139, 3566.582488, 176.143116, 0.113427, 0.993546, 0.004500
40.530000, 1807.508751, 3568.175823, 176.171452, 0.113382, 0.993551, 0.004502
40.540000, 1808.260427, 3569.769442, 176.199784, 0.113338, 0.993557, 0.004504
40.550000, 1809.012166, 3571.363343, 176.228109, 0.113293, 0.993562, 0.004506
40.560000, 1809.763968, 3572.957529, 176.256430, 0.113248, 0.993567, 0.004507
40.570000, 1810.515833, 3574.551997, 176.284744, 0.113203, 0.993572, 0.004509
40.580000, 1811.267762, 3576.146749, 176.313054, 0.113159, 0.993577, 0.004511
40.590000, 1812.019753, 3577.741784, 176.341360, 0.113114, 0.993582, 0.004513
40.600000, 1812.771808, 3579.337102, 176.369658, 0.113069, 0.993587, 0.004514
40.610000, 1813.523925, 3580.932703, 176.397953, 0.113024, 0.993592, 0.004516
40.620000, 1814.276105, 3582.528587, 176.426241, 0.112979, 0.993597, 0.004518
40.630000, 1815.028348, 3584.124755, 176.454524, 0.112934, 0.993602, 0.004520
40.640000, 1815.780653, 3585.721205, 176.482804, 0.112889, 0.993608, 0.004522
40.650000, 1816.533022, 3587.317939, 176.511076, 0.112844, 0.993613, 0.004523
40.660000, 1817.285452, 3588.914955, 176.539344, 0.112799, 0.993618, 0.004525
40.670000, 1818.037945, 3590.512255, 176.567606, 0.112754, 0.993623, 0.004527
40.680000, 1818.790501, 3592.109838, 176.595863, 0.112709, 0.993628, 0.004529
40.690000, 1819.543119, 3593.707703, 176.624116, 0.112664, 0.993633, 0.004530
40.700000, 1820.295799, 3595.305852, 176.652362, 0.112619, 0.993638, 0.004532
40.710000, 1821.048541, 3596.904283, 176.680604, 0.112574, 0.993643, 0.004534
40.720000, 1821.801345, 3598.502997, 176.708839, 0.112529, 0.993648, 0.004536
40.730000, 1822.554211, 3600.101994, 176.737070, 0.112484, 0.993654, 0.004537
40.740000, 1823.307140, 3601.701274, 176.765297, 0.112439, 0.993659, 0.004539
40.750000, 1824.060130, 3603.300837, 176.793517, 0.112394, 0.993664, 0.004541
40.760000, 1824.813182, 3604.900682, 176.821733, 0.112349, 0.993669, 0.004543
40.770000, 1825.566295, 3606.500810, 176.849942, 0.112304, 0.993674, 0.004544
40.780000, 1826.319470, 3608.101221, 176.878147, 0.112258, 0.993679, 0.004546
40.790000, 1827.072707, 3609.701915, 176.906348, 0.112213, 0.993684, 0.004548
40.800000, 1827.826005, 3611.302891, 176.934541, 0.112168, 0.993689, 0.004550
40.810000, 1828.579365, 3612.904150, 176.962731, 0.112123, 0.993694, 0.004551
40.820000, 1829.332786, 3614.505692, 176.990914, 0.112078, 0.993699, 0.004553
40.830000, 1830.086268, 3616.107516, 177.019092, 0.112032, 0.993705, 0.004555
40.840000, 1830.839812, 3617.709622, 177.047267, 0.111987, 0.993710, 0.004557
40.850000, 1831.593416, 3619.312011, 177.075435, 0.111942, 0.993715, 0.004558
40.860000, 1832.347082, 3620.914683, 177.103598, 0.111896, 0.993720, 0.004560
40.870000, 1833.100809, 3622.517637, 177.131755, 0.111851, 0.993725, 0.004562
40.880000, 1833.854596, 3624.120874, 177.159907, 0.111806, 0.993730, 0.004564
40.890000, 1834.608445, 3625.724393, 177.188056, 0.111760, 0.993735, 0.004565
40.900000, 1835.362354, 3627.328194, 177.216197, 0.111715, 0.993740, 0.004567
40.910000, 1836.116324, 3628.932278, 177.244335, 0.111670, 0.993745, 0.004569
40.920000, 1836.870354, 3630.536644, 177.272465, 0.111624, 0.993751, 0.004571
40.930000, 1837.624445, 3632.141293, 177.300592, 0.111579, 0.993756, 0.004573
40.940000, 1838.378597, 3633.746224, 177.328714, 0.111533, 0.993761, 0.004574
40.950000, 1839.132808, 3635.351437, 177.356830, 0.111488, 0.993766, 0.004576
40.960000, 1839.887081, 3636.956932, 177.384941, 0.111442, 0.993771, 0.004578
40.970000, 1840.641413, 3638.562710, 177.413046, 0.111397, 0.993776, 0.004580
40.980000, 1841.395806, 3640.168769, 177.441146, 0.111351, 0.993781, 0.004581
40.990000, 1842.150258, 3641.775111, 177.469242, 0.111306, 0.993786, 0.004583
41.000000, 1842.904771, 3643.381735, 177.497332, 0.111260, 0.993791, 0.004585
41.010000, 1843.659344, 3644.988641, 177.525417, 0.111215, 0.993796, 0.004587
41.020000, 1844.413976, 3646.595830, 177.553496, 0.111169, 0.993802, 0.004588
41.030000, 1845.168668, 3648.203300, 177.581570, 0.111123, 0.993807, 0.004590
41.040000, 1845.923420, 3649.811053, 177.609641, 0.111078, 0.993812, 0.004592
41.050000, 1846.678232, 3651.419087, 177.637704, 0.111032, 0.993817, 0.004594
41.060000, 1847.433103, 3653.027403, 177.665764, 0.110986, 0.993822, 0.004595
41.070000, 1848.188034, 3654.636002, 177.693819, 0.110941, 0.993827, 0.004597
41.080000, 1848.943024, 3656.244882, 177.721868, 0.110895, 0.993832, 0.004599
41.090000, 1849.698074, 3657.854044, 177.749912, 0.110849, 0.993837, 0.004601
41.100000, 1850.453183, 3659.463489, 177.777950, 0.110803, 0.993842, 0.004602
41.110000, 1851.208351, 3661.073215, 177.805983, 0.110758, 0.993847, 0.004604
41.120000, 1851.963578, 3662.683223, 177.834013, 0.110712, 0.993853, 0.004606
41.130000, 1852.718864, 3664.293512, 177.862036, 0.110666, 0.993858, 0.004608
41.140000, 1853.474210, 3665.904084, 177.890054, 0.110620, 0.993863, 0.004609
41.150000, 1854.229614, 3667.514937, 177.918066, 0.110575, 0.993868, 0.004611
41.160000, 1854.985077, 3669.126072, 177.946074, 0.110529, 0.993873, 0.004613
41.170000, 1855.740599, 3670.737489, 177.974077, 0.110483, 0.993878, 0.004615
41.180000, 1856.496179, 3672.349187, 178.002074, 0.110437, 0.993883, 0.004616
41.190000, 1857.251818, 3673.961168, 178.030067, 0.110391, 0.993888, 0.004618
41.200000, 1858.007516, 3675.573429, 178.058053, 0.110345, 0.993893, 0.004620
41.210000, 1858.763272, 3677.185973, 178.086035, 0.110299, 0.993898, 0.004622
41.220000, 1859.519087, 3678.798798, 178.114013, 0.110253, 0.993904, 0.004623
41.230000, 1860.274959, 3680.411904, 178.141984, 0.110207, 0.993909, 0.004625
41.240000, 1861.030891, 3682.025293, 178.169951, 0.110161, 0.993914, 0.004627
41.250000, 1861.786880, 3683.638962, 178.197914, 0.110115, 0.993919, 0.004628
41.260000, 1862.542927, 3685.252913, 178.225870, 0.110069, 0.993924, 0.004630
41.270000, 1863.299033, 3686.867146, 178.253822, 0.110023, 0.993929, 0.004632
41.280000, 1864.055196, 3688.481660, 178.281767, 0.109977, 0.993934, 0.004634
41.290000, 1864.811417, 3690.096456, 178.309708, 0.109931, 0.993939, 0.004635
41.300000, 1865.567697, 3691.711533, 178.337645, 0.109885, 0.993944, 0.004637
41.310000, 1866.324033, 3693.326891, 178.365576, 0.109839, 0.993949, 0.004639
41.320000, 1867.080428, 3694.942530, 178.393502, 0.109793, 0.993954, 0.004641
41.330000, 1867.836880, 3696.558451, 178.421422, 0.109747, 0.993960, 0.004642
41.340000, 1868.593390, 3698.174654, 178.449337, 0.109700, 0.993965, 0.004644
41.350000, 1869.349957, 3699.791137, 178.477249, 0.109654, 0.993970, 0.004646
41.360000, 1870.106581, 3701.407902, 178.505153, 0.109608, 0.993975, 0.004648
41.370000, 1870.863263, 3703.024948, 178.533054, 0.109562, 0.993980, 0.004649
41.380000, 1871.620002, 3704.642275, 178.560951, 0.109516, 0.993985, 0.004651
41.390000, 1872.376798, 3706.259884, 178.588841, 0.109469, 0.993990, 0.004653
41.400000, 1873.133651, 3707.877773, 178.616726, 0.109423, 0.993995, 0.004655
41.410000, 1873.890561, 3709.495944, 178.644605, 0.109377, 0.994000, 0.004656
41.420000, 1874.647528, 3711.114396, 178.672480, 0.109331, 0.994005, 0.004658
41.430000, 1875.404552, 3712.733129, 178.700352, 0.109284, 0.994011, 0.004660
41.440000, 1876.161633, 3714.352143, 178.728216, 0.109238, 0.994016, 0.004662
41.450000, 1876.918770, 3715.971438, 178.756076, 0.109192, 0.994021, 0.004663
41.460000, 1877.675965, 3717.591014, 178.783929, 0.109145, 0.994026, 0.004665
41.470000, 1878.433215, 3719.210871, 178.811779, 0.109099, 0.994031, 0.004667
41.480000, 1879.190522, 3720.831009, 178.839624, 0.109052, 0.994036, 0.004669
41.490000, 1879.947886, 3722.451428, 178.867463, 0.109006, 0.994041, 0.004670
41.500000, 1880.705306, 3724.072128, 178.895298, 0.108959, 0.994046, 0.004672
41.510000, 1881.462782, 3725.693108, 178.923128, 0.108913, 0.994051, 0.004674
41.520000, 1882.220314, 3727.314370, 178.950952, 0.108867, 0.994056, 0.004676
41.530000, 1882.977903, 3728.935912, 178.978772, 0.108820, 0.994061, 0.004677
41.540000, 1883.735547, 3730.557736, 179.006585, 0.108774, 0.994067, 0.004679
41.550000, 1884.493247, 3732.179840, 179.034394, 0.108727, 0.994072, 0.004681
41.560000, 1885.251004, 3733.802224, 179.062200, 0.108680, 0.994077, 0.004682
41.570000, 1886.008816, 3735.424890, 179.089998, 0.108634, 0.994082, 0.004684
41.580000, 1886.766684, 3737.047836, 179.117792, 0.108587, 0.994087, 0.004686
41.590000, 1887.524607, 3738.671063, 179.145583, 0.108541, 0.994092, 0.004688
41.600000, 1888.282586, 3740.294571, 179.173367, 0.108494, 0.994097, 0.004689
41.610000, 1889.040621, 3741.918359, 179.201146, 0.108447, 0.994102, 0.004691
41.620000, 1889.798711, 3743.542428, 179.228919, 0.108401, 0.994107, 0.004693
41.630000, 1890.556857, 3745.166778, 179.256688, 0.108354, 0.994112, 0.004695
41.640000, 1891.315057, 3746.791408, 179.284453, 0.108307, 0.994117, 0.004696
41.650000, 1892.073313, 3748.416319, 179.312211, 0.108261, 0.994123, 0.004698
41.660000, 1892.831625, 3750.041510, 179.339966, 0.108214, 0.994128, 0.004700
41.670000, 1893.589991, 3751.666982, 179.367716, 0.108167, 0.994133, 0.004702
41.680000, 1894.348412, 3753.292734, 179.395460, 0.108121, 0.994138, 0.004703
41.690000, 1895.106888, 3754.918767, 179.423199, 0.108074, 0.994143, 0.004705
41.700000, 1895.865419, 3756.545080, 179.450932, 0.108027, 0.994148, 0.004707
41.710000, 1896.624005, 3758.171673, 179.478661, 0.107980, 0.994153, 0.004709
41.720000, 1897.382646, 3759.798547, 179.506386, 0.107933, 0.994158, 0.004710
41.730000, 1898.141341, 3761.425701, 179.534104, 0.107886, 0.994163, 0.004712
41.740000, 1898.900091, 3763.053136, 179.561818, 0.107840, 0.994168, 0.004714
41.750000, 1899.658895, 3764.680851, 179.589529, 0.107793, 0.994173, 0.004715
41.760000, 1900.417753, 3766.308846, 179.617232, 0.107746, 0.994178, 0.004717
41.770000, 1901.176666, 3767.937122, 179.644932, 0.107699, 0.994184, 0.004719
41.780000, 1901.935634, 3769.565678, 179.672625, 0.107652, 0.994189, 0.004721
41.790000, 1902.694655, 3771.194514, 179.700314, 0.107605, 0.994194, 0.004722
41.800000, 1903.453731, 3772.823630, 179.727999, 0.107558, 0.994199, 0.004724
41.810000, 1904.212860, 3774.453026, 179.755677, 0.107511, 0.994204, 0.004726
41.820000, 1904.972044, 3776.082703, 179.783351, 0.107464, 0.994209, 0.004728
41.830000, 1905.731281, 3777.712660, 179.811022, 0.107417, 0.994214, 0.004729
41.840000, 1906.490572, 3779.342896, 179.838685, 0.107370, 0.994219, 0.004731
41.850000, 1907.249917, 3780.973413, 179.866345, 0.107323, 0.994224, 0.004733
41.860000, 1908.009316, 3782.604210, 179.893998, 0.107276, 0.994229, 0.004734
41.870000, 1908.768768, 3784.235287, 179.921647, 0.107229, 0.994234, 0.004736
41.880000, 1909.528274, 3785.866644, 179.949292, 0.107182, 0.994239, 0.004738
41.890000, 1910.287833, 3787.498281, 179.976931, 0.107135, 0.994245, 0.004740
41.900000, 1911.047446, 3789.130198, 180.004565, 0.107087, 0.994250, 0.004741
41.910000, 1911.807112, 3790.762395, 180.032196, 0.107040, 0.994255, 0.004743
41.920000, 1912.566831, 3792.394872, 180.059820, 0.106993, 0.994260, 0.004745
41.930000, 1913.326603, 3794.027629, 180.087440, 0.106946, 0.994265, 0.004747
41.940000, 1914.086429, 3795.660665, 180.115056, 0.106899, 0.994270, 0.004748
41.950000, 1914.846307, 3797.293982, 180.142665, 0.106851, 0.994275, 0.004750
41.960000, 1915.606238, 3798.927578, 180.170271, 0.106804, 0.994280, 0.004752
41.970000, 1916.366223, 3800.561454, 180.197869, 0.106757, 0.994285, 0.004753
41.980000, 1917.126260, 3802.195610, 180.225464, 0.106710, 0.994290, 0.004755
41.990000, 1917.886349, 3803.830046, 180.253055, 0.106662, 0.994295, 0.004757
42.000000, 1918.646491, 3805.464762, 180.280639, 0.106615, 0.994300, 0.004759
42.010000, 1919.406686, 3807.099757, 180.308220, 0.106568, 0.994305, 0.004760
42.020000, 1920.166934, 3808.735032, 180.335796, 0.106520, 0.994311, 0.004762
42.030000, 1920.927233, 3810.370586, 180.363366, 0.106473, 0.994316, 0.004764
42.040000, 1921.687585, 3812.006420, 180.390932, 0.106426, 0.994321, 0.004766
42.050000, 1922.447990, 3813.642534, 180.418494, 0.106378, 0.994326, 0.004767
42.060000, 1923.208446, 3815.278928, 180.446049, 0.106331, 0.994331, 0.004769
42.070000, 1923.968955, 3816.915601, 180.473600, 0.106283, 0.994336, 0.004771
42.080000, 1924.729516, 3818.552553, 180.501145, 0.106236, 0.994341, 0.004772
42.090000, 1925.490128, 3820.189785, 180.528686, 0.106188, 0.994346, 0.004774
42.100000, 1926.250793, 3821.827297, 180.556223, 0.106141, 0.994351, 0.004776
42.110000, 1927.011509, 3823.465088, 180.583753, 0.106093, 0.994356, 0.004778
42.120000, 1927.772277, 3825.103159, 180.611279, 0.106046, 0.994361, 0.004779
42.130000, 1928.533097, 3826.741509, 180.638802, 0.105998, 0.994366, 0.004781
42.140000, 1929.293968, 3828.380138, 180.666317, 0.105951, 0.994371, 0.004783
42.150000, 1930.054891, 3830.019047, 180.693829, 0.105903, 0.994376, 0.004784
42.160000, 1930.815866, 3831.658236, 180.721337, 0.105856, 0.994382, 0.004786
42.170000, 1931.576891, 3833.297703, 180.748839, 0.105808, 0.994387, 0.004788
42.180000, 1932.337968, 3834.937450, 180.776336, 0.105760, 0.994392, 0.004790
42.190000, 1933.099096, 3836.577476, 180.803827, 0.105713, 0.994397, 0.004791
42.200000, 1933.860276, 3838.217782, 180.831314, 0.105665, 0.994402, 0.004793
42.210000, 1934.621506, 3839.858367, 180.858797, 0.105617, 0.994407, 0.004795
42.220000, 1935.382788, 3841.499231, 180.886273, 0.105570, 0.994412, 0.004797
42.230000, 1936.144120, 3843.140374, 180.913746, 0.105522, 0.994417, 0.004798
42.240000, 1936.905503, 3844.781797, 180.941214, 0.105474, 0.994422, 0.004800
42.250000, 1937.666937, 3846.423499, 180.968676, 0.105427, 0.994427, 0.004802
42.260000, 1938.428422, 3848.065479, 180.996135, 0.105379, 0.994432, 0.004803
42.270000, 1939.189957, 3849.707739, 181.023589, 0.105331, 0.994437, 0.004805
42.280000, 1939.951543, 3851.350279, 181.051037, 0.105283, 0.994442, 0.004807
42.290000, 1940.713179, 3852.993097, 181.078480, 0.105235, 0.994447, 0.004809
42.300000, 1941.474866, 3854.636194, 181.105917, 0.105188, 0.994452, 0.004810
42.310000, 1942.236603, 3856.279570, 181.133351, 0.105140, 0.994457, 0.004812
42.320000, 1942.998390, 3857.923226, 181.160780, 0.105092, 0.994463, 0.004814
42.330000, 1943.760228, 3859.567160, 181.188203, 0.105044, 0.994468, 0.004815
42.340000, 1944.522116, 3861.211373, 181.215622, 0.104996, 0.994473, 0.004817
42.350000, 1945.284053, 3862.855866, 181.243037, 0.104948, 0.994478, 0.004819
42.360000, 1946.046041, 3864.500637, 181.270446, 0.104900, 0.994483, 0.004821
42.370000, 1946.808078, 3866.145687, 181.297850, 0.104852, 0.994488, 0.004822
42.380000, 1947.570166, 3867.791016, 181.325251, 0.104804, 0.994493, 0.004824
42.390000, 1948.332303, 3869.436624, 181.352645, 0.104756, 0.994498, 0.004826
42.400000, 1949.094489, 3871.082511, 181.380036, 0.104708, 0.994503, 0.004827
42.410000, 1949.856726, 3872.728676, 181.407422, 0.104660, 0.994508, 0.004829
42.420000, 1950.619011, 3874.375121, 181.434802, 0.104612, 0.994513, 0.004831
42.430000, 1951.381347, 3876.021844, 181.462178, 0.104564, 0.994518, 0.004833
42.440000, 1952.143731, 3877.668846, 181.489550, 0.104516, 0.994523, 0.004834
42.450000, 1952.906165, 3879.316127, 181.516916, 0.104468, 0.994528, 0.004836
42.460000, 1953.668648, 3880.963686, 181.544278, 0.104420, 0.994533, 0.004838
42.470000, 1954.431180, 3882.611524, 181.571633, 0.104372, 0.994538, 0.004839
42.480000, 1955.193762, 3884.259641, 181.598984, 0.104324, 0.994543, 0.004841
42.490000, 1955.956392, 3885.908036, 181.626332, 0.104275, 0.994548, 0.004843
42.500000, 1956.719071, 3887.556710, 181.653673, 0.104227, 0.994554, 0.004845
42.510000, 1957.481799, 3889.205663, 181.681010, 0.104179, 0.994559, 0.004846
42.520000, 1958.244576, 3890.854894, 181.708343, 0.104131, 0.994564, 0.004848
42.530000, 1959.007401, 3892.504404, 181.735670, 0.104083, 0.994569, 0.004850
42.540000, 1959.770275, 3894.154192, 181.762992, 0.104034, 0.994574, 0.004851
42.550000, 1960.533198, 3895.804259, 181.790312, 0.103986, 0.994579, 0.004853
42.560000, 1961.296169, 3897.454605, 181.817624, 0.103938, 0.994584, 0.004855
42.570000, 1962.059189, 3899.105229, 181.844933, 0.103889, 0.994589, 0.004856
42.580000, 1962.822256, 3900.756131, 181.872238, 0.103841, 0.994594, 0.004858
42.590000, 1963.585373, 3902.407312, 181.899536, 0.103793, 0.994599, 0.004860
42.600000, 1964.348537, 3904.058771, 181.926830, 0.103744, 0.994604, 0.004862
42.610000, 1965.111749, 3905.710509, 181.954121, 0.103696, 0.994609, 0.004863
42.620000, 1965.875009, 3907.362525, 181.981405, 0.103648, 0.994614, 0.004865
42.630000, 1966.638318, 3909.014819, 182.008685, 0.103599, 0.994619, 0.004867
42.640000, 1967.401674, 3910.667392, 182.035962, 0.103551, 0.994624, 0.004868
42.650000, 1968.165078, 3912.320243, 182.063232, 0.103502, 0.994629, 0.004870
42.660000, 1968.928530, 3913.973372, 182.090498, 0.103454, 0.994634, 0.004872
42.670000, 1969.692029, 3915.626779, 182.117757, 0.103405, 0.994639, 0.004874
42.680000, 1970.455576, 3917.280465, 182.145013, 0.103357, 0.994644, 0.004875
42.690000, 1971.219170, 3918.934429, 182.172265, 0.103308, 0.994649, 0.004877
42.700000, 1971.982812, 3920.588671, 182.199510, 0.103260, 0.994654, 0.004879
42.710000, 1972.746501, 3922.243192, 182.226752, 0.103211, 0.994659, 0.004880
42.720000, 1973.510238, 3923.897990, 182.253989, 0.103163, 0.994664, 0.004882
42.730000, 1974.274021, 3925.553067, 182.281221, 0.103114, 0.994670, 0.004884
42.740000, 1975.037852, 3927.208422, 182.308448, 0.103066, 0.994675, 0.004885
42.750000, 1975.801730, 3928.864055, 182.335672, 0.103017, 0.994680, 0.004887
42.760000, 1976.565655, 3930.519966, 182.362889, 0.102968, 0.994685, 0.004889
42.770000, 1977.329626, 3932.176155, 182.390102, 0.102920, 0.994690, 0.004891
42.780000, 1978.093645, 3933.832622, 182.417312, 0.102871, 0.994695, 0.004892
42.790000, 1978.857710, 3935.489367, 182.444515, 0.102822, 0.994700, 0.004894
42.800000, 1979.621822, 3937.146390, 182.471714, 0.102774, 0.994705, 0.004896
42.810000, 1980.385981, 3938.803691, 182.498909, 0.102725, 0.994710, 0.004897
42.820000, 1981.150186, 3940.461270, 182.526098, 0.102676, 0.994715, 0.004899
42.830000, 1981.914437, 3942.119127, 182.553283, 0.102628, 0.994720, 0.004901
42.840000, 1982.678735, 3943.777262, 182.580465, 0.102579, 0.994725, 0.004902
42.850000, 1983.443079, 3945.435675, 182.607640, 0.102530, 0.994730, 0.004904
42.860000, 1984.207470, 3947.094366, 182.634811, 0.102481, 0.994735, 0.004906
42.870000, 1984.971906, 3948.753334, 182.661978, 0.102432, 0.994740, 0.004908
42.880000, 1985.736389, 3950.412581, 182.689139, 0.102384, 0.994745, 0.004909
42.890000, 1986.500918, 3952.072105, 182.716296, 0.102335, 0.994750, 0.004911
42.900000, 1987.265492, 3953.731907, 182.743449, 0.102286, 0.994755, 0.004913
42.910000, 1988.030113, 3955.391986, 182.770596, 0.102237, 0.994760, 0.004914
42.920000, 1988.794779, 3957.052344, 182.797739, 0.102188, 0.994765, 0.004916
42.930000, 1989.559491, 3958.712979, 182.824879, 0.102139, 0.994770, 0.004918
42.940000, 1990.324248, 3960.373892, 182.852011, 0.102090, 0.994775, 0.004919
42.950000, 1991.089052, 3962.035083, 182.879140, 0.102041, 0.994780, 0.004921
42.960000, 1991.853900, 3963.696551, 182.906266, 0.101992, 0.994785, 0.004923
42.970000, 1992.618794, 3965.358297, 182.933384, 0.101943, 0.994790, 0.004925
42.980000, 1993.383734, 3967.020320, 182.960499, 0.101894, 0.994795, 0.004926
42.990000, 1994.148718, 3968.682621, 182.987611, 0.101845, 0.994800, 0.004928
43.000000, 1994.913748, 3970.345200, 183.014715, 0.101796, 0.994805, 0.004930
43.010000, 1995.678823, 3972.008056, 183.041816, 0.101747, 0.994810, 0.004931
43.020000, 1996.443943, 3973.671190, 183.068914, 0.101698, 0.994815, 0.004933
43.030000, 1997.209108, 3975.334602, 183.096004, 0.101649, 0.994820, 0.004935
43.040000, 1997.974317, 3976.998290, 183.123091, 0.101600, 0.994825, 0.004936
43.050000, 1998.739572, 3978.662257, 183.150172, 0.101551, 0.994830, 0.004938
43.060000, 1999.504871, 3980.326501, 183.177248, 0.101502, 0.994835, 0.004940
43.070000, 2000.270215, 3981.991022, 183.204322, 0.101452, 0.994840, 0.004941
43.080000, 2001.035604, 3983.655820, 183.231388, 0.101403, 0.994845, 0.004943
43.090000, 2001.801037, 3985.320897, 183.258451, 0.101354, 0.994850, 0.004945
43.100000, 2002.566514, 3986.986250, 183.285510, 0.101305, 0.994855, 0.004947
43.110000, 2003.332036, 3988.651881, 183.312562, 0.101256, 0.994860, 0.004948
43.120000, 2004.097602, 3990.317789, 183.339611, 0.101206, 0.994865, 0.004950
43.130000, 2004.863213, 3991.983974, 183.366657, 0.101157, 0.994870, 0.004952
43.140000, 2005.628867, 3993.650437, 183.393695, 0.101108, 0.994875, 0.004953
43.150000, 2006.394566, 3995.317177, 183.420730, 0.101059, 0.994880, 0.004955
43.160000, 2007.160308, 3996.984194, 183.447761, 0.101009, 0.994885, 0.004957
43.170000, 2007.926094, 3998.651489, 183.474786, 0.100960, 0.994890, 0.004958
43.180000, 2008.691925, 4000.319060, 183.501807, 0.100911, 0.994896, 0.004960
43.190000, 2009.457799, 4001.986909, 183.528824, 0.100861, 0.994901, 0.004962
43.200000, 2010.223716, 4003.655035, 183.555835, 0.100812, 0.994906, 0.004963
43.210000, 2010.989678, 4005.323439, 183.582842, 0.100762, 0.994911, 0.004965
43.220000, 2011.755682, 4006.992119, 183.609846, 0.100713, 0.994916, 0.004967
43.230000, 2012.521731, 4008.661077, 183.636843, 0.100664, 0.994921, 0.004969
43.240000, 2013.287822, 4010.330311, 183.663836, 0.100614, 0.994926, 0.004970
43.250000, 2014.053957, 4011.999823, 183.690826, 0.100565, 0.994931, 0.004972
43.260000, 2014.820135, 4013.669611, 183.717809, 0.100515, 0.994936, 0.004974
43.270000, 2015.586357, 4015.339677, 183.744788, 0.100466, 0.994941, 0.004975
43.280000, 2016.352621, 4017.010020, 183.771764, 0.100416, 0.994946, 0.004977
43.290000, 2017.118929, 4018.680640, 183.798736, 0.100367, 0.994951, 0.004979
43.300000, 2017.885279, 4020.351537, 183.825702, 0.100317, 0.994956, 0.004980
43.310000, 2018.651672, 4022.022710, 183.852664, 0.100268, 0.994961, 0.004982
43.320000, 2019.418108, 4023.694161, 183.879622, 0.100218, 0.994966, 0.004984
43.330000, 2020.184587, 4025.365889, 183.906574, 0.100168, 0.994971, 0.004985
43.340000, 2020.951108, 4027.037893, 183.933522, 0.100119, 0.994976, 0.004987
43.350000, 2021.717672, 4028.710174, 183.960467, 0.100069, 0.994980, 0.004989
43.360000, 2022.484279, 4030.382733, 183.987405, 0.100019, 0.994985, 0.004990
43.370000, 2023.250927, 4032.055568, 184.014339, 0.099970, 0.994990, 0.004992
43.380000, 2024.017618, 4033.728680, 184.041270, 0.099920, 0.994995, 0.004994
43.390000, 2024.784352, 4035.402068, 184.068194, 0.099870, 0.995000, 0.004995
43.400000, 2025.551127, 4037.075734, 184.095114, 0.099821, 0.995005, 0.004997
43.410000, 2026.317945, 4038.749676, 184.122031, 0.099771, 0.995010, 0.004999
43.420000, 2027.084805, 4040.423895, 184.148942, 0.099721, 0.995015, 0.005000
43.430000, 2027.851707, 4042.098391, 184.175848, 0.099671, 0.995020, 0.005002
43.440000, 2028.618650, 4043.773164, 184.202752, 0.099622, 0.995025, 0.005004
43.450000, 2029.385636, 4045.448213, 184.229648, 0.099572, 0.995030, 0.005006
43.460000, 2030.152663, 4047.123539, 184.256541, 0.099522, 0.995035, 0.005007
43.470000, 2030.919731, 4048.799141, 184.283431, 0.099472, 0.995040, 0.005009
43.480000, 2031.686842, 4050.475020, 184.310313, 0.099422, 0.995045, 0.005011
43.490000, 2032.453994, 4052.151176, 184.337193, 0.099372, 0.995050, 0.005012
43.500000, 2033.221187, 4053.827608, 184.364068, 0.099322, 0.995055, 0.005014
43.510000, 2033.988422, 4055.504317, 184.390938, 0.099273, 0.995060, 0.005016
43.520000, 2034.755698, 4057.181303, 184.417803, 0.099223, 0.995065, 0.005017
43.530000, 2035.523015, 4058.858565, 184.444665, 0.099173, 0.995070, 0.005019
43.540000, 2036.290373, 4060.536103, 184.471520, 0.099123, 0.995075, 0.005021
43.550000, 2037.057772, 4062.213918, 184.498372, 0.099073, 0.995080, 0.005022
43.560000, 2037.825213, 4063.892010, 184.525220, 0.099023, 0.995085, 0.005024
43.570000, 2038.592694, 4065.570378, 184.552062, 0.098973, 0.995090, 0.005026
43.580000, 2039.360216, 4067.249022, 184.578900, 0.098923, 0.995095, 0.005027
43.590000, 2040.127779, 4068.927943, 184.605735, 0.098873, 0.995100, 0.005029
43.600000, 2040.895382, 4070.607140, 184.632563, 0.098823, 0.995105, 0.005031
43.610000, 2041.663026, 4072.286614, 184.659387, 0.098773, 0.995110, 0.005032
43.620000, 2042.430711, 4073.966364, 184.686208, 0.098722, 0.995115, 0.005034
43.630000, 2043.198436, 4075.646390, 184.713022, 0.098672, 0.995120, 0.005036
43.640000, 2043.966201, 4077.326693, 184.739833, 0.098622, 0.995125, 0.005037
43.650000, 2044.734007, 4079.007271, 184.766640, 0.098572, 0.995130, 0.005039
43.660000, 2045.501853, 4080.688127, 184.793444, 0.098522, 0.995135, 0.005041
43.670000, 2046.269739, 4082.369258, 184.820241, 0.098472, 0.995140, 0.005042
43.680000, 2047.037665, 4084.050666, 184.847034, 0.098422, 0.995145, 0.005044
43.690000, 2047.805632, 4085.732350, 184.873824, 0.098371, 0.995150, 0.005046
43.700000, 2048.573638, 4087.414310, 184.900608, 0.098321, 0.995155, 0.005047
43.710000, 2049.341684, 4089.096546, 184.927388, 0.098271, 0.995160, 0.005049
43.720000, 2050.109769, 4090.779059, 184.954164, 0.098221, 0.995165, 0.005051
43.730000, 2050.877895, 4092.461848, 184.980934, 0.098170, 0.995170, 0.005052
43.740000, 2051.646060, 4094.144913, 185.007700, 0.098120, 0.995175, 0.005054
43.750000, 2052.414265, 4095.828254, 185.034463, 0.098070, 0.995180, 0.005056
43.760000, 2053.182509, 4097.511871, 185.061219, 0.098019, 0.995185, 0.005057
43.770000, 2053.950792, 4099.195764, 185.087972, 0.097969, 0.995189, 0.005059
43.780000, 2054.719115, 4100.879933, 185.114721, 0.097919, 0.995194, 0.005061
43.790000, 2055.487477, 4102.564378, 185.141463, 0.097868, 0.995199, 0.005062
43.800000, 2056.255879, 4104.249099, 185.168202, 0.097818, 0.995204, 0.005064
43.810000, 2057.024319, 4105.934097, 185.194938, 0.097767, 0.995209, 0.005066
43.820000, 2057.792798, 4107.619370, 185.221667, 0.097717, 0.995214, 0.005067
43.830000, 2058.561317, 4109.304919, 185.248392, 0.097667, 0.995219, 0.005069
43.840000, 2059.329874, 4110.990744, 185.275114, 0.097616, 0.995224, 0.005071
43.850000, 2060.098470, 4112.676846, 185.301830, 0.097566, 0.995229, 0.005072
43.860000, 2060.867105, 4114.363223, 185.328542, 0.097515, 0.995234, 0.005074
43.870000, 2061.635778, 4116.049876, 185.355250, 0.097465, 0.995239, 0.005076
43.880000, 2062.404490, 4117.736804, 185.381955, 0.097414, 0.995244, 0.005077
43.890000, 2063.173241, 4119.424009, 185.408653, 0.097364, 0.995249, 0.005079
43.900000, 2063.942030, 4121.111490, 185.435348, 0.097313, 0.995254, 0.005081
43.910000, 2064.710857, 4122.799246, 185.462040, 0.097262, 0.995259, 0.005082
43.920000, 2065.479722, 4124.487278, 185.488724, 0.097212, 0.995264, 0.005084
43.930000, 2066.248626, 4126.175586, 185.515406, 0.097161, 0.995269, 0.005086
43.940000, 2067.017568, 4127.864170, 185.542084, 0.097111, 0.995274, 0.005087
43.950000, 2067.786548, 4129.553029, 185.568755, 0.097060, 0.995279, 0.005089
43.960000, 2068.555565, 4131.242164, 185.595423, 0.097009, 0.995283, 0.005091
43.970000, 2069.324621, 4132.931575, 185.622087, 0.096959, 0.995288, 0.005092
43.980000, 2070.093715, 4134.621262, 185.648745, 0.096908, 0.995293, 0.005094
43.990000, 2070.862846, 4136.311224, 185.675399, 0.096857, 0.995298, 0.005096
44.000000, 2071.632015, 4138.001462, 185.702050, 0.096806, 0.995303, 0.005097
44.010000, 2072.401222, 4139.691976, 185.728697, 0.096756, 0.995308, 0.005099
44.020000, 2073.170466, 4141.382765, 185.755338, 0.096705, 0.995313, 0.005101
44.030000, 2073.939747, 4143.073830, 185.781975, 0.096654, 0.995318, 0.005102
44.040000, 2074.709066, 4144.765170, 185.808609, 0.096603, 0.995323, 0.005104
44.050000, 2075.478422, 4146.456786, 185.835236, 0.096552, 0.995328, 0.005106
44.060000, 2076.247816, 4148.148677, 185.861860, 0.096502, 0.995333, 0.005107
44.070000, 2077.017246, 4149.840845, 185.888481, 0.096451, 0.995338, 0.005109
44.080000, 2077.786714, 4151.533287, 185.915095, 0.096400, 0.995343, 0.005111
44.090000, 2078.556218, 4153.226005, 185.941705, 0.096349, 0.995348, 0.005112
44.100000, 2079.325760, 4154.918999, 185.968312, 0.096298, 0.995353, 0.005114
44.110000, 2080.095338, 4156.612268, 185.994912, 0.096247, 0.995357, 0.005116
44.120000, 2080.864953, 4158.305812, 186.021509, 0.096196, 0.995362, 0.005117
44.130000, 2081.634605, 4159.999632, 186.048103, 0.096145, 0.995367, 0.005119
44.140000, 2082.404293, 4161.693727, 186.074690, 0.096094, 0.995372, 0.005121
44.150000, 2083.174018, 4163.388098, 186.101273, 0.096043, 0.995377, 0.005122
44.160000, 2083.943780, 4165.082744, 186.127853, 0.095992, 0.995382, 0.005124
44.170000, 2084.713577, 4166.777665, 186.154430, 0.095941, 0.995387, 0.005125
44.180000, 2085.483411, 4168.472862, 186.181000, 0.095890, 0.995392, 0.005127
44.190000, 2086.253282, 4170.168334, 186.207567, 0.095839, 0.995397, 0.005129
44.200000, 2087.023188, 4171.864082, 186.234130, 0.095788, 0.995402, 0.005130
44.210000, 2087.793131, 4173.560104, 186.260687, 0.095737, 0.995407, 0.005132
44.220000, 2088.563109, 4175.256402, 186.287240, 0.095686, 0.995412, 0.005134
44.230000, 2089.333124, 4176.952975, 186.313790, 0.095635, 0.995416, 0.005135
44.240000, 2090.103174, 4178.649824, 186.340333, 0.095584, 0.995421, 0.005137
44.250000, 2090.873260, 4180.346947, 186.366873, 0.095533, 0.995426, 0.005139
44.260000, 2091.643382, 4182.044346, 186.393409, 0.095481, 0.995431, 0.005140
44.270000, 2092.413540, 4183.742020, 186.419942, 0.095430, 0.995436, 0.005142
44.280000, 2093.183733, 4185.439969, 186.446469, 0.095379, 0.995441, 0.005144
44.290000, 2093.953961, 4187.138194, 186.472992, 0.095328, 0.995446, 0.005145
44.300000, 2094.724225, 4188.836693, 186.499512, 0.095277, 0.995451, 0.005147
44.310000, 2095.494524, 4190.535468, 186.526025, 0.095225, 0.995456, 0.005149
44.320000, 2096.264859, 4192.234517, 186.552535, 0.095174, 0.995461, 0.005150
44.330000, 2097.035228, 4193.933842, 186.579041, 0.095123, 0.995466, 0.005152
44.340000, 2097.805633, 4195.633442, 186.605541, 0.095072, 0.995470, 0.005154
44.350000, 2098.576073, 4197.333317, 186.632037, 0.095020, 0.995475, 0.005155
44.360000, 2099.346547, 4199.033466, 186.658530, 0.094969, 0.995480, 0.005157
44.370000, 2100.117057, 4200.733891, 186.685020, 0.094917, 0.995485, 0.005158
44.380000, 2100.887601, 4202.434591, 186.711503, 0.094866, 0.995490, 0.005160
44.390000, 2101.658180, 4204.135566, 186.737983, 0.094815, 0.995495, 0.005162
44.400000, 2102.428794, 4205.836816, 186.764459, 0.094763, 0.995500, 0.005163
44.410000, 2103.199442, 4207.538340, 186.790929, 0.094712, 0.995505, 0.005165
44.420000, 2103.970125, 4209.240140, 186.817395, 0.094660, 0.995510, 0.005167
44.430000, 2104.740843, 4210.942214, 186.843858, 0.094609, 0.995515, 0.005168
44.440000, 2105.511594, 4212.644564, 186.870314, 0.094558, 0.995519, 0.005170
44.450000, 2106.282380, 4214.347188, 186.896768, 0.094506, 0.995524, 0.005172
44.460000, 2107.053200, 4216.050087, 186.923217, 0.094455, 0.995529, 0.005173
44.470000, 2107.824054, 4217.753261, 186.949664, 0.094403, 0.995534, 0.005175
44.480000, 2108.594942, 4219.456710, 186.976103, 0.094352, 0.995539, 0.005177
44.490000, 2109.365864, 4221.160434, 187.002540, 0.094300, 0.995544, 0.005178
44.500000, 2110.136820, 4222.864432, 187.028973, 0.094248, 0.995549, 0.005180
44.510000, 2110.907810, 4224.568705, 187.055399, 0.094197, 0.995554, 0.005181
44.520000, 2111.678834, 4226.273253, 187.081823, 0.094145, 0.995558, 0.005183
44.530000, 2112.449891, 4227.978076, 187.108242, 0.094094, 0.995563, 0.005185
44.540000, 2113.220982, 4229.683173, 187.134656, 0.094042, 0.995568, 0.005186
44.550000, 2113.992106, 4231.388545, 187.161066, 0.093990, 0.995573, 0.005188
44.560000, 2114.763264, 4233.094192, 187.187472, 0.093939, 0.995578, 0.005190
44.570000, 2115.534455, 4234.800113, 187.213875, 0.093887, 0.995583, 0.005191
44.580000, 2116.305680, 4236.506309, 187.240272, 0.093835, 0.995588, 0.005193
44.590000, 2117.076937, 4238.212780, 187.266665, 0.093784, 0.995593, 0.005195
44.600000, 2117.848228, 4239.919525, 187.293055, 0.093732, 0.995597, 0.005196
44.610000, 2118.619552, 4241.626545, 187.319439, 0.093680, 0.995602, 0.005198
44.620000, 2119.390908, 4243.333839, 187.345819, 0.093628, 0.995607, 0.005200
44.630000, 2120.162298, 4245.041408, 187.372196, 0.093577, 0.995612, 0.005201
44.640000, 2120.933721, 4246.749252, 187.398569, 0.093525, 0.995617, 0.005203
44.650000, 2121.705176, 4248.457370, 187.424936, 0.093473, 0.995622, 0.005204
44.660000, 2122.476664, 4250.165763, 187.451300, 0.093421, 0.995627, 0.005206
44.670000, 2123.248184, 4251.874430, 187.477660, 0.093369, 0.995632, 0.005208
44.680000, 2124.019737, 4253.583371, 187.504014, 0.093317, 0.995636, 0.005209
44.690000, 2124.791323, 4255.292587, 187.530364, 0.093265, 0.995641, 0.005211
44.700000, 2125.562941, 4257.002078, 187.556711, 0.093214, 0.995646, 0.005213
44.710000, 2126.334591, 4258.711843, 187.583055, 0.093162, 0.995651, 0.005214
44.720000, 2127.106273, 4260.421882, 187.609392, 0.093110, 0.995656, 0.005216
44.730000, 2127.877988, 4262.132196, 187.635726, 0.093058, 0.995661, 0.005217
44.740000, 2128.649734, 4263.842784, 187.662056, 0.093006, 0.995666, 0.005219
44.750000, 2129.421513, 4265.553647, 187.688381, 0.092954, 0.995670, 0.005221
44.760000, 2130.193324, 4267.264784, 187.714701, 0.092902, 0.995675, 0.005222
44.770000, 2130.965166, 4268.976195, 187.741019, 0.092850, 0.995680, 0.005224
44.780000, 2131.737040, 4270.687880, 187.767330, 0.092798, 0.995685, 0.005226
44.790000, 2132.508946, 4272.399840, 187.793637, 0.092746, 0.995690, 0.005227
44.800000, 2133.280883, 4274.112074, 187.819942, 0.092694, 0.995695, 0.005229
44.810000, 2134.052852, 4275.824583, 187.846243, 0.092642, 0.995700, 0.005231
44.820000, 2134.824853, 4277.537365, 187.872537, 0.092590, 0.995704, 0.005232
44.830000, 2135.596884, 4279.250422, 187.898828, 0.092537, 0.995709, 0.005234
44.840000, 2136.368948, 4280.963753, 187.925116, 0.092485, 0.995714, 0.005235
44.850000, 2137.141042, 4282.677359, 187.951398, 0.092433, 0.995719, 0.005237
44.860000, 2137.913167, 4284.391238, 187.977676, 0.092381, 0.995724, 0.005239
44.870000, 2138.685324, 4286.105392, 188.003950, 0.092329, 0.995729, 0.005240
44.880000, 2139.457512, 4287.819820, 188.030222, 0.092277, 0.995733, 0.005242
44.890000, 2140.229730, 4289.534521, 188.056487, 0.092224, 0.995738, 0.005244
44.900000, 2141.001980, 4291.249498, 188.082749, 0.092172, 0.995743, 0.005245
44.910000, 2141.774260, 4292.964748, 188.109007, 0.092120, 0.995748, 0.005247
44.920000, 2142.546571, 4294.680272, 188.135259, 0.092068, 0.995753, 0.005248
44.930000, 2143.318912, 4296.396070, 188.161508, 0.092015, 0.995758, 0.005250
44.940000, 2144.091284, 4298.112143, 188.187753, 0.091963, 0.995762, 0.005252
44.950000, 2144.863687, 4299.828489, 188.213995, 0.091911, 0.995767, 0.005253
44.960000, 2145.636119, 4301.545110, 188.240230, 0.091858, 0.995772, 0.005255
44.970000, 2146.408583, 4303.262004, 188.266463, 0.091806, 0.995777, 0.005257
44.980000, 2147.181076, 4304.979173, 188.292692, 0.091754, 0.995782, 0.005258
44.990000, 2147.953600, 4306.696615, 188.318914, 0.091701, 0.995787, 0.005260
45.000000, 2148.726153, 4308.414332, 188.345133, 0.091649, 0.995791, 0.005261
45.010000, 2149.498737, 4310.132322, 188.371349, 0.091597, 0.995796, 0.005263
45.020000, 2150.271351, 4311.850586, 188.397562, 0.091544, 0.995801, 0.005265
45.030000, 2151.043994, 4313.569124, 188.423768, 0.091492, 0.995806, 0.005266
45.040000, 2151.816668, 4315.287937, 188.449971, 0.091439, 0.995811, 0.005268
45.050000, 2152.589371, 4317.007023, 188.476171, 0.091387, 0.995815, 0.005270
45.060000, 2153.362104, 4318.726382, 188.502367, 0.091334, 0.995820, 0.005271
45.070000, 2154.134866, 4320.446016, 188.528557, 0.091282, 0.995825, 0.005273
45.080000, 2154.907658, 4322.165924, 188.554744, 0.091229, 0.995830, 0.005274
45.090000, 2155.680479, 4323.886105, 188.580927, 0.091177, 0.995835, 0.005276
45.100000, 2156.453329, 4325.606560, 188.607104, 0.091124, 0.995840, 0.005278
45.110000, 2157.226209, 4327.327289, 188.633278, 0.091072, 0.995844, 0.005279
45.120000, 2157.999118, 4329.048292, 188.659448, 0.091019, 0.995849, 0.005281
45.130000, 2158.772056, 4330.769569, 188.685615, 0.090966, 0.995854, 0.005282
45.140000, 2159.545023, 4332.491119, 188.711776, 0.090914, 0.995859, 0.005284
45.150000, 2160.318019, 4334.212943, 188.737933, 0.090861, 0.995864, 0.005286
45.160000, 2161.091044, 4335.935041, 188.764088, 0.090808, 0.995868, 0.005287
45.170000, 2161.864097, 4337.657412, 188.790235, 0.090756, 0.995873, 0.005289
45.180000, 2162.637180, 4339.380057, 188.816380, 0.090703, 0.995878, 0.005291
45.190000, 2163.410291, 4341.102976, 188.842521, 0.090650, 0.995883, 0.005292
45.200000, 2164.183430, 4342.826168, 188.868659, 0.090598, 0.995888, 0.005294
45.210000, 2164.956599, 4344.549634, 188.894791, 0.090545, 0.995892, 0.005295
45.220000, 2165.729795, 4346.273374, 188.920919, 0.090492, 0.995897, 0.005297
45.230000, 2166.503020, 4347.997387, 188.947044, 0.090439, 0.995902, 0.005299
45.240000, 2167.276273, 4349.721674, 188.973163, 0.090387, 0.995907, 0.005300
45.250000, 2168.049554, 4351.446235, 188.999278, 0.090334, 0.995912, 0.005302
45.260000, 2168.822864, 4353.171069, 189.025390, 0.090281, 0.995916, 0.005303
45.270000, 2169.596201, 4354.896176, 189.051499, 0.090228, 0.995921, 0.005305
45.280000, 2170.369567, 4356.621557, 189.077601, 0.090175, 0.995926, 0.005307
45.290000, 2171.142960, 4358.347212, 189.103701, 0.090122, 0.995931, 0.005308
45.300000, 2171.916381, 4360.073140, 189.129797, 0.090070, 0.995935, 0.005310
45.310000, 2172.689830, 4361.799342, 189.155889, 0.090017, 0.995940, 0.005311
45.320000, 2173.463307, 4363.525817, 189.181976, 0.089964, 0.995945, 0.005313
45.330000, 2174.236811, 4365.252565, 189.208059, 0.089911, 0.995950, 0.005315
45.340000, 2175.010342, 4366.979587, 189.234139, 0.089858, 0.995955, 0.005316
45.350000, 2175.783902, 4368.706882, 189.260212, 0.089805, 0.995959, 0.005318
45.360000, 2176.557488, 4370.434451, 189.286282, 0.089752, 0.995964, 0.005320
45.370000, 2177.331102, 4372.162293, 189.312349, 0.089699, 0.995969, 0.005321
45.380000, 2178.104742, 4373.890409, 189.338413, 0.089646, 0.995974, 0.005323
45.390000, 2178.878410, 4375.618798, 189.364471, 0.089593, 0.995978, 0.005324
45.400000, 2179.652105, 4377.347460, 189.390525, 0.089540, 0.995983, 0.005326
45.410000, 2180.425827, 4379.076395, 189.416576, 0.089487, 0.995988, 0.005328
45.420000, 2181.199576, 4380.805604, 189.442623, 0.089434, 0.995993, 0.005329
45.430000, 2181.973352, 4382.535087, 189.468665, 0.089381, 0.995998, 0.005331
45.440000, 2182.747155, 4384.264842, 189.494703, 0.089328, 0.996002, 0.005332
45.450000, 2183.520984, 4385.994871, 189.520738, 0.089274, 0.996007, 0.005334
45.460000, 2184.294839, 4387.725173, 189.546766, 0.089221, 0.996012, 0.005336
45.470000, 2185.068722, 4389.455748, 189.572792, 0.089168, 0.996017, 0.005337
45.480000, 2185.842630, 4391.186596, 189.598814, 0.089115, 0.996021, 0.005339
45.490000, 2186.616565, 4392.917718, 189.624832, 0.089062, 0.996026, 0.005340
45.500000, 2187.390527, 4394.649113, 189.650845, 0.089008, 0.996031, 0.005342
45.510000, 2188.164514, 4396.380781, 189.676854, 0.088955, 0.996036, 0.005344
45.520000, 2188.938528, 4398.112722, 189.702860, 0.088902, 0.996040, 0.005345
45.530000, 2189.712567, 4399.844937, 189.728863, 0.088849, 0.996045, 0.005347
45.540000, 2190.486633, 4401.577424, 189.754860, 0.088796, 0.996050, 0.005348
45.550000, 2191.260725, 4403.310185, 189.780853, 0.088742, 0.996055, 0.005350
45.560000, 2192.034842, 4405.043219, 189.806843, 0.088689, 0.996059, 0.005352
45.570000, 2192.808985, 4406.776525, 189.832830, 0.088636, 0.996064, 0.005353
45.580000, 2193.583154, 4408.510105, 189.858810, 0.088582, 0.996069, 0.005355
45.590000, 2194.357349, 4410.243958, 189.884788, 0.088529, 0.996074, 0.005356
45.600000, 2195.131568, 4411.978084, 189.910762, 0.088476, 0.996078, 0.005358
45.610000, 2195.905814, 4413.712484, 189.936730, 0.088422, 0.996083, 0.005360
45.620000, 2196.680085, 4415.447156, 189.962694, 0.088369, 0.996088, 0.005361
45.630000, 2197.454381, 4417.182101, 189.988656, 0.088315, 0.996093, 0.005363
45.640000, 2198.228702, 4418.917319, 190.014614, 0.088262, 0.996097, 0.005364
45.650000, 2199.003048, 4420.652810, 190.040566, 0.088208, 0.996102, 0.005366
45.660000, 2199.777420, 4422.388574, 190.066514, 0.088155, 0.996107, 0.005368
45.670000, 2200.551816, 4424.124611, 190.092460, 0.088101, 0.996112, 0.005369
45.680000, 2201.326238, 4425.860921, 190.118402, 0.088048, 0.996116, 0.005371
45.690000, 2202.100684, 4427.597504, 190.144338, 0.087994, 0.996121, 0.005372
45.700000, 2202.875155, 4429.334360, 190.170271, 0.087941, 0.996126, 0.005374
45.710000, 2203.649650, 4431.071488, 190.196200, 0.087887, 0.996130, 0.005376
45.720000, 2204.424170, 4432.808890, 190.222127, 0.087834, 0.996135, 0.005377
45.730000, 2205.198715, 4434.546564, 190.248047, 0.087780, 0.996140, 0.005379
45.740000, 2205.973284, 4436.284512, 190.273964, 0.087727, 0.996145, 0.005380
45.750000, 2206.747878, 4438.022732, 190.299877, 0.087673, 0.996149, 0.005382
45.760000, 2207.522496, 4439.761225, 190.325788, 0.087619, 0.996154, 0.005384
45.770000, 2208.297138, 4441.499990, 190.351692, 0.087566, 0.996159, 0.005385
45.780000, 2209.071804, 4443.239029, 190.377593, 0.087512, 0.996163, 0.005387
45.790000, 2209.846495, 4444.978340, 190.403491, 0.087458, 0.996168, 0.005388
45.800000, 2210.621209, 4446.717924, 190.429383, 0.087405, 0.996173, 0.005390
45.810000, 2211.395947, 4448.457781, 190.455271, 0.087351, 0.996178, 0.005391
45.820000, 2212.170709, 4450.197911, 190.481156, 0.087297, 0.996182, 0.005393
45.830000, 2212.945495, 4451.938313, 190.507038, 0.087244, 0.996187, 0.005395
45.840000, 2213.720304, 4453.678988, 190.532914, 0.087190, 0.996192, 0.005396
45.850000, 2214.495137, 4455.419936, 190.558787, 0.087136, 0.996196, 0.005398
45.860000, 2215.269994, 4457.161156, 190.584656, 0.087082, 0.996201, 0.005399
45.870000, 2216.044874, 4458.902649, 190.610522, 0.087028, 0.996206, 0.005401
45.880000, 2216.819778, 4460.644415, 190.636382, 0.086975, 0.996211, 0.005403
45.890000, 2217.594704, 4462.386453, 190.662239, 0.086921, 0.996215, 0.005404
45.900000, 2218.369654, 4464.128764, 190.688093, 0.086867, 0.996220, 0.005406
45.910000, 2219.144627, 4465.871347, 190.713943, 0.086813, 0.996225, 0.005407
45.920000, 2219.919624, 4467.614204, 190.739788, 0.086759, 0.996229, 0.005409
45.930000, 2220.694643, 4469.357332, 190.765629, 0.086705, 0.996234, 0.005410
45.940000, 2221.469685, 4471.100734, 190.791467, 0.086651, 0.996239, 0.005412
45.950000, 2222.244750, 4472.844407, 190.817301, 0.086597, 0.996243, 0.005414
45.960000, 2223.019838, 4474.588354, 190.843130, 0.086543, 0.996248, 0.005415
45.970000, 2223.794948, 4476.332573, 190.868955, 0.086490, 0.996253, 0.005417
45.980000, 2224.570081, 4478.077064, 190.894777, 0.086436, 0.996257, 0.005418
45.990000, 2225.345237, 4479.821828, 190.920596, 0.086382, 0.996262, 0.005420
46.000000, 2226.120415, 4481.566865, 190.946409, 0.086328, 0.996267, 0.005422
46.010000, 2226.895615, 4483.312173, 190.972219, 0.086274, 0.996271, 0.005423
46.020000, 2227.670838, 4485.057755, 190.998025, 0.086219, 0.996276, 0.005425
46.030000, 2228.446083, 4486.803609, 191.023829, 0.086165, 0.996281, 0.005426
46.040000, 2229.221350, 4488.549735, 191.049626, 0.086111, 0.996286, 0.005428
46.050000, 2229.996639, 4490.296134, 191.075420, 0.086057, 0.996290, 0.005429
46.060000, 2230.771950, 4492.042805, 191.101210, 0.086003, 0.996295, 0.005431
46.070000, 2231.547283, 4493.789748, 191.126998, 0.085949, 0.996300, 0.005433
46.080000, 2232.322638, 4495.536964, 191.152780, 0.085895, 0.996304, 0.005434
46.090000, 2233.098015, 4497.284452, 191.178558, 0.085841, 0.996309, 0.005436
46.100000, 2233.873413, 4499.032213, 191.204333, 0.085787, 0.996314, 0.005437
46.110000, 2234.648834, 4500.780246, 191.230105, 0.085732, 0.996318, 0.005439
46.120000, 2235.424275, 4502.528551, 191.255871, 0.085678, 0.996323, 0.005441
46.130000, 2236.199738, 4504.277128, 191.281633, 0.085624, 0.996328, 0.005442
46.140000, 2236.975223, 4506.025978, 191.307393, 0.085570, 0.996332, 0.005444
46.150000, 2237.750728, 4507.775100, 191.333149, 0.085515, 0.996337, 0.005445
46.160000, 2238.526255, 4509.524495, 191.358900, 0.085461, 0.996342, 0.005447
46.170000, 2239.301803, 4511.274161, 191.384647, 0.085407, 0.996346, 0.005448
46.180000, 2240.077373, 4513.024100, 191.410391, 0.085353, 0.996351, 0.005450
46.190000, 2240.852963, 4514.774312, 191.436131, 0.085298, 0.996355, 0.005452
46.200000, 2241.628574, 4516.524795, 191.461866, 0.085244, 0.996360, 0.005453
46.210000, 2242.404206, 4518.275550, 191.487597, 0.085190, 0.996365, 0.005455
46.220000, 2243.179859, 4520.026578, 191.513326, 0.085135, 0.996369, 0.005456
46.230000, 2243.955532, 4521.777878, 191.539051, 0.085081, 0.996374, 0.005458
46.240000, 2244.731226, 4523.529450, 191.564770, 0.085026, 0.996379, 0.005459
46.250000, 2245.506941, 4525.281295, 191.590486, 0.084972, 0.996383, 0.005461
46.260000, 2246.282676, 4527.033411, 191.616199, 0.084918, 0.996388, 0.005463
46.270000, 2247.058431, 4528.785799, 191.641909, 0.084863, 0.996393, 0.005464
46.280000, 2247.834207, 4530.538460, 191.667612, 0.084809, 0.996397, 0.005466
46.290000, 2248.610003, 4532.291393, 191.693312, 0.084754, 0.996402, 0.005467
46.300000, 2249.385819, 4534.044598, 191.719010, 0.084700, 0.996407, 0.005469
46.310000, 2250.161656, 4535.798075, 191.744704, 0.084645, 0.996411, 0.005470
46.320000, 2250.937512, 4537.551823, 191.770392, 0.084591, 0.996416, 0.005472
46.330000, 2251.713388, 4539.305844, 191.796077, 0.084536, 0.996420, 0.005474
46.340000, 2252.489284, 4541.060137, 191.821759, 0.084482, 0.996425, 0.005475
46.350000, 2253.265200, 4542.814703, 191.847437, 0.084427, 0.996430, 0.005477
46.360000, 2254.041135, 4544.569540, 191.873110, 0.084372, 0.996434, 0.005478
46.370000, 2254.817091, 4546.324649, 191.898779, 0.084318, 0.996439, 0.005480
46.380000, 2255.593065, 4548.080030, 191.924445, 0.084263, 0.996444, 0.005481
46.390000, 2256.369059, 4549.835683, 191.950109, 0.084209, 0.996448, 0.005483
46.400000, 2257.145073, 4551.591608, 191.975766, 0.084154, 0.996453, 0.005484
46.410000, 2257.921106, 4553.347805, 192.001420, 0.084099, 0.996457, 0.005486
46.420000, 2258.697158, 4555.104273, 192.027070, 0.084045, 0.996462, 0.005488
46.430000, 2259.473229, 4556.861014, 192.052718, 0.083990, 0.996467, 0.005489
46.440000, 2260.249319, 4558.618027, 192.078360, 0.083935, 0.996471, 0.005491
46.450000, 2261.025429, 4560.375311, 192.103998, 0.083880, 0.996476, 0.005492
46.460000, 2261.801557, 4562.132868, 192.129634, 0.083826, 0.996480, 0.005494
46.470000, 2262.577704, 4563.890696, 192.155266, 0.083771, 0.996485, 0.005495
46.480000, 2263.353870, 4565.648796, 192.180892, 0.083716, 0.996490, 0.005497
46.490000, 2264.130055, 4567.407168, 192.206515, 0.083661, 0.996494, 0.005499
46.500000, 2264.906258, 4569.165812, 192.232135, 0.083607, 0.996499, 0.005500
46.510000, 2265.682479, 4570.924728, 192.257752, 0.083552, 0.996503, 0.005502
46.520000, 2266.458720, 4572.683915, 192.283363, 0.083497, 0.996508, 0.005503
46.530000, 2267.234978, 4574.443374, 192.308971, 0.083442, 0.996513, 0.005505
46.540000, 2268.011255, 4576.203105, 192.334576, 0.083387, 0.996517, 0.005506
46.550000, 2268.787550, 4577.963108, 192.360177, 0.083332, 0.996522, 0.005508
46.560000, 2269.563864, 4579.723382, 192.385773, 0.083277, 0.996526, 0.005509
46.570000, 2270.340195, 4581.483929, 192.411365, 0.083222, 0.996531, 0.005511
46.580000, 2271.116544, 4583.244746, 192.436954, 0.083168, 0.996536, 0.005513
46.590000, 2271.892912, 4585.005836, 192.462540, 0.083113, 0.996540, 0.005514
46.600000, 2272.669297, 4586.767197, 192.488124, 0.083058, 0.996545, 0.005516
46.610000, 2273.445700, 4588.528830, 192.513701, 0.083003, 0.996549, 0.005517
46.620000, 2274.222120, 4590.290735, 192.539275, 0.082948, 0.996554, 0.005519
46.630000, 2274.998559, 4592.052912, 192.564846, 0.082893, 0.996558, 0.005520
46.640000, 2275.775014, 4593.815360, 192.590413, 0.082838, 0.996563, 0.005522
46.650000, 2276.551488, 4595.578079, 192.615975, 0.082783, 0.996568, 0.005523
46.660000, 2277.327978, 4597.341071, 192.641534, 0.082727, 0.996572, 0.005525
46.670000, 2278.104486, 4599.104334, 192.667089, 0.082672, 0.996577, 0.005527
46.680000, 2278.881011, 4600.867868, 192.692642, 0.082617, 0.996581, 0.005528
46.690000, 2279.657554, 4602.631674, 192.718188, 0.082562, 0.996586, 0.005530
46.700000, 2280.434113, 4604.395752, 192.743732, 0.082507, 0.996590, 0.005531
46.710000, 2281.210690, 4606.160101, 192.769272, 0.082452, 0.996595, 0.005533
46.720000, 2281.987283, 4607.924722, 192.794809, 0.082397, 0.996600, 0.005534
46.730000, 2282.763893, 4609.689614, 192.820341, 0.082342, 0.996604, 0.005536
46.740000, 2283.540520, 4611.454778, 192.845869, 0.082286, 0.996609, 0.005537
46.750000, 2284.317164, 4613.220213, 192.871394, 0.082231, 0.996613, 0.005539
46.760000, 2285.093824, 4614.985920, 192.896916, 0.082176, 0.996618, 0.005540
46.770000, 2285.870501, 4616.751899, 192.922432, 0.082121, 0.996622, 0.005542
46.780000, 2286.647194, 4618.518149, 192.947945, 0.082066, 0.996627, 0.005544
46.790000, 2287.423904, 4620.284670, 192.973455, 0.082010, 0.996631, 0.005545
46.800000, 2288.200630, 4622.051463, 192.998961, 0.081955, 0.996636, 0.005547
46.810000, 2288.977372, 4623.818527, 193.024465, 0.081900, 0.996641, 0.005548
46.820000, 2289.754131, 4625.585862, 193.049963, 0.081844, 0.996645, 0.005550
46.830000, 2290.530905, 4627.353470, 193.075458, 0.081789, 0.996650, 0.005551
46.840000, 2291.307696, 4629.121348, 193.100949, 0.081734, 0.996654, 0.005553
46.850000, 2292.084502, 4630.889498, 193.126438, 0.081678, 0.996659, 0.005554
46.860000, 2292.861324, 4632.657919, 193.151920, 0.081623, 0.996663, 0.005556
46.870000, 2293.638162, 4634.426612, 193.177400, 0.081568, 0.996668, 0.005557
46.880000, 2294.415016, 4636.195576, 193.202876, 0.081512, 0.996672, 0.005559
46.890000, 2295.191885, 4637.964811, 193.228350, 0.081457, 0.996677, 0.005561
46.900000, 2295.968770, 4639.734318, 193.253817, 0.081401, 0.996681, 0.005562
46.910000, 2296.745670, 4641.504096, 193.279281, 0.081346, 0.996686, 0.005564
46.920000, 2297.522586, 4643.274145, 193.304743, 0.081290, 0.996690, 0.005565
46.930000, 2298.299517, 4645.044465, 193.330201, 0.081235, 0.996695, 0.005567
46.940000, 2299.076463, 4646.815057, 193.355656, 0.081179, 0.996700, 0.005568
46.950000, 2299.853425, 4648.585920, 193.381106, 0.081124, 0.996704, 0.005570
46.960000, 2300.630401, 4650.357055, 193.406552, 0.081068, 0.996709, 0.005571
46.970000, 2301.407392, 4652.128460, 193.431995, 0.081013, 0.996713, 0.005573
46.980000, 2302.184399, 4653.900137, 193.457435, 0.080957, 0.996718, 0.005574
46.990000, 2302.961420, 4655.672085, 193.482869, 0.080902, 0.996722, 0.005576
47.000000, 2303.738456, 4657.444305, 193.508300, 0.080846, 0.996727, 0.005577
47.010000, 2304.515507, 4659.216795, 193.533729, 0.080791, 0.996731, 0.005579
47.020000, 2305.292572, 4660.989557, 193.559154, 0.080735, 0.996736, 0.005581
47.030000, 2306.069652, 4662.762590, 193.584573, 0.080679, 0.996740, 0.005582
47.040000, 2306.846746, 4664.535894, 193.609989, 0.080624, 0.996745, 0.005584
47.050000, 2307.623855, 4666.309469, 193.635402, 0.080568, 0.996749, 0.005585
47.060000, 2308.400978, 4668.083316, 193.660812, 0.080512, 0.996754, 0.005587
47.070000, 2309.178115, 4669.857433, 193.686219, 0.080457, 0.996758, 0.005588
47.080000, 2309.955266, 4671.631822, 193.711620, 0.080401, 0.996763, 0.005590
47.090000, 2310.732431, 4673.406481, 193.737018, 0.080345, 0.996767, 0.005591
47.100000, 2311.509611, 4675.181412, 193.762413, 0.080289, 0.996772, 0.005593
47.110000, 2312.286804, 4676.956614, 193.787805, 0.080234, 0.996776, 0.005594
47.120000, 2313.064011, 4678.732087, 193.813191, 0.080178, 0.996781, 0.005596
47.130000, 2313.841232, 4680.507831, 193.838574, 0.080122, 0.996785, 0.005597
47.140000, 2314.618467, 4682.283846, 193.863954, 0.080066, 0.996790, 0.005599
47.150000, 2315.395715, 4684.060133, 193.889331, 0.080010, 0.996794, 0.005600
47.160000, 2316.172977, 4685.836690, 193.914705, 0.079955, 0.996799, 0.005602
47.170000, 2316.950252, 4687.613518, 193.940073, 0.079899, 0.996803, 0.005604
47.180000, 2317.727540, 4689.390617, 193.965438, 0.079843, 0.996807, 0.005605
47.190000, 2318.504842, 4691.167987, 193.990800, 0.079787, 0.996812, 0.005607
47.200000, 2319.282157, 4692.945629, 194.016159, 0.079731, 0.996816, 0.005608
47.210000, 2320.059485, 4694.723541, 194.041512, 0.079675, 0.996821, 0.005610
47.220000, 2320.836827, 4696.501724, 194.066862, 0.079619, 0.996825, 0.005611
47.230000, 2321.614181, 4698.280178, 194.092210, 0.079563, 0.996830, 0.005613
47.240000, 2322.391548, 4700.058903, 194.117554, 0.079507, 0.996834, 0.005614
47.250000, 2323.168928, 4701.837899, 194.142895, 0.079451, 0.996839, 0.005616
47.260000, 2323.946321, 4703.617166, 194.168230, 0.079395, 0.996843, 0.005617
47.270000, 2324.723726, 4705.396704, 194.193562, 0.079339, 0.996848, 0.005619
47.280000, 2325.501144, 4707.176512, 194.218891, 0.079283, 0.996852, 0.005620
47.290000, 2326.278575, 4708.956592, 194.244218, 0.079227, 0.996857, 0.005622
47.300000, 2327.056018, 4710.736942, 194.269538, 0.079171, 0.996861, 0.005623
47.310000, 2327.833473, 4712.517564, 194.294855, 0.079115, 0.996865, 0.005625
47.320000, 2328.610941, 4714.298456, 194.320170, 0.079059, 0.996870, 0.005626
47.330000, 2329.388421, 4716.079619, 194.345481, 0.079003, 0.996874, 0.005628
47.340000, 2330.165913, 4717.861053, 194.370789, 0.078947, 0.996879, 0.005629
47.350000, 2330.943417, 4719.642757, 194.396092, 0.078891, 0.996883, 0.005631
47.360000, 2331.720933, 4721.424733, 194.421391, 0.078834, 0.996888, 0.005633
47.370000, 2332.498461, 4723.206979, 194.446688, 0.078778, 0.996892, 0.005634
47.380000, 2333.276001, 4724.989496, 194.471981, 0.078722, 0.996897, 0.005636
47.390000, 2334.053552, 4726.772284, 194.497269, 0.078666, 0.996901, 0.005637
47.400000, 2334.831116, 4728.555342, 194.522553, 0.078610, 0.996905, 0.005639
47.410000, 2335.608690, 4730.338672, 194.547835, 0.078553, 0.996910, 0.005640
47.420000, 2336.386277, 4732.122272, 194.573114, 0.078497, 0.996914, 0.005642
47.430000, 2337.163874, 4733.906143, 194.598389, 0.078441, 0.996919, 0.005643
47.440000, 2337.941484, 4735.690284, 194.623659, 0.078385, 0.996923, 0.005645
47.450000, 2338.719104, 4737.474696, 194.648926, 0.078328, 0.996928, 0.005646
47.460000, 2339.496736, 4739.259379, 194.674190, 0.078272, 0.996932, 0.005648
47.470000, 2340.274378, 4741.044333, 194.699451, 0.078216, 0.996936, 0.005649
47.480000, 2341.052032, 4742.829557, 194.724709, 0.078159, 0.996941, 0.005651
47.490000, 2341.829697, 4744.615052, 194.749961, 0.078103, 0.996945, 0.005652
47.500000, 2342.607373, 4746.400818, 194.775210, 0.078047, 0.996950, 0.005654
47.510000, 2343.385059, 4748.186854, 194.800456, 0.077990, 0.996954, 0.005655
47.520000, 2344.162756, 4749.973161, 194.825700, 0.077934, 0.996959, 0.005657
47.530000, 2344.940464, 4751.759738, 194.850937, 0.077878, 0.996963, 0.005658
47.540000, 2345.718183, 4753.546586, 194.876171, 0.077821, 0.996967, 0.005660
47.550000, 2346.495912, 4755.333705, 194.901403, 0.077765, 0.996972, 0.005661
47.560000, 2347.273651, 4757.121094, 194.926631, 0.077708, 0.996976, 0.005663
47.570000, 2348.051401, 4758.908754, 194.951857, 0.077652, 0.996981, 0.005664
47.580000, 2348.829161, 4760.696685, 194.977076, 0.077595, 0.996985, 0.005666
47.590000, 2349.606931, 4762.484886, 195.002293, 0.077539, 0.996989, 0.005667
47.600000, 2350.384712, 4764.273357, 195.027507, 0.077482, 0.996994, 0.005669
47.610000, 2351.162502, 4766.062099, 195.052718, 0.077426, 0.996998, 0.005670
47.620000, 2351.940302, 4767.851112, 195.077926, 0.077369, 0.997003, 0.005672
47.630000, 2352.718113, 4769.640395, 195.103128, 0.077313, 0.997007, 0.005673
47.640000, 2353.495933, 4771.429949, 195.128327, 0.077256, 0.997011, 0.005675
47.650000, 2354.273763, 4773.219773, 195.153523, 0.077199, 0.997016, 0.005676
47.660000, 2355.051602, 4775.009868, 195.178716, 0.077143, 0.997020, 0.005678
47.670000, 2355.829451, 4776.800233, 195.203906, 0.077086, 0.997024, 0.005679
47.680000, 2356.607310, 4778.590868, 195.229091, 0.077030, 0.997029, 0.005681
47.690000, 2357.385178, 4780.381775, 195.254272, 0.076973, 0.997033, 0.005682
47.700000, 2358.163055, 4782.172951, 195.279451, 0.076916, 0.997038, 0.005684
47.710000, 2358.940942, 4783.964398, 195.304627, 0.076860, 0.997042, 0.005685
47.720000, 2359.718838, 4785.756115, 195.329796, 0.076803, 0.997046, 0.005687
47.730000, 2360.496743, 4787.548103, 195.354963, 0.076746, 0.997051, 0.005688
47.740000, 2361.274656, 4789.340361, 195.380127, 0.076689, 0.997055, 0.005690
47.750000, 2362.052579, 4791.132890, 195.405288, 0.076633, 0.997059, 0.005691
47.760000, 2362.830511, 4792.925689, 195.430446, 0.076576, 0.997064, 0.005693
47.770000, 2363.608452, 4794.718758, 195.455599, 0.076519, 0.997068, 0.005694
47.780000, 2364.386401, 4796.512098, 195.480748, 0.076462, 0.997072, 0.005696
47.790000, 2365.164359, 4798.305708, 195.505894, 0.076406, 0.997077, 0.005697
47.800000, 2365.942326, 4800.099588, 195.531038, 0.076349, 0.997081, 0.005699
47.810000, 2366.720301, 4801.893739, 195.556179, 0.076292, 0.997086, 0.005700
47.820000, 2367.498284, 4803.688160, 195.581313, 0.076235, 0.997090, 0.005702
47.830000, 2368.276276, 4805.482851, 195.606445, 0.076178, 0.997094, 0.005703
47.840000, 2369.054276, 4807.277813, 195.631574, 0.076121, 0.997099, 0.005705
47.850000, 2369.832284, 4809.073045, 195.656700, 0.076064, 0.997103, 0.005706
47.860000, 2370.610300, 4810.868547, 195.681824, 0.076007, 0.997107, 0.005708
47.870000, 2371.388325, 4812.664319, 195.706941, 0.075950, 0.997112, 0.005709
47.880000, 2372.166357, 4814.460362, 195.732055, 0.075894, 0.997116, 0.005711
47.890000, 2372.944397, 4816.256675, 195.757167, 0.075837, 0.997120, 0.005712
47.900000, 2373.722445, 4818.053258, 195.782275, 0.075780, 0.997125, 0.005714
47.910000, 2374.500501, 4819.850112, 195.807381, 0.075723, 0.997129, 0.005715
47.920000, 2375.278564, 4821.647236, 195.832481, 0.075666, 0.997133, 0.005717
47.930000, 2376.056635, 4823.444629, 195.857578, 0.075609, 0.997138, 0.005718
47.940000, 2376.834713, 4825.242294, 195.882672, 0.075552, 0.997142, 0.005720
47.950000, 2377.612799, 4827.040228, 195.907764, 0.075495, 0.997146, 0.005721
47.960000, 2378.390892, 4828.838432, 195.932852, 0.075437, 0.997151, 0.005723
47.970000, 2379.168992, 4830.636907, 195.957935, 0.075380, 0.997155, 0.005724
47.980000, 2379.947100, 4832.435652, 195.983014, 0.075323, 0.997159, 0.005726
47.990000, 2380.725214, 4834.234667, 196.008091, 0.075266, 0.997163, 0.005727
48.000000, 2381.503336, 4836.033952, 196.033165, 0.075209, 0.997168, 0.005729
48.010000, 2382.281465, 4837.833507, 196.058236, 0.075152, 0.997172, 0.005730
48.020000, 2383.059600, 4839.633333, 196.083301, 0.075095, 0.997176, 0.005732
48.030000, 2383.837742, 4841.433428, 196.108364, 0.075038, 0.997181, 0.005733
48.040000, 2384.615891, 4843.233794, 196.133423, 0.074980, 0.997185, 0.005735
48.050000, 2385.394047, 4845.034429, 196.158480, 0.074923, 0.997189, 0.005736
48.060000, 2386.172209, 4846.835335, 196.183534, 0.074866, 0.997194, 0.005738
48.070000, 2386.950377, 4848.636511, 196.208582, 0.074809, 0.997198, 0.005739
48.080000, 2387.728552, 4850.437957, 196.233627, 0.074751, 0.997202, 0.005741
48.090000, 2388.506733, 4852.239673, 196.258669, 0.074694, 0.997206, 0.005742
48.100000, 2389.284921, 4854.041659, 196.283708, 0.074637, 0.997211, 0.005744
48.110000, 2390.063114, 4855.843915, 196.308745, 0.074580, 0.997215, 0.005745
48.120000, 2390.841314, 4857.646441, 196.333775, 0.074522, 0.997219, 0.005747
48.130000, 2391.619520, 4859.449237, 196.358803, 0.074465, 0.997224, 0.005748
48.140000, 2392.397732, 4861.252303, 196.383828, 0.074408, 0.997228, 0.005750
48.150000, 2393.175949, 4863.055639, 196.408850, 0.074350, 0.997232, 0.005751
48.160000, 2393.954172, 4864.859246, 196.433870, 0.074293, 0.997236, 0.005753
48.170000, 2394.732401, 4866.663122, 196.458883, 0.074236, 0.997241, 0.005754
48.180000, 2395.510636, 4868.467268, 196.483894, 0.074178, 0.997245, 0.005756
48.190000, 2396.288876, 4870.271684, 196.508901, 0.074121, 0.997249, 0.005757
48.200000, 2397.067122, 4872.076370, 196.533906, 0.074063, 0.997254, 0.005759
48.210000, 2397.845372, 4873.881326, 196.558908, 0.074006, 0.997258, 0.005760
48.220000, 2398.623629, 4875.686551, 196.583905, 0.073948, 0.997262, 0.005762
48.230000, 2399.401890, 4877.492047, 196.608898, 0.073891, 0.997266, 0.005763
48.240000, 2400.180157, 4879.297813, 196.633889, 0.073833, 0.997271, 0.005765
48.250000, 2400.958428, 4881.103849, 196.658876, 0.073776, 0.997275, 0.005766
48.260000, 2401.736705, 4882.910154, 196.683861, 0.073718, 0.997279, 0.005767
48.270000, 2402.514987, 4884.716729, 196.708840, 0.073661, 0.997283, 0.005769
48.280000, 2403.293273, 4886.523575, 196.733817, 0.073603, 0.997288, 0.005770
48.290000, 2404.071564, 4888.330690, 196.758790, 0.073546, 0.997292, 0.005772
48.300000, 2404.849860, 4890.138075, 196.783761, 0.073488, 0.997296, 0.005773
48.310000, 2405.628161, 4891.945730, 196.808729, 0.073431, 0.997300, 0.005775
48.320000, 2406.406466, 4893.753654, 196.833691, 0.073373, 0.997305, 0.005776
48.330000, 2407.184775, 4895.561849, 196.858650, 0.073315, 0.997309, 0.005778
48.340000, 2407.963089, 4897.370313, 196.883606, 0.073258, 0.997313, 0.005779
48.350000, 2408.741407, 4899.179047, 196.908560, 0.073200, 0.997317, 0.005781
48.360000, 2409.519729, 4900.988051, 196.933511, 0.073142, 0.997322, 0.005782
48.370000, 2410.298056, 4902.797325, 196.958455, 0.073085, 0.997326, 0.005784
48.380000, 2411.076386, 4904.606868, 196.983398, 0.073027, 0.997330, 0.005785
48.390000, 2411.854720, 4906.416681, 197.008337, 0.072969, 0.997334, 0.005787
48.400000, 2412.633059, 4908.226764, 197.033273, 0.072912, 0.997338, 0.005788
48.410000, 2413.411401, 4910.037117, 197.058207, 0.072854, 0.997343, 0.005790
48.420000, 2414.189747, 4911.847740, 197.083138, 0.072796, 0.997347, 0.005791
48.430000, 2414.968096, 4913.658632, 197.108063, 0.072738, 0.997351, 0.005793
48.440000, 2415.746450, 4915.469794, 197.132986, 0.072681, 0.997355, 0.005794
48.450000, 2416.524806, 4917.281226, 197.157905, 0.072623, 0.997359, 0.005795
48.460000, 2417.303166, 4919.092927, 197.182822, 0.072565, 0.997364, 0.005797
48.470000, 2418.081530, 4920.904898, 197.207736, 0.072507, 0.997368, 0.005798
48.480000, 2418.859896, 4922.717139, 197.232644, 0.072449, 0.997372, 0.005800
48.490000, 2419.638266, 4924.529650, 197.257549, 0.072391, 0.997376, 0.005801
48.500000, 2420.416639, 4926.342430, 197.282452, 0.072334, 0.997380, 0.005803
48.510000, 2421.195015, 4928.155480, 197.307351, 0.072276, 0.997385, 0.005804
48.520000, 2421.973394, 4929.968799, 197.332248, 0.072218, 0.997389, 0.005806
48.530000, 2422.751776, 4931.782388, 197.357140, 0.072160, 0.997393, 0.005807
48.540000, 2423.530161, 4933.596247, 197.382028, 0.072102, 0.997397, 0.005809
48.550000, 2424.308549, 4935.410376, 197.406914, 0.072044, 0.997401, 0.005810
48.560000, 2425.086939, 4937.224774, 197.431796, 0.071986, 0.997406, 0.005812
48.570000, 2425.865331, 4939.039441, 197.456676, 0.071928, 0.997410, 0.005813
48.580000, 2426.643726, 4940.854379, 197.481554, 0.071870, 0.997414, 0.005815
48.590000, 2427.422124, 4942.669586, 197.506425, 0.071812, 0.997418, 0.005816
48.600000, 2428.200524, 4944.485062, 197.531294, 0.071754, 0.997422, 0.005817
48.610000, 2428.978926, 4946.300808, 197.556160, 0.071696, 0.997427, 0.005819
48.620000, 2429.757330, 4948.116824, 197.581023, 0.071638, 0.997431, 0.005820
48.630000, 2430.535737, 4949.933109, 197.605884, 0.071580, 0.997435, 0.005822
48.640000, 2431.314145, 4951.749664, 197.630738, 0.071522, 0.997439, 0.005823
48.650000, 2432.092556, 4953.566488, 197.655590, 0.071464, 0.997443, 0.005825
48.660000, 2432.870968, 4955.383582, 197.680439, 0.071406, 0.997447, 0.005826
48.670000, 2433.649382, 4957.200945, 197.705285, 0.071347, 0.997452, 0.005828
48.680000, 2434.427798, 4959.018578, 197.730129, 0.071289, 0.997456, 0.005829
48.690000, 2435.206215, 4960.836480, 197.754970, 0.071231, 0.997460, 0.005831
48.700000, 2435.984634, 4962.654652, 197.779805, 0.071173, 0.997464, 0.005832
48.710000, 2436.763055, 4964.473094, 197.804637, 0.071115, 0.997468, 0.005833
48.720000, 2437.541477, 4966.291804, 197.829467, 0.071057, 0.997472, 0.005835
48.730000, 2438.319900, 4968.110785, 197.854293, 0.070998, 0.997476, 0.005836
48.740000, 2439.098324, 4969.930035, 197.879118, 0.070940, 0.997481, 0.005838
48.750000, 2439.876750, 4971.749554, 197.903936, 0.070882, 0.997485, 0.005839
48.760000, 2440.655176, 4973.569343, 197.928751, 0.070824, 0.997489, 0.005841
48.770000, 2441.433604, 4975.389401, 197.953564, 0.070765, 0.997493, 0.005842
48.780000, 2442.212033, 4977.209728, 197.978374, 0.070707, 0.997497, 0.005844
48.790000, 2442.990462, 4979.030325, 198.003181, 0.070649, 0.997501, 0.005845
48.800000, 2443.768892, 4980.851192, 198.027986, 0.070590, 0.997505, 0.005847
48.810000, 2444.547323, 4982.672328, 198.052785, 0.070532, 0.997510, 0.005848
48.820000, 2445.325755, 4984.493733, 198.077581, 0.070474, 0.997514, 0.005849
48.830000, 2446.104187, 4986.315408, 198.102374, 0.070415, 0.997518, 0.005851
48.840000, 2446.882619, 4988.137352, 198.127164, 0.070357, 0.997522, 0.005852
48.850000, 2447.661052, 4989.959565, 198.151952, 0.070299, 0.997526, 0.005854
48.860000, 2448.439485, 4991.782048, 198.176734, 0.070240, 0.997530, 0.005855
48.870000, 2449.217919, 4993.604800, 198.201514, 0.070182, 0.997534, 0.005857
48.880000, 2449.996352, 4995.427822, 198.226290, 0.070123, 0.997538, 0.005858
48.890000, 2450.774786, 4997.251113, 198.251064, 0.070065, 0.997542, 0.005860
48.900000, 2451.553220, 4999.074673, 198.275835, 0.070006, 0.997547, 0.005861
48.910000, 2452.331653, 5000.898502, 198.300604, 0.069948, 0.997551, 0.005862
48.920000, 2453.110087, 5002.722601, 198.325366, 0.069889, 0.997555, 0.005864
48.930000, 2453.888520, 5004.546969, 198.350126, 0.069831, 0.997559, 0.005865
48.940000, 2454.666953, 5006.371607, 198.374884, 0.069772, 0.997563, 0.005867
48.950000, 2455.445385, 5008.196513, 198.399638, 0.069714, 0.997567, 0.005868
48.960000, 2456.223817, 5010.021689, 198.424390, 0.069655, 0.997571, 0.005870
48.970000, 2457.002248, 5011.847135, 198.449139, 0.069597, 0.997575, 0.005871
48.980000, 2457.780679, 5013.672849, 198.473882, 0.069538, 0.997579, 0.005873
48.990000, 2458.559109, 5015.498833, 198.498623, 0.069480, 0.997583, 0.005874
49.000000, 2459.337538, 5017.325086, 198.523361, 0.069421, 0.997587, 0.005875
49.010000, 2460.115967, 5019.151609, 198.548096, 0.069362, 0.997592, 0.005877
49.020000, 2460.894394, 5020.978400, 198.572829, 0.069304, 0.997596, 0.005878
49.030000, 2461.672820, 5022.805461, 198.597555, 0.069245, 0.997600, 0.005880
49.040000, 2462.451246, 5024.632791, 198.622279, 0.069186, 0.997604, 0.005881
49.050000, 2463.229670, 5026.460390, 198.647001, 0.069128, 0.997608, 0.005883
49.060000, 2464.008093, 5028.288259, 198.671719, 0.069069, 0.997612, 0.005884
49.070000, 2464.786514, 5030.116397, 198.696435, 0.069010, 0.997616, 0.005886
49.080000, 2465.564934, 5031.944803, 198.721149, 0.068951, 0.997620, 0.005887
49.090000, 2466.343353, 5033.773479, 198.745856, 0.068893, 0.997624, 0.005888
49.100000, 2467.121770, 5035.602425, 198.770561, 0.068834, 0.997628, 0.005890
49.110000, 2467.900185, 5037.431639, 198.795263, 0.068775, 0.997632, 0.005891
49.120000, 2468.678599, 5039.261123, 198.819962, 0.068716, 0.997636, 0.005893
49.130000, 2469.457010, 5041.090875, 198.844659, 0.068658, 0.997640, 0.005894
49.140000, 2470.235420, 5042.920897, 198.869353, 0.068599, 0.997644, 0.005896
49.150000, 2471.013828, 5044.751188, 198.894042, 0.068540, 0.997648, 0.005897
49.160000, 2471.792234, 5046.581748, 198.918727, 0.068481, 0.997652, 0.005898
49.170000, 2472.570638, 5048.412578, 198.943410, 0.068422, 0.997656, 0.005900
49.180000, 2473.349039, 5050.243676, 198.968090, 0.068363, 0.997660, 0.005901
49.190000, 2474.127438, 5052.075043, 198.992768, 0.068304, 0.997665, 0.005903
49.200000, 2474.905835, 5053.906680, 199.017443, 0.068246, 0.997669, 0.005904
49.210000, 2475.684230, 5055.738586, 199.042112, 0.068187, 0.997673, 0.005906
49.220000, 2476.462622, 5057.570760, 199.066779, 0.068128, 0.997677, 0.005907
49.230000, 2477.241011, 5059.403204, 199.091442, 0.068069, 0.997681, 0.005909
49.240000, 2478.019398, 5061.235917, 199.116104, 0.068010, 0.997685, 0.005910
49.250000, 2478.797782, 5063.068899, 199.140762, 0.067951, 0.997689, 0.005911
49.260000, 2479.576163, 5064.902150, 199.165418, 0.067892, 0.997693, 0.005913
49.270000, 2480.354541, 5066.735670, 199.190068, 0.067833, 0.997697, 0.005914
49.280000, 2481.132916, 5068.569459, 199.214716, 0.067774, 0.997701, 0.005916
49.290000, 2481.911288, 5070.403517, 199.239360, 0.067715, 0.997705, 0.005917
49.300000, 2482.689657, 5072.237844, 199.264002, 0.067656, 0.997709, 0.005919
49.310000, 2483.468023, 5074.072441, 199.288642, 0.067597, 0.997713, 0.005920
49.320000, 2484.246385, 5075.907306, 199.313279, 0.067538, 0.997717, 0.005921
49.330000, 2485.024744, 5077.742440, 199.337910, 0.067479, 0.997721, 0.005923
49.340000, 2485.803100, 5079.577843, 199.362538, 0.067419, 0.997725, 0.005924
49.350000, 2486.581452, 5081.413515, 199.387164, 0.067360, 0.997729, 0.005926
49.360000, 2487.359800, 5083.249456, 199.411787, 0.067301, 0.997733, 0.005927
49.370000, 2488.138145, 5085.085666, 199.436408, 0.067242, 0.997737, 0.005928
49.380000, 2488.916486, 5086.922146, 199.461026, 0.067183, 0.997741, 0.005930
49.390000, 2489.694823, 5088.758894, 199.485638, 0.067124, 0.997745, 0.005931
49.400000, 2490.473156, 5090.595911, 199.510247, 0.067064, 0.997749, 0.005933
49.410000, 2491.251485, 5092.433196, 199.534854, 0.067005, 0.997753, 0.005934
49.420000, 2492.029810, 5094.270751, 199.559458, 0.066946, 0.997757, 0.005936
49.430000, 2492.808131, 5096.108575, 199.584060, 0.066887, 0.997761, 0.005937
49.440000, 2493.586448, 5097.946668, 199.608659, 0.066828, 0.997765, 0.005938
49.450000, 2494.364760, 5099.785029, 199.633252, 0.066768, 0.997769, 0.005940
49.460000, 2495.143068, 5101.623660, 199.657842, 0.066709, 0.997772, 0.005941
49.470000, 2495.921371, 5103.462559, 199.682430, 0.066650, 0.997776, 0.005943
49.480000, 2496.699670, 5105.301728, 199.707015, 0.066590, 0.997780, 0.005944
49.490000, 2497.477964, 5107.141165, 199.731598, 0.066531, 0.997784, 0.005946
49.500000, 2498.256254, 5108.980871, 199.756178, 0.066472, 0.997788, 0.005947
49.510000, 2499.034539, 5110.820846, 199.780752, 0.066412, 0.997792, 0.005948
49.520000, 2499.812819, 5112.661090, 199.805324, 0.066353, 0.997796, 0.005950
49.530000, 2500.591093, 5114.501602, 199.829893, 0.066294, 0.997800, 0.005951
49.540000, 2501.369363, 5116.342384, 199.854460, 0.066234, 0.997804, 0.005953
49.550000, 2502.147628, 5118.183434, 199.879023, 0.066175, 0.997808, 0.005954
49.560000, 2502.925887, 5120.024754, 199.903585, 0.066115, 0.997812, 0.005955
49.570000, 2503.704142, 5121.866342, 199.928143, 0.066056, 0.997816, 0.005957
49.580000, 2504.482391, 5123.708198, 199.952696, 0.065997, 0.997820, 0.005958
49.590000, 2505.260634, 5125.550324, 199.977246, 0.065937, 0.997824, 0.005960
49.600000, 2506.038872, 5127.392719, 200.001794, 0.065878, 0.997828, 0.005961
49.610000, 2506.817105, 5129.235382, 200.026339, 0.065818, 0.997832, 0.005962
49.620000, 2507.595331, 5131.078314, 200.050882, 0.065759, 0.997836, 0.005964
49.630000, 2508.373552, 5132.921515, 200.075421, 0.065699, 0.997839, 0.005965
49.640000, 2509.151767, 5134.764984, 200.099955, 0.065639, 0.997843, 0.005967
49.650000, 2509.929977, 5136.608723, 200.124487, 0.065580, 0.997847, 0.005968
49.660000, 2510.708180, 5138.452730, 200.149016, 0.065520, 0.997851, 0.005970
49.670000, 2511.486377, 5140.297006, 200.173542, 0.065461, 0.997855, 0.005971
49.680000, 2512.264568, 5142.141551, 200.198066, 0.065401, 0.997859, 0.005972
49.690000, 2513.042753, 5143.986364, 200.222587, 0.065342, 0.997863, 0.005974
49.700000, 2513.820932, 5145.831446, 200.247102, 0.065282, 0.997867, 0.005975
49.710000, 2514.599104, 5147.676797, 200.271615, 0.065222, 0.997871, 0.005977
49.720000, 2515.377270, 5149.522417, 200.296125, 0.065163, 0.997875, 0.005978
49.730000, 2516.155429, 5151.368305, 200.320633, 0.065103, 0.997879, 0.005979
49.740000, 2516.933582, 5153.214462, 200.345138, 0.065043, 0.997882, 0.005981
49.750000, 2517.711728, 5155.060888, 200.369641, 0.064984, 0.997886, 0.005982
49.760000, 2518.489867, 5156.907583, 200.394140, 0.064924, 0.997890, 0.005984
49.770000, 2519.267999, 5158.754546, 200.418635, 0.064864, 0.997894, 0.005985
49.780000, 2520.046125, 5160.601778, 200.443126, 0.064804, 0.997898, 0.005986
49.790000, 2520.824243, 5162.449278, 200.467615, 0.064745, 0.997902, 0.005988
49.800000, 2521.602354, 5164.297047, 200.492102, 0.064685, 0.997906, 0.005989
49.810000, 2522.380459, 5166.145085, 200.516585, 0.064625, 0.997910, 0.005991
49.820000, 2523.158555, 5167.993392, 200.541067, 0.064565, 0.997913, 0.005992
49.830000, 2523.936645, 5169.841967, 200.565542, 0.064506, 0.997917, 0.005993
49.840000, 2524.714727, 5171.690811, 200.590015, 0.064446, 0.997921, 0.005995
49.850000, 2525.492802, 5173.539923, 200.614486, 0.064386, 0.997925, 0.005996
49.860000, 2526.270869, 5175.389304, 200.638954, 0.064326, 0.997929, 0.005998
49.870000, 2527.048929, 5177.238954, 200.663419, 0.064266, 0.997933, 0.005999
49.880000, 2527.826981, 5179.088872, 200.687882, 0.064206, 0.997937, 0.006000
49.890000, 2528.605025, 5180.939059, 200.712342, 0.064146, 0.997940, 0.006002
49.900000, 2529.383061, 5182.789515, 200.736796, 0.064087, 0.997944, 0.006003
49.910000, 2530.161089, 5184.640239, 200.761248, 0.064027, 0.997948, 0.006005
49.920000, 2530.939109, 5186.491232, 200.785697, 0.063967, 0.997952, 0.006006
49.930000, 2531.717121, 5188.342493, 200.810144, 0.063907, 0.997956, 0.006007
49.940000, 2532.495125, 5190.194023, 200.834588, 0.063847, 0.997960, 0.006009
49.950000, 2533.273121, 5192.045822, 200.859030, 0.063787, 0.997964, 0.006010
49.960000, 2534.051108, 5193.897889, 200.883469, 0.063727, 0.997967, 0.006011
49.970000, 2534.829087, 5195.750224, 200.907903, 0.063667, 0.997971, 0.006013
49.980000, 2535.607058, 5197.602829, 200.932333, 0.063607, 0.997975, 0.006014
49.990000, 2536.385019, 5199.455701, 200.956762, 0.063547, 0.997979, 0.006016
50.000000, 2537.162973, 5201.308843, 200.981188, 0.063487, 0.997983, 0.006017
50.010000, 2537.940917, 5203.162253, 201.005611, 0.063427, 0.997987, 0.006018
50.020000, 2538.718853, 5205.015931, 201.030031, 0.063367, 0.997990, 0.006020
50.030000, 2539.496779, 5206.869878, 201.054450, 0.063306, 0.997994, 0.006021
50.040000, 2540.274697, 5208.724093, 201.078862, 0.063246, 0.997998, 0.006023
50.050000, 2541.052606, 5210.578577, 201.103272, 0.063186, 0.998002, 0.006024
50.060000, 2541.830505, 5212.433330, 201.127679, 0.063126, 0.998006, 0.006025
50.070000, 2542.608396, 5214.288351, 201.152084, 0.063066, 0.998009, 0.006027
50.080000, 2543.386277, 5216.143640, 201.176486, 0.063006, 0.998013, 0.006028
50.090000, 2544.164148, 5217.999198, 201.200886, 0.062946, 0.998017, 0.006030
50.100000, 2544.942011, 5219.855024, 201.225280, 0.062885, 0.998021, 0.006031
50.110000, 2545.719863, 5221.711119, 201.249672, 0.062825, 0.998025, 0.006032
50.120000, 2546.497707, 5223.567483, 201.274061, 0.062765, 0.998028, 0.006034
50.130000, 2547.275540, 5225.424114, 201.298447, 0.062705, 0.998032, 0.006035
50.140000, 2548.053364, 5227.281015, 201.322831, 0.062644, 0.998036, 0.006036
50.150000, 2548.831177, 5229.138183, 201.347213, 0.062584, 0.998040, 0.006038
50.160000, 2549.608981, 5230.995621, 201.371592, 0.062524, 0.998043, 0.006039
50.170000, 2550.386775, 5232.853326, 201.395965, 0.062464, 0.998047, 0.006041
50.180000, 2551.164559, 5234.711300, 201.420336, 0.062403, 0.998051, 0.006042
50.190000, 2551.942333, 5236.569543, 201.444704, 0.062343, 0.998055, 0.006043
50.200000, 2552.720096, 5238.428054, 201.469069, 0.062283, 0.998059, 0.006045
50.210000, 2553.497849, 5240.286833, 201.493433, 0.062222, 0.998062, 0.006046
50.220000, 2554.275592, 5242.145881, 201.517793, 0.062162, 0.998066, 0.006047
50.230000, 2555.053324, 5244.005197, 201.542151, 0.062102, 0.998070, 0.006049
50.240000, 2555.831046, 5245.864781, 201.566507, 0.062041, 0.998074, 0.006050
50.250000, 2556.608757, 5247.724634, 201.590857, 0.061981, 0.998077, 0.006052
50.260000, 2557.386457, 5249.584755, 201.615204, 0.061920, 0.998081, 0.006053
50.270000, 2558.164147, 5251.445145, 201.639549, 0.061860, 0.998085, 0.006054
50.280000, 2558.941826, 5253.305803, 201.663892, 0.061800, 0.998089, 0.006056
50.290000, 2559.719493, 5255.166730, 201.688232, 0.061739, 0.998092, 0.006057
50.300000, 2560.497150, 5257.027924, 201.712569, 0.061679, 0.998096, 0.006059
50.310000, 2561.274796, 5258.889388, 201.736904, 0.061618, 0.998100, 0.006060
50.320000, 2562.052430, 5260.751119, 201.761233, 0.061558, 0.998104, 0.006061
50.330000, 2562.830053, 5262.613119, 201.785560, 0.061497, 0.998107, 0.006063
50.340000, 2563.607665, 5264.475387, 201.809884, 0.061437, 0.998111, 0.006064
50.350000, 2564.385265, 5266.337924, 201.834206, 0.061376, 0.998115, 0.006065
50.360000, 2565.162854, 5268.200728, 201.858525, 0.061316, 0.998118, 0.006067
50.370000, 2565.940432, 5270.063802, 201.882842, 0.061255, 0.998122, 0.006068
50.380000, 2566.717997, 5271.927143, 201.907157, 0.061194, 0.998126, 0.006069
50.390000, 2567.495551, 5273.790753, 201.931465, 0.061134, 0.998130, 0.006071
50.400000, 2568.273093, 5275.654631, 201.955771, 0.061073, 0.998133, 0.006072
50.410000, 2569.050623, 5277.518778, 201.980075, 0.061013, 0.998137, 0.006074
50.420000, 2569.828142, 5279.383192, 202.004376, 0.060952, 0.998141, 0.006075
50.430000, 2570.605648, 5281.247875, 202.028675, 0.060891, 0.998144, 0.006076
50.440000, 2571.383142, 5283.112827, 202.052971, 0.060831, 0.998148, 0.006078
50.450000, 2572.160624, 5284.978046, 202.077265, 0.060770, 0.998152, 0.006079
50.460000, 2572.938093, 5286.843534, 202.101553, 0.060709, 0.998155, 0.006080
50.470000, 2573.715550, 5288.709290, 202.125838, 0.060649, 0.998159, 0.006082
50.480000, 2574.492995, 5290.575315, 202.150122, 0.060588, 0.998163, 0.006083
50.490000, 2575.270427, 5292.441607, 202.174402, 0.060527, 0.998167, 0.006085
50.500000, 2576.047847, 5294.308168, 202.198680, 0.060466, 0.998170, 0.006086
50.510000, 2576.825253, 5296.174997, 202.222956, 0.060406, 0.998174, 0.006087
50.520000, 2577.602647, 5298.042095, 202.247229, 0.060345, 0.998178, 0.006089
50.530000, 2578.380029, 5299.909460, 202.271500, 0.060284, 0.998181, 0.006090
50.540000, 2579.157397, 5301.777094, 202.295765, 0.060223, 0.998185, 0.006091
50.550000, 2579.934752, 5303.644996, 202.320028, 0.060162, 0.998189, 0.006093
50.560000, 2580.712095, 5305.513166, 202.344288, 0.060102, 0.998192, 0.006094
50.570000, 2581.489424, 5307.381605, 202.368546, 0.060041, 0.998196, 0.006095
50.580000, 2582.266739, 5309.250312, 202.392801, 0.059980, 0.998200, 0.006097
50.590000, 2583.044042, 5311.119286, 202.417054, 0.059919, 0.998203, 0.006098
50.600000, 2583.821331, 5312.988530, 202.441304, 0.059858, 0.998207, 0.006099
50.610000, 2584.598607, 5314.858041, 202.465549, 0.059797, 0.998211, 0.006101
50.620000, 2585.375869, 5316.727820, 202.489791, 0.059736, 0.998214, 0.006102
50.630000, 2586.153117, 5318.597868, 202.514031, 0.059675, 0.998218, 0.006104
50.640000, 2586.930352, 5320.468184, 202.538268, 0.059614, 0.998221, 0.006105
50.650000, 2587.707573, 5322.338768, 202.562503, 0.059553, 0.998225, 0.006106
50.660000, 2588.484780, 5324.209620, 202.586736, 0.059493, 0.998229, 0.006108
50.670000, 2589.261973, 5326.080740, 202.610966, 0.059432, 0.998232, 0.006109
50.680000, 2590.039152, 5327.952129, 202.635193, 0.059371, 0.998236, 0.006110
50.690000, 2590.816317, 5329.823785, 202.659415, 0.059310, 0.998240, 0.006112
50.700000, 2591.593467, 5331.695710, 202.683635, 0.059248, 0.998243, 0.006113
50.710000, 2592.370604, 5333.567903, 202.707852, 0.059187, 0.998247, 0.006114
50.720000, 2593.147726, 5335.440364, 202.732066, 0.059126, 0.998251, 0.006116
50.730000, 2593.924833, 5337.313093, 202.756279, 0.059065, 0.998254, 0.006117
50.740000, 2594.701926, 5339.186091, 202.780488, 0.059004, 0.998258, 0.006118
50.750000, 2595.479005, 5341.059356, 202.804696, 0.058943, 0.998261, 0.006120
50.760000, 2596.256069, 5342.932890, 202.828900, 0.058882, 0.998265, 0.006121
50.770000, 2597.033118, 5344.806691, 202.853100, 0.058821, 0.998269, 0.006122
50.780000, 2597.810152, 5346.680761, 202.877296, 0.058760, 0.998272, 0.006124
50.790000, 2598.587172, 5348.555099, 202.901491, 0.058699, 0.998276, 0.006125
50.800000, 2599.364176, 5350.429705, 202.925683, 0.058638, 0.998279, 0.006127
50.810000, 2600.141165, 5352.304579, 202.949872, 0.058576, 0.998283, 0.006128
50.820000, 2600.918140, 5354.179721, 202.974059, 0.058515, 0.998287, 0.006129
50.830000, 2601.695098, 5356.055131, 202.998244, 0.058454, 0.998290, 0.006131
50.840000, 2602.472042, 5357.930810, 203.022426, 0.058393, 0.998294, 0.006132
50.850000, 2603.248970, 5359.806756, 203.046603, 0.058332, 0.998297, 0.006133
50.860000, 2604.025883, 5361.682970, 203.070777, 0.058270, 0.998301, 0.006135
50.870000, 2604.802780, 5363.559453, 203.094949, 0.058209, 0.998304, 0.006136
50.880000, 2605.579662, 5365.436203, 203.119118, 0.058148, 0.998308, 0.006137
50.890000, 2606.356528, 5367.313222, 203.143285, 0.058086, 0.998312, 0.006139
50.900000, 2607.133378, 5369.190509, 203.167450, 0.058025, 0.998315, 0.006140
50.910000, 2607.910212, 5371.068063, 203.191612, 0.057964, 0.998319, 0.006141
50.920000, 2608.687031, 5372.945886, 203.215771, 0.057903, 0.998322, 0.006143
50.930000, 2609.463833, 5374.823977, 203.239926, 0.057841, 0.998326, 0.006144
50.940000, 2610.240619, 5376.702336, 203.264077, 0.057780, 0.998329, 0.006145
50.950000, 2611.017389, 5378.580962, 203.288227, 0.057718, 0.998333, 0.006147
50.960000, 2611.794143, 5380.459857, 203.312373, 0.057657, 0.998336, 0.006148
50.970000, 2612.570881, 5382.339020, 203.336518, 0.057596, 0.998340, 0.006149
50.980000, 2613.347602, 5384.218451, 203.360660, 0.057534, 0.998344, 0.006151
50.990000, 2614.124306, 5386.098150, 203.384800, 0.057473, 0.998347, 0.006152
51.000000, 2614.900994, 5387.978117, 203.408937, 0.057411, 0.998351, 0.006153
51.010000, 2615.677665, 5389.858351, 203.433069, 0.057350, 0.998354, 0.006155
51.020000, 2616.454320, 5391.738854, 203.457198, 0.057289, 0.998358, 0.006156
51.030000, 2617.230958, 5393.619625, 203.481325, 0.057227, 0.998361, 0.006157
51.040000, 2618.007579, 5395.500664, 203.505449, 0.057166, 0.998365, 0.006159
51.050000, 2618.784182, 5397.381970, 203.529571, 0.057104, 0.998368, 0.006160
51.060000, 2619.560769, 5399.263545, 203.553691, 0.057043, 0.998372, 0.006161
51.070000, 2620.337339, 5401.145388, 203.577808, 0.056981, 0.998375, 0.006163
51.080000, 2621.113891, 5403.027499, 203.601923, 0.056920, 0.998379, 0.006164
51.090000, 2621.890427, 5404.909877, 203.626036, 0.056858, 0.998382, 0.006165
51.100000, 2622.666944, 5406.792524, 203.650143, 0.056796, 0.998386, 0.006167
51.110000, 2623.443445, 5408.675438, 203.674247, 0.056735, 0.998389, 0.006168
51.120000, 2624.219928, 5410.558621, 203.698349, 0.056673, 0.998393, 0.006169
51.130000, 2624.996393, 5412.442071, 203.722449, 0.056612, 0.998396, 0.006171
51.140000, 2625.772840, 5414.325789, 203.746547, 0.056550, 0.998400, 0.006172
51.150000, 2626.549270, 5416.209776, 203.770642, 0.056488, 0.998403, 0.006173
51.160000, 2627.325682, 5418.094030, 203.794734, 0.056427, 0.998407, 0.006175
51.170000, 2628.102076, 5419.978552, 203.818824, 0.056365, 0.998410, 0.006176
51.180000, 2628.878452, 5421.863342, 203.842909, 0.056303, 0.998414, 0.006177
51.190000, 2629.654810, 5423.748400, 203.866991, 0.056242, 0.998417, 0.006179
51.200000, 2630.431150, 5425.633726, 203.891071, 0.056180, 0.998421, 0.006180
51.210000, 2631.207471, 5427.519320, 203.915149, 0.056118, 0.998424, 0.006181
51.220000, 2631.983774, 5429.405181, 203.939224, 0.056057, 0.998428, 0.006183
51.230000, 2632.760059, 5431.291311, 203.963297, 0.055995, 0.998431, 0.006184
51.240000, 2633.536325, 5433.177708, 203.987367, 0.055933, 0.998435, 0.006185
51.250000, 2634.312573, 5435.064373, 204.011436, 0.055871, 0.998438, 0.006187
51.260000, 2635.088802, 5436.951307, 204.035501, 0.055809, 0.998441, 0.006188
51.270000, 2635.865013, 5438.838508, 204.059561, 0.055748, 0.998445, 0.006189
51.280000, 2636.641204, 5440.725977, 204.083619, 0.055686, 0.998448, 0.006191
51.290000, 2637.417377, 5442.613714, 204.107675, 0.055624, 0.998452, 0.006192
51.300000, 2638.193531, 5444.501718, 204.131728, 0.055562, 0.998455, 0.006193
51.310000, 2638.969665, 5446.389991, 204.155779, 0.055500, 0.998459, 0.006194
51.320000, 2639.745781, 5448.278531, 204.179827, 0.055439, 0.998462, 0.006196
51.330000, 2640.521877, 5450.167339, 204.203873, 0.055377, 0.998466, 0.006197
51.340000, 2641.297954, 5452.056416, 204.227917, 0.055315, 0.998469, 0.006198
51.350000, 2642.074012, 5453.945760, 204.251958, 0.055253, 0.998472, 0.006200
51.360000, 2642.850050, 5455.835371, 204.275994, 0.055191, 0.998476, 0.006201
51.370000, 2643.626069, 5457.725251, 204.300027, 0.055129, 0.998479, 0.006202
51.380000, 2644.402068, 5459.615398, 204.324058, 0.055067, 0.998483, 0.006204
51.390000, 2645.178047, 5461.505814, 204.348087, 0.055005, 0.998486, 0.006205
51.400000, 2645.954007, 5463.396497, 204.372113, 0.054943, 0.998489, 0.006206
51.410000, 2646.729947, 5465.287448, 204.396137, 0.054881, 0.998493, 0.006208
51.420000, 2647.505867, 5467.178667, 204.420159, 0.054819, 0.998496, 0.006209
51.430000, 2648.281767, 5469.070153, 204.444178, 0.054757, 0.998500, 0.006210
51.440000, 2649.057647, 5470.961907, 204.468195, 0.054695, 0.998503, 0.006212
51.450000, 2649.833507, 5472.853930, 204.492207, 0.054633, 0.998506, 0.006213
51.460000, 2650.609346, 5474.746220, 204.516216, 0.054571, 0.998510, 0.006214
51.470000, 2651.385165, 5476.638777, 204.540223, 0.054509, 0.998513, 0.006216
51.480000, 2652.160964, 5478.531603, 204.564227, 0.054447, 0.998517, 0.006217
51.490000, 2652.936742, 5480.424696, 204.588229, 0.054385, 0.998520, 0.006218
51.500000, 2653.712500, 5482.318057, 204.612229, 0.054323, 0.998523, 0.006219
51.510000, 2654.488237, 5484.211686, 204.636226, 0.054261, 0.998527, 0.006221
51.520000, 2655.263953, 5486.105583, 204.660221, 0.054198, 0.998530, 0.006222
51.530000, 2656.039649, 5487.999748, 204.684214, 0.054136, 0.998534, 0.006223
51.540000, 2656.815324, 5489.894180, 204.708202, 0.054074, 0.998537, 0.006225
51.550000, 2657.590978, 5491.788880, 204.732186, 0.054012, 0.998540, 0.006226
51.560000, 2658.366610, 5493.683847, 204.756169, 0.053950, 0.998544, 0.006227
51.570000, 2659.142222, 5495.579083, 204.780149, 0.053888, 0.998547, 0.006229
51.580000, 2659.917812, 5497.474586, 204.804127, 0.053825, 0.998550, 0.006230
51.590000, 2660.693381, 5499.370357, 204.828103, 0.053763, 0.998554, 0.006231
51.600000, 2661.468929, 5501.266396, 204.852076, 0.053701, 0.998557, 0.006232
51.610000, 2662.244456, 5503.162702, 204.876047, 0.053639, 0.998560, 0.006234
51.620000, 2663.019961, 5505.059277, 204.900016, 0.053576, 0.998564, 0.006235
51.630000, 2663.795444, 5506.956119, 204.923982, 0.053514, 0.998567, 0.006236
51.640000, 2664.570905, 5508.853228, 204.947943, 0.053452, 0.998570, 0.006238
51.650000, 2665.346345, 5510.750606, 204.971902, 0.053390, 0.998574, 0.006239
51.660000, 2666.121763, 5512.648251, 204.995858, 0.053327, 0.998577, 0.006240
51.670000, 2666.897159, 5514.546164, 205.019812, 0.053265, 0.998580, 0.006242
51.680000, 2667.672533, 5516.444344, 205.043764, 0.053203, 0.998584, 0.006243
51.690000, 2668.447885, 5518.342793, 205.067713, 0.053140, 0.998587, 0.006244
51.700000, 2669.223215, 5520.241509, 205.091660, 0.053078, 0.998590, 0.006245
51.710000, 2669.998523, 5522.140492, 205.115605, 0.053016, 0.998594, 0.006247
51.720000, 2670.773808, 5524.039744, 205.139547, 0.052953, 0.998597, 0.006248
51.730000, 2671.549071, 5525.939263, 205.163487, 0.052891, 0.998600, 0.006249
51.740000, 2672.324312, 5527.839050, 205.187422, 0.052828, 0.998604, 0.006251
51.750000, 2673.099530, 5529.739104, 205.211354, 0.052766, 0.998607, 0.006252
51.760000, 2673.874725, 5531.639427, 205.235284, 0.052703, 0.998610, 0.006253
51.770000, 2674.649898, 5533.540016, 205.259212, 0.052641, 0.998614, 0.006255
51.780000, 2675.425048, 5535.440874, 205.283137, 0.052578, 0.998617, 0.006256
51.790000, 2676.200174, 5537.341999, 205.307061, 0.052516, 0.998620, 0.006257
51.800000, 2676.975278, 5539.243392, 205.330981, 0.052453, 0.998623, 0.006258
51.810000, 2677.750359, 5541.145053, 205.354900, 0.052391, 0.998627, 0.006260
51.820000, 2678.525417, 5543.046981, 205.378816, 0.052328, 0.998630, 0.006261
51.830000, 2679.300452, 5544.949177, 205.402730, 0.052266, 0.998633, 0.006262
51.840000, 2680.075463, 5546.851640, 205.426639, 0.052203, 0.998636, 0.006264
51.850000, 2680.850451, 5548.754372, 205.450545, 0.052141, 0.998640, 0.006265
51.860000, 2681.625416, 5550.657371, 205.474449, 0.052078, 0.998643, 0.006266
51.870000, 2682.400357, 5552.560637, 205.498351, 0.052016, 0.998646, 0.006267
51.880000, 2683.175275, 5554.464171, 205.522250, 0.051953, 0.998650, 0.006269
51.890000, 2683.950169, 5556.367973, 205.546147, 0.051890, 0.998653, 0.006270
51.900000, 2684.725039, 5558.272043, 205.570042, 0.051828, 0.998656, 0.006271
51.910000, 2685.499885, 5560.176380, 205.593934, 0.051765, 0.998659, 0.006273
51.920000, 2686.274707, 5562.080984, 205.617825, 0.051702, 0.998663, 0.006274
51.930000, 2687.049506, 5563.985857, 205.641713, 0.051640, 0.998666, 0.006275
51.940000, 2687.824280, 5565.890997, 205.665595, 0.051577, 0.998669, 0.006276
51.950000, 2688.599030, 5567.796404, 205.689475, 0.051514, 0.998672, 0.006278
51.960000, 2689.373756, 5569.702080, 205.713353, 0.051452, 0.998675, 0.006279
51.970000, 2690.148458, 5571.608022, 205.737229, 0.051389, 0.998679, 0.006280
51.980000, 2690.923135, 5573.514233, 205.761102, 0.051326, 0.998682, 0.006282
51.990000, 2691.697788, 5575.420711, 205.784974, 0.051264, 0.998685, 0.006283
52.000000, 2692.472416, 5577.327457, 205.808842, 0.051201, 0.998688, 0.006284
52.010000, 2693.247020, 5579.234470, 205.832709, 0.051138, 0.998692, 0.006285
52.020000, 2694.021599, 5581.141751, 205.856573, 0.051075, 0.998695, 0.006287
52.030000, 2694.796153, 5583.049299, 205.880436, 0.051012, 0.998698, 0.006288
52.040000, 2695.570682, 5584.957115, 205.904295, 0.050950, 0.998701, 0.006289
52.050000, 2696.345187, 5586.865199, 205.928150, 0.050887, 0.998704, 0.006291
52.060000, 2697.119666, 5588.773550, 205.952002, 0.050824, 0.998708, 0.006292
52.070000, 2697.894120, 5590.682169, 205.975852, 0.050761, 0.998711, 0.006293
52.080000, 2698.668549, 5592.591056, 205.999700, 0.050698, 0.998714, 0.006294
52.090000, 2699.442953, 5594.500210, 206.023545, 0.050635, 0.998717, 0.006296
52.100000, 2700.217331, 5596.409631, 206.047388, 0.050572, 0.998720, 0.006297
52.110000, 2700.991684, 5598.319320, 206.071229, 0.050510, 0.998724, 0.006298
52.120000, 2701.766011, 5600.229277, 206.095068, 0.050447, 0.998727, 0.006299
52.130000, 2702.540313, 5602.139501, 206.118904, 0.050384, 0.998730, 0.006301
52.140000, 2703.314590, 5604.049993, 206.142738, 0.050321, 0.998733, 0.006302
52.150000, 2704.088840, 5605.960753, 206.166570, 0.050258, 0.998736, 0.006303
52.160000, 2704.863065, 5607.871780, 206.190396, 0.050195, 0.998739, 0.006305
52.170000, 2705.637263, 5609.783074, 206.214221, 0.050132, 0.998743, 0.006306
52.180000, 2706.411436, 5611.694636, 206.238043, 0.050069, 0.998746, 0.006307
52.190000, 2707.185583, 5613.606466, 206.261862, 0.050006, 0.998749, 0.006308
52.200000, 2707.959703, 5615.518563, 206.285680, 0.049943, 0.998752, 0.006310
52.210000, 2708.733798, 5617.430928, 206.309495, 0.049880, 0.998755, 0.006311
52.220000, 2709.507866, 5619.343560, 206.333308, 0.049817, 0.998758, 0.006312
52.230000, 2710.281907, 5621.256460, 206.357119, 0.049754, 0.998762, 0.006313
52.240000, 2711.055922, 5623.169627, 206.380927, 0.049691, 0.998765, 0.006315
52.250000, 2711.829911, 5625.083062, 206.404734, 0.049628, 0.998768, 0.006316
52.260000, 2712.603873, 5626.996765, 206.428538, 0.049565, 0.998771, 0.006317
52.270000, 2713.377808, 5628.910735, 206.452336, 0.049501, 0.998774, 0.006318
52.280000, 2714.151716, 5630.824972, 206.476133, 0.049438, 0.998777, 0.006320
52.290000, 2714.925598, 5632.739477, 206.499927, 0.049375, 0.998780, 0.006321
52.300000, 2715.699453, 5634.654249, 206.523719, 0.049312, 0.998783, 0.006322
52.310000, 2716.473280, 5636.569289, 206.547509, 0.049249, 0.998787, 0.006324
52.320000, 2717.247081, 5638.484597, 206.571296, 0.049186, 0.998790, 0.006325
52.330000, 2718.020854, 5640.400172, 206.595082, 0.049123, 0.998793, 0.006326
52.340000, 2718.794600, 5642.316015, 206.618865, 0.049059, 0.998796, 0.006327
52.350000, 2719.568319, 5644.232125, 206.642646, 0.048996, 0.998799, 0.006329
52.360000, 2720.342010, 5646.148502, 206.666424, 0.048933, 0.998802, 0.006330
52.370000, 2721.115674, 5648.065147, 206.690201, 0.048870, 0.998805, 0.006331
52.380000, 2721.889310, 5649.982060, 206.713975, 0.048806, 0.998808, 0.006332
52.390000, 2722.662918, 5651.899240, 206.737744, 0.048743, 0.998811, 0.006334
52.400000, 2723.436499, 5653.816687, 206.761511, 0.048680, 0.998814, 0.006335
52.410000, 2724.210052, 5655.734402, 206.785275, 0.048617, 0.998818, 0.006336
52.420000, 2724.983577, 5657.652385, 206.809037, 0.048553, 0.998821, 0.006337
52.430000, 2725.757074, 5659.570635, 206.832797, 0.048490, 0.998824, 0.006339
52.440000, 2726.530543, 5661.489152, 206.856555, 0.048427, 0.998827, 0.006340
52.450000, 2727.303984, 5663.407937, 206.880311, 0.048363, 0.998830, 0.006341
52.460000, 2728.077396, 5665.326990, 206.904064, 0.048300, 0.998833, 0.006342
52.470000, 2728.850781, 5667.246310, 206.927815, 0.048237, 0.998836, 0.006344
52.480000, 2729.624137, 5669.165897, 206.951564, 0.048173, 0.998839, 0.006345
52.490000, 2730.397464, 5671.085752, 206.975311, 0.048110, 0.998842, 0.006346
52.500000, 2731.170763, 5673.005874, 206.999055, 0.048046, 0.998845, 0.006347
52.510000, 2731.944033, 5674.926264, 207.022798, 0.047983, 0.998848, 0.006349
52.520000, 2732.717275, 5676.846921, 207.046535, 0.047920, 0.998851, 0.006350
52.530000, 2733.490487, 5678.767846, 207.070270, 0.047856, 0.998854, 0.006351
52.540000, 2734.263671, 5680.689038, 207.094002, 0.047793, 0.998857, 0.006352
52.550000, 2735.036826, 5682.610498, 207.117733, 0.047729, 0.998860, 0.006354
52.560000, 2735.809952, 5684.532225, 207.141461, 0.047666, 0.998863, 0.006355
52.570000, 2736.583049, 5686.454219, 207.165187, 0.047602, 0.998866, 0.006356
52.580000, 2737.356116, 5688.376481, 207.188911, 0.047539, 0.998869, 0.006357
52.590000, 2738.129154, 5690.299011, 207.212633, 0.047475, 0.998872, 0.006359
52.600000, 2738.902163, 5692.221808, 207.236352, 0.047412, 0.998875, 0.006360
52.610000, 2739.675143, 5694.144872, 207.260069, 0.047348, 0.998878, 0.006361
52.620000, 2740.448093, 5696.068204, 207.283784, 0.047285, 0.998881, 0.006362
52.630000, 2741.221013, 5697.991803, 207.307497, 0.047221, 0.998884, 0.006364
52.640000, 2741.993904, 5699.915669, 207.331205, 0.047157, 0.998887, 0.006365
52.650000, 2742.766765, 5701.839803, 207.354910, 0.047094, 0.998890, 0.006366
52.660000, 2743.539596, 5703.764205, 207.378613, 0.047030, 0.998893, 0.006367
52.670000, 2744.312397, 5705.688874, 207.402315, 0.046967, 0.998896, 0.006369
52.680000, 2745.085168, 5707.613810, 207.426013, 0.046903, 0.998899, 0.006370
52.690000, 2745.857909, 5709.539014, 207.449710, 0.046839, 0.998902, 0.006371
52.700000, 2746.630620, 5711.464485, 207.473405, 0.046776, 0.998905, 0.006372
52.710000, 2747.403301, 5713.390224, 207.497097, 0.046712, 0.998908, 0.006374
52.720000, 2748.175951, 5715.316230, 207.520787, 0.046648, 0.998911, 0.006375
52.730000, 2748.948571, 5717.242503, 207.544475, 0.046585, 0.998914, 0.006376
52.740000, 2749.721161, 5719.169044, 207.568161, 0.046521, 0.998917, 0.006377
52.750000, 2750.493720, 5721.095852, 207.591845, 0.046457, 0.998920, 0.006378
52.760000, 2751.266248, 5723.022928, 207.615526, 0.046394, 0.998923, 0.006380
52.770000, 2752.038746, 5724.950271, 207.639205, 0.046330, 0.998926, 0.006381
52.780000, 2752.811213, 5726.877881, 207.662879, 0.046266, 0.998929, 0.006382
52.790000, 2753.583649, 5728.805759, 207.686551, 0.046202, 0.998932, 0.006383
52.800000, 2754.356054, 5730.733904, 207.710221, 0.046139, 0.998935, 0.006385
52.810000, 2755.128428, 5732.662317, 207.733888, 0.046075, 0.998938, 0.006386
52.820000, 2755.900770, 5734.590997, 207.757554, 0.046011, 0.998941, 0.006387
52.830000, 2756.673082, 5736.519945, 207.781217, 0.045947, 0.998944, 0.006388
52.840000, 2757.445362, 5738.449159, 207.804878, 0.045883, 0.998947, 0.006390
52.850000, 2758.217611, 5740.378642, 207.828537, 0.045819, 0.998950, 0.006391
52.860000, 2758.989829, 5742.308391, 207.852194, 0.045756, 0.998953, 0.006392
52.870000, 2759.762015, 5744.238408, 207.875848, 0.045692, 0.998956, 0.006393
52.880000, 2760.534169, 5746.168693, 207.899501, 0.045628, 0.998959, 0.006395
52.890000, 2761.306292, 5748.099244, 207.923151, 0.045564, 0.998961, 0.006396
52.900000, 2762.078383, 5750.030063, 207.946799, 0.045500, 0.998964, 0.006397
52.910000, 2762.850442, 5751.961150, 207.970445, 0.045436, 0.998967, 0.006398
52.920000, 2763.622469, 5753.892504, 207.994086, 0.045372, 0.998970, 0.006399
52.930000, 2764.394465, 5755.824125, 208.017725, 0.045308, 0.998973, 0.006401
52.940000, 2765.166428, 5757.756014, 208.041361, 0.045244, 0.998976, 0.006402
52.950000, 2765.938359, 5759.688170, 208.064995, 0.045180, 0.998979, 0.006403
52.960000, 2766.710257, 5761.620593, 208.088627, 0.045116, 0.998982, 0.006404
52.970000, 2767.482124, 5763.553284, 208.112257, 0.045052, 0.998985, 0.006406
52.980000, 2768.253958, 5765.486242, 208.135885, 0.044988, 0.998988, 0.006407
52.990000, 2769.025759, 5767.419468, 208.159511, 0.044924, 0.998990, 0.006408
53.000000, 2769.797528, 5769.352960, 208.183135, 0.044860, 0.998993, 0.006409
53.010000, 2770.569264, 5771.286721, 208.206756, 0.044796, 0.998996, 0.006410
53.020000, 2771.340968, 5773.220748, 208.230375, 0.044732, 0.998999, 0.006412
53.030000, 2772.112638, 5775.155043, 208.253993, 0.044668, 0.999002, 0.006413
53.040000, 2772.884276, 5777.089605, 208.277608, 0.044604, 0.999005, 0.006414
53.050000, 2773.655881, 5779.024435, 208.301221, 0.044540, 0.999008, 0.006415
53.060000, 2774.427453, 5780.959532, 208.324831, 0.044476, 0.999010, 0.006417
53.070000, 2775.198992, 5782.894896, 208.348437, 0.044412, 0.999013, 0.006418
53.080000, 2775.970497, 5784.830528, 208.372040, 0.044348, 0.999016, 0.006419
53.090000, 2776.741969, 5786.766427, 208.395642, 0.044284, 0.999019, 0.006420
53.100000, 2777.513408, 5788.702594, 208.419241, 0.044219, 0.999022, 0.006421
53.110000, 2778.284813, 5790.639027, 208.442838, 0.044155, 0.999025, 0.006423
53.120000, 2779.056185, 5792.575728, 208.466433, 0.044091, 0.999028, 0.006424
53.130000, 2779.827523, 5794.512697, 208.490026, 0.044027, 0.999030, 0.006425
53.140000, 2780.598828, 5796.449932, 208.513616, 0.043963, 0.999033, 0.006426
53.150000, 2781.370099, 5798.387435, 208.537205, 0.043898, 0.999036, 0.006427
53.160000, 2782.141335, 5800.325206, 208.560791, 0.043834, 0.999039, 0.006429
53.170000, 2782.912538, 5802.263243, 208.584376, 0.043770, 0.999042, 0.006430
53.180000, 2783.683707, 5804.201549, 208.607958, 0.043706, 0.999044, 0.006431
53.190000, 2784.454842, 5806.140121, 208.631538, 0.043641, 0.999047, 0.006432
53.200000, 2785.225943, 5808.078961, 208.655116, 0.043577, 0.999050, 0.006434
53.210000, 2785.997009, 5810.018068, 208.678692, 0.043513, 0.999053, 0.006435
53.220000, 2786.768041, 5811.957442, 208.702266, 0.043449, 0.999056, 0.006436
53.230000, 2787.539039, 5813.897084, 208.725835, 0.043384, 0.999058, 0.006437
53.240000, 2788.310002, 5815.836993, 208.749401, 0.043320, 0.999061, 0.006438
53.250000, 2789.080930, 5817.777169, 208.772965, 0.043256, 0.999064, 0.006440
53.260000, 2789.851824, 5819.717613, 208.796528, 0.043191, 0.999067, 0.006441
53.270000, 2790.622683, 5821.658324, 208.820088, 0.043127, 0.999070, 0.006442
53.280000, 2791.393508, 5823.599302, 208.843646, 0.043063, 0.999072, 0.006443
53.290000, 2792.164297, 5825.540548, 208.867202, 0.042998, 0.999075, 0.006444
53.300000, 2792.935051, 5827.482061, 208.890756, 0.042934, 0.999078, 0.006446
53.310000, 2793.705771, 5829.423841, 208.914307, 0.042869, 0.999081, 0.006447
53.320000, 2794.476455, 5831.365889, 208.937857, 0.042805, 0.999083, 0.006448
53.330000, 2795.247104, 5833.308203, 208.961405, 0.042741, 0.999086, 0.006449
53.340000, 2796.017718, 5835.250786, 208.984950, 0.042676, 0.999089, 0.006450
53.350000, 2796.788296, 5837.193635, 209.008494, 0.042612, 0.999092, 0.006452
53.360000, 2797.558839, 5839.136752, 209.032035, 0.042547, 0.999094, 0.006453
53.370000, 2798.329346, 5841.080136, 209.055574, 0.042483, 0.999097, 0.006454
53.380000, 2799.099818, 5843.023788, 209.079111, 0.042418, 0.999100, 0.006455
53.390000, 2799.870254, 5844.967706, 209.102646, 0.042354, 0.999103, 0.006456
53.400000, 2800.640654, 5846.911892, 209.126176, 0.042289, 0.999105, 0.006458
53.410000, 2801.411018, 5848.856346, 209.149704, 0.042225, 0.999108, 0.006459
53.420000, 2802.181346, 5850.801066, 209.173230, 0.042160, 0.999111, 0.006460
53.430000, 2802.951639, 5852.746054, 209.196753, 0.042096, 0.999114, 0.006461
53.440000, 2803.721895, 5854.691309, 209.220275, 0.042031, 0.999116, 0.006462
53.450000, 2804.492115, 5856.636832, 209.243794, 0.041966, 0.999119, 0.006464
53.460000, 2805.262299, 5858.582622, 209.267312, 0.041902, 0.999122, 0.006465
53.470000, 2806.032446, 5860.528679, 209.290827, 0.041837, 0.999124, 0.006466
53.480000, 2806.802557, 5862.475003, 209.314340, 0.041773, 0.999127, 0.006467
53.490000, 2807.572631, 5864.421595, 209.337851, 0.041708, 0.999130, 0.006468
53.500000, 2808.342669, 5866.368454, 209.361361, 0.041643, 0.999133, 0.006470
53.510000, 2809.112670, 5868.315580, 209.384868, 0.041579, 0.999135, 0.006471
53.520000, 2809.882634, 5870.262973, 209.408373, 0.041514, 0.999138, 0.006472
53.530000, 2810.652562, 5872.210634, 209.431876, 0.041449, 0.999141, 0.006473
53.540000, 2811.422453, 5874.158562, 209.455376, 0.041385, 0.999143, 0.006474
53.550000, 2812.192306, 5876.106758, 209.478875, 0.041320, 0.999146, 0.006476
53.560000, 2812.962123, 5878.055220, 209.502372, 0.041255, 0.999149, 0.006477
53.570000, 2813.731902, 5880.003950, 209.525867, 0.041190, 0.999151, 0.006478
53.580000, 2814.501644, 5881.952948, 209.549359, 0.041126, 0.999154, 0.006479
53.590000, 2815.271349, 5883.902212, 209.572847, 0.041061, 0.999157, 0.006480
53.600000, 2816.041016, 5885.851744, 209.596332, 0.040996, 0.999159, 0.006481
53.610000, 2816.810646, 5887.801543, 209.619815, 0.040931, 0.999162, 0.006483
53.620000, 2817.580239, 5889.751610, 209.643296, 0.040867, 0.999165, 0.006484
53.630000, 2818.349793, 5891.701943, 209.666776, 0.040802, 0.999167, 0.006485
53.640000, 2819.119310, 5893.652544, 209.690253, 0.040737, 0.999170, 0.006486
53.650000, 2819.888790, 5895.603412, 209.713728, 0.040672, 0.999173, 0.006487
53.660000, 2820.658231, 5897.554548, 209.737201, 0.040607, 0.999175, 0.006489
53.670000, 2821.427634, 5899.505950, 209.760672, 0.040543, 0.999178, 0.006490
53.680000, 2822.196999, 5901.457620, 209.784141, 0.040478, 0.999180, 0.006491
53.690000, 2822.966326, 5903.409558, 209.807608, 0.040413, 0.999183, 0.006492
53.700000, 2823.735615, 5905.361762, 209.831073, 0.040348, 0.999186, 0.006493
53.710000, 2824.504866, 5907.314234, 209.854535, 0.040283, 0.999188, 0.006494
53.720000, 2825.274078, 5909.266973, 209.877996, 0.040218, 0.999191, 0.006496
53.730000, 2826.043252, 5911.219979, 209.901455, 0.040153, 0.999194, 0.006497
53.740000, 2826.812387, 5913.173253, 209.924912, 0.040088, 0.999196, 0.006498
53.750000, 2827.581484, 5915.126794, 209.948366, 0.040023, 0.999199, 0.006499
53.760000, 2828.350542, 5917.080602, 209.971819, 0.039958, 0.999201, 0.006500
53.770000, 2829.119561, 5919.034677, 209.995270, 0.039893, 0.999204, 0.006502
53.780000, 2829.888541, 5920.989020, 210.018718, 0.039829, 0.999207, 0.006503
53.790000, 2830.657483, 5922.943630, 210.042162, 0.039764, 0.999209, 0.006504
53.800000, 2831.426385, 5924.898507, 210.065603, 0.039699, 0.999212, 0.006505
53.810000, 2832.195248, 5926.853652, 210.089042, 0.039634, 0.999214, 0.006506
53.820000, 2832.964072, 5928.809064, 210.112480, 0.039568, 0.999217, 0.006507
53.830000, 2833.732857, 5930.764742, 210.135915, 0.039503, 0.999219, 0.006509
53.840000, 2834.501602, 5932.720689, 210.159348, 0.039438, 0.999222, 0.006510
53.850000, 2835.270308, 5934.676902, 210.182779, 0.039373, 0.999225, 0.006511
53.860000, 2836.038975, 5936.633383, 210.206209, 0.039308, 0.999227, 0.006512
53.870000, 2836.807602, 5938.590131, 210.229636, 0.039243, 0.999230, 0.006513
53.880000, 2837.576189, 5940.547146, 210.253061, 0.039178, 0.999232, 0.006514
53.890000, 2838.344737, 5942.504429, 210.276484, 0.039113, 0.999235, 0.006516
53.900000, 2839.113244, 5944.461978, 210.299905, 0.039048, 0.999237, 0.006517
53.910000, 2839.881712, 5946.419795, 210.323324, 0.038983, 0.999240, 0.006518
53.920000, 2840.650140, 5948.377880, 210.346742, 0.038918, 0.999242, 0.006519
53.930000, 2841.418528, 5950.336231, 210.370157, 0.038852, 0.999245, 0.006520
53.940000, 2842.186875, 5952.294850, 210.393570, 0.038787, 0.999247, 0.006521
53.950000, 2842.955182, 5954.253736, 210.416981, 0.038722, 0.999250, 0.006523
53.960000, 2843.723449, 5956.212889, 210.440390, 0.038657, 0.999253, 0.006524
53.970000, 2844.491676, 5958.172310, 210.463797, 0.038592, 0.999255, 0.006525
53.980000, 2845.259862, 5960.131998, 210.487202, 0.038527, 0.999258, 0.006526
53.990000, 2846.028008, 5962.091953, 210.510605, 0.038461, 0.999260, 0.006527
54.000000, 2846.796113, 5964.052175, 210.534006, 0.038396, 0.999263, 0.006528
54.010000, 2847.564177, 5966.012664, 210.557405, 0.038331, 0.999265, 0.006530
54.020000, 2848.332200, 5967.973421, 210.580802, 0.038266, 0.999268, 0.006531
54.030000, 2849.100183, 5969.934445, 210.604194, 0.038200, 0.999270, 0.006532
54.040000, 2849.868125, 5971.895737, 210.627584, 0.038135, 0.999273, 0.006533
54.050000, 2850.636025, 5973.857295, 210.650972, 0.038070, 0.999275, 0.006534
54.060000, 2851.403884, 5975.819121, 210.674358, 0.038004, 0.999278, 0.006535
54.070000, 2852.171703, 5977.781214, 210.697742, 0.037939, 0.999280, 0.006537
54.080000, 2852.939480, 5979.743574, 210.721124, 0.037874, 0.999283, 0.006538
54.090000, 2853.707215, 5981.706202, 210.744504, 0.037808, 0.999285, 0.006539
54.100000, 2854.474909, 5983.669097, 210.767882, 0.037743, 0.999287, 0.006540
54.110000, 2855.242562, 5985.632259, 210.791258, 0.037678, 0.999290, 0.006541
54.120000, 2856.010173, 5987.595688, 210.814632, 0.037612, 0.999292, 0.006542
54.130000, 2856.777742, 5989.559384, 210.838004, 0.037547, 0.999295, 0.006543
54.140000, 2857.545269, 5991.523348, 210.861374, 0.037482, 0.999297, 0.006545
54.150000, 2858.312755, 5993.487579, 210.884742, 0.037416, 0.999300, 0.006546
54.160000, 2859.080199, 5995.452077, 210.908108, 0.037351, 0.999302, 0.006547
54.170000, 2859.847601, 5997.416843, 210.931472, 0.037285, 0.999305, 0.006548
54.180000, 2860.614960, 5999.381875, 210.954834, 0.037220, 0.999307, 0.006549
54.190000, 2861.382278, 6001.347175, 210.978194, 0.037154, 0.999310, 0.006550
54.200000, 2862.149553, 6003.312742, 211.001552, 0.037089, 0.999312, 0.006552
54.210000, 2862.916786, 6005.278577, 211.024909, 0.037023, 0.999314, 0.006553
54.220000, 2863.683976, 6007.244679, 211.048263, 0.036958, 0.999317, 0.006554
54.230000, 2864.451124, 6009.211047, 211.071615, 0.036892, 0.999319, 0.006555
54.240000, 2865.218229, 6011.177684, 211.094965, 0.036827, 0.999322, 0.006556
54.250000, 2865.985292, 6013.144587, 211.118313, 0.036761, 0.999324, 0.006557
54.260000, 2866.752312, 6015.111758, 211.141660, 0.036696, 0.999326, 0.006558
54.270000, 2867.519289, 6017.079196, 211.165004, 0.036630, 0.999329, 0.006560
54.280000, 2868.286223, 6019.046901, 211.188347, 0.036565, 0.999331, 0.006561
54.290000, 2869.053114, 6021.014873, 211.211687, 0.036499, 0.999334, 0.006562
54.300000, 2869.819962, 6022.983113, 211.235025, 0.036434, 0.999336, 0.006563
54.310000, 2870.586767, 6024.951620, 211.258359, 0.036368, 0.999338, 0.006564
54.320000, 2871.353529, 6026.920394, 211.281690, 0.036302, 0.999341, 0.006565
54.330000, 2872.120248, 6028.889435, 211.305019, 0.036237, 0.999343, 0.006566
54.340000, 2872.886923, 6030.858744, 211.328347, 0.036171, 0.999346, 0.006568
54.350000, 2873.653554, 6032.828320, 211.351672, 0.036105, 0.999348, 0.006569
54.360000, 2874.420142, 6034.798163, 211.374996, 0.036040, 0.999350, 0.006570
54.370000, 2875.186687, 6036.768273, 211.398318, 0.035974, 0.999353, 0.006571
54.380000, 2875.953187, 6038.738651, 211.421637, 0.035908, 0.999355, 0.006572
54.390000, 2876.719644, 6040.709296, 211.444955, 0.035843, 0.999357, 0.006573
54.400000, 2877.486057, 6042.680208, 211.468271, 0.035777, 0.999360, 0.006574
54.410000, 2878.252426, 6044.651387, 211.491584, 0.035711, 0.999362, 0.006576
54.420000, 2879.018751, 6046.622833, 211.514896, 0.035646, 0.999364, 0.006577
54.430000, 2879.785032, 6048.594547, 211.538206, 0.035580, 0.999367, 0.006578
54.440000, 2880.551269, 6050.566528, 211.561514, 0.035514, 0.999369, 0.006579
54.450000, 2881.317461, 6052.538776, 211.584820, 0.035448, 0.999372, 0.006580
54.460000, 2882.083609, 6054.511291, 211.608124, 0.035383, 0.999374, 0.006581
54.470000, 2882.849712, 6056.484074, 211.631426, 0.035317, 0.999376, 0.006582
54.480000, 2883.615771, 6058.457124, 211.654726, 0.035251, 0.999378, 0.006584
54.490000, 2884.381786, 6060.430441, 211.678025, 0.035185, 0.999381, 0.006585
54.500000, 2885.147756, 6062.404026, 211.701321, 0.035119, 0.999383, 0.006586
54.510000, 2885.913681, 6064.377877, 211.724615, 0.035054, 0.999385, 0.006587
54.520000, 2886.679561, 6066.351996, 211.747908, 0.034988, 0.999388, 0.006588
54.530000, 2887.445396, 6068.326382, 211.771198, 0.034922, 0.999390, 0.006589
54.540000, 2888.211186, 6070.301036, 211.794487, 0.034856, 0.999392, 0.006590
54.550000, 2888.976931, 6072.275956, 211.817773, 0.034790, 0.999395, 0.006591
54.560000, 2889.742631, 6074.251144, 211.841058, 0.034724, 0.999397, 0.006593
54.570000, 2890.508285, 6076.226599, 211.864341, 0.034658, 0.999399, 0.006594
54.580000, 2891.273895, 6078.202322, 211.887622, 0.034592, 0.999402, 0.006595
54.590000, 2892.039459, 6080.178311, 211.910901, 0.034527, 0.999404, 0.006596
54.600000, 2892.804977, 6082.154568, 211.934178, 0.034461, 0.999406, 0.006597
54.610000, 2893.570450, 6084.131092, 211.957453, 0.034395, 0.999408, 0.006598
54.620000, 2894.335877, 6086.107884, 211.980726, 0.034329, 0.999411, 0.006599
54.630000, 2895.101258, 6088.084942, 212.003997, 0.034263, 0.999413, 0.006600
54.640000, 2895.866594, 6090.062268, 212.027266, 0.034197, 0.999415, 0.006602
54.650000, 2896.631883, 6092.039861, 212.050534, 0.034131, 0.999417, 0.006603
54.660000, 2897.397127, 6094.017722, 212.073799, 0.034065, 0.999420, 0.006604
54.670000, 2898.162325, 6095.995849, 212.097063, 0.033999, 0.999422, 0.006605
54.680000, 2898.927476, 6097.974244, 212.120321, 0.033933, 0.999424, 0.006606
54.690000, 2899.692581, 6099.952906, 212.143578, 0.033867, 0.999426, 0.006607
54.700000, 2900.457640, 6101.931836, 212.166832, 0.033801, 0.999429, 0.006608
54.710000, 2901.222653, 6103.911032, 212.190085, 0.033735, 0.999431, 0.006609
54.720000, 2901.987619, 6105.890496, 212.213336, 0.033669, 0.999433, 0.006611
54.730000, 2902.752538, 6107.870227, 212.236585, 0.033602, 0.999435, 0.006612
54.740000, 2903.517411, 6109.850225, 212.259832, 0.033536, 0.999437, 0.006613
54.750000, 2904.282237, 6111.830491, 212.283077, 0.033470, 0.999440, 0.006614
54.760000, 2905.047016, 6113.811024, 212.306320, 0.033404, 0.999442, 0.006615
54.770000, 2905.811748, 6115.791824, 212.329562, 0.033338, 0.999444, 0.006616
54.780000, 2906.576434, 6117.772891, 212.352801, 0.033272, 0.999446, 0.006617
54.790000, 2907.341072, 6119.754225, 212.376039, 0.033206, 0.999449, 0.006618
54.800000, 2908.105663, 6121.735827, 212.399274, 0.033140, 0.999451, 0.006619
54.810000, 2908.870207, 6123.717696, 212.422508, 0.033073, 0.999453, 0.006621
54.820000, 2909.634704, 6125.699832, 212.445740, 0.033007, 0.999455, 0.006622
54.830000, 2910.399153, 6127.682236, 212.468970, 0.032941, 0.999457, 0.006623
54.840000, 2911.163555, 6129.664907, 212.492198, 0.032875, 0.999459, 0.006624
54.850000, 2911.927910, 6131.647845, 212.515424, 0.032809, 0.999462, 0.006625
54.860000, 2912.692216, 6133.631050, 212.538648, 0.032742, 0.999464, 0.006626
54.870000, 2913.456475, 6135.614522, 212.561870, 0.032676, 0.999466, 0.006627
54.880000, 2914.220687, 6137.598262, 212.585091, 0.032610, 0.999468, 0.006628
54.890000, 2914.984850, 6139.582269, 212.608309, 0.032544, 0.999470, 0.006629
54.900000, 2915.748965, 6141.566543, 212.631526, 0.032477, 0.999472, 0.006631
54.910000, 2916.513033, 6143.551085, 212.654741, 0.032411, 0.999475, 0.006632
54.920000, 2917.277052, 6145.535893, 212.677954, 0.032345, 0.999477, 0.006633
54.930000, 2918.041023, 6147.520969, 212.701165, 0.032278, 0.999479, 0.006634
54.940000, 2918.804946, 6149.506313, 212.724374, 0.032212, 0.999481, 0.006635
54.950000, 2919.568821, 6151.491923, 212.747581, 0.032146, 0.999483, 0.006636
54.960000, 2920.332647, 6153.477801, 212.770787, 0.032080, 0.999485, 0.006637
54.970000, 2921.096424, 6155.463946, 212.793990, 0.032013, 0.999487, 0.006638
54.980000, 2921.860153, 6157.450358, 212.817192, 0.031947, 0.999490, 0.006639
54.990000, 2922.623834, 6159.437038, 212.840392, 0.031880, 0.999492, 0.006640
55.000000, 2923.387465, 6161.423985, 212.863590, 0.031814, 0.999494, 0.006642
55.010000, 2924.151048, 6163.411199, 212.886786, 0.031748, 0.999496, 0.006643
55.020000, 2924.914582, 6165.398680, 212.909980, 0.031681, 0.999498, 0.006644
55.030000, 2925.678066, 6167.386429, 212.933172, 0.031615, 0.999500, 0.006645
55.040000, 2926.441502, 6169.374444, 212.956363, 0.031548, 0.999502, 0.006646
55.050000, 2927.204889, 6171.362728, 212.979551, 0.031482, 0.999504, 0.006647
55.060000, 2927.968226, 6173.351278, 213.002738, 0.031416, 0.999506, 0.006648
55.070000, 2928.731514, 6175.340096, 213.025923, 0.031349, 0.999508, 0.006649
55.080000, 2929.494753, 6177.329181, 213.049106, 0.031283, 0.999511, 0.006650
55.090000, 2930.257942, 6179.318533, 213.072287, 0.031216, 0.999513, 0.006651
55.100000, 2931.021081, 6181.308152, 213.095466, 0.031150, 0.999515, 0.006653
55.110000, 2931.784171, 6183.298039, 213.118644, 0.031083, 0.999517, 0.006654
55.120000, 2932.547211, 6185.288193, 213.141819, 0.031017, 0.999519, 0.006655
55.130000, 2933.310202, 6187.278615, 213.164993, 0.030950, 0.999521, 0.006656
55.140000, 2934.073142, 6189.269303, 213.188165, 0.030884, 0.999523, 0.006657
55.150000, 2934.836033, 6191.260259, 213.211335, 0.030817, 0.999525, 0.006658
55.160000, 2935.598873, 6193.251482, 213.234503, 0.030750, 0.999527, 0.006659
55.170000, 2936.361663, 6195.242973, 213.257669, 0.030684, 0.999529, 0.006660
55.180000, 2937.124403, 6197.234731, 213.280833, 0.030617, 0.999531, 0.006661
55.190000, 2937.887093, 6199.226756, 213.303996, 0.030551, 0.999533, 0.006662
55.200000, 2938.649732, 6201.219048, 213.327157, 0.030484, 0.999535, 0.006663
55.210000, 2939.412321, 6203.211608, 213.350315, 0.030417, 0.999537, 0.006665
55.220000, 2940.174860, 6205.204435, 213.373472, 0.030351, 0.999539, 0.006666
55.230000, 2940.937348, 6207.197529, 213.396628, 0.030284, 0.999541, 0.006667
55.240000, 2941.699785, 6209.190890, 213.419781, 0.030218, 0.999543, 0.006668
55.250000, 2942.462171, 6211.184519, 213.442932, 0.030151, 0.999545, 0.006669
55.260000, 2943.224506, 6213.178415, 213.466082, 0.030084, 0.999547, 0.006670
55.270000, 2943.986791, 6215.172578, 213.489230, 0.030018, 0.999549, 0.006671
55.280000, 2944.749024, 6217.167009, 213.512376, 0.029951, 0.999551, 0.006672
55.290000, 2945.511206, 6219.161707, 213.535520, 0.029884, 0.999553, 0.006673
55.300000, 2946.273337, 6221.156672, 213.558662, 0.029817, 0.999555, 0.006674
55.310000, 2947.035417, 6223.151905, 213.581803, 0.029751, 0.999557, 0.006675
55.320000, 2947.797446, 6225.147405, 213.604942, 0.029684, 0.999559, 0.006676
55.330000, 2948.559423, 6227.143172, 213.628078, 0.029617, 0.999561, 0.006678
55.340000, 2949.321348, 6229.139206, 213.651213, 0.029550, 0.999563, 0.006679
55.350000, 2950.083222, 6231.135508, 213.674346, 0.029484, 0.999565, 0.006680
55.360000, 2950.845044, 6233.132077, 213.697478, 0.029417, 0.999567, 0.006681
55.370000, 2951.606815, 6235.128914, 213.720607, 0.029350, 0.999569, 0.006682
55.380000, 2952.368533, 6237.126017, 213.743735, 0.029283, 0.999571, 0.006683
55.390000, 2953.130200, 6239.123388, 213.766861, 0.029217, 0.999573, 0.006684
55.400000, 2953.891815, 6241.121027, 213.789985, 0.029150, 0.999575, 0.006685
55.410000, 2954.653377, 6243.118932, 213.813107, 0.029083, 0.999577, 0.006686
55.420000, 2955.414888, 6245.117105, 213.836227, 0.029016, 0.999579, 0.006687
55.430000, 2956.176346, 6247.115546, 213.859346, 0.028949, 0.999581, 0.006688
55.440000, 2956.937752, 6249.114253, 213.882463, 0.028882, 0.999583, 0.006689
55.450000, 2957.699105, 6251.113228, 213.905578, 0.028815, 0.999585, 0.006690
55.460000, 2958.460406, 6253.112470, 213.928691, 0.028749, 0.999587, 0.006692
55.470000, 2959.221654, 6255.111980, 213.951802, 0.028682, 0.999589, 0.006693
55.480000, 2959.982850, 6257.111757, 213.974912, 0.028615, 0.999591, 0.006694
55.490000, 2960.743993, 6259.111801, 213.998019, 0.028548, 0.999592, 0.006695
55.500000, 2961.505083, 6261.112112, 214.021125, 0.028481, 0.999594, 0.006696
55.510000, 2962.266120, 6263.112691, 214.044229, 0.028414, 0.999596, 0.006697
55.520000, 2963.027104, 6265.113537, 214.067332, 0.028347, 0.999598, 0.006698
55.530000, 2963.788036, 6267.114651, 214.090432, 0.028280, 0.999600, 0.006699
55.540000, 2964.548913, 6269.116032, 214.113531, 0.028213, 0.999602, 0.006700
55.550000, 2965.309738, 6271.117680, 214.136627, 0.028146, 0.999604, 0.006701
55.560000, 2966.070510, 6273.119595, 214.159722, 0.028079, 0.999606, 0.006702
55.570000, 2966.831228, 6275.121778, 214.182816, 0.028012, 0.999608, 0.006703
55.580000, 2967.591892, 6277.124228, 214.205907, 0.027945, 0.999609, 0.006704
55.590000, 2968.352503, 6279.126946, 214.228997, 0.027878, 0.999611, 0.006705
55.600000, 2969.113060, 6281.129930, 214.252085, 0.027811, 0.999613, 0.006706
55.610000, 2969.873564, 6283.133183, 214.275171, 0.027744, 0.999615, 0.006708
55.620000, 2970.634014, 6285.136702, 214.298255, 0.027677, 0.999617, 0.006709
55.630000, 2971.394410, 6287.140489, 214.321337, 0.027610, 0.999619, 0.006710
55.640000, 2972.154752, 6289.144543, 214.344418, 0.027543, 0.999621, 0.006711
55.650000, 2972.915040, 6291.148864, 214.367497, 0.027476, 0.999622, 0.006712
55.660000, 2973.675273, 6293.153453, 214.390574, 0.027409, 0.999624, 0.006713
55.670000, 2974.435453, 6295.158310, 214.413649, 0.027341, 0.999626, 0.006714
55.680000, 2975.195578, 6297.163433, 214.436723, 0.027274, 0.999628, 0.006715
55.690000, 2975.955649, 6299.168824, 214.459795, 0.027207, 0.999630, 0.006716
55.700000, 2976.715665, 6301.174482, 214.482865, 0.027140, 0.999632, 0.006717
55.710000, 2977.475627, 6303.180408, 214.505933, 0.027073, 0.999633, 0.006718
55.720000, 2978.235535, 6305.186601, 214.528999, 0.027006, 0.999635, 0.006719
55.730000, 2978.995387, 6307.193061, 214.552064, 0.026938, 0.999637, 0.006720
55.740000, 2979.755185, 6309.199789, 214.575127, 0.026871, 0.999639, 0.006721
55.750000, 2980.514928, 6311.206784, 214.598188, 0.026804, 0.999641, 0.006722
55.760000, 2981.274616, 6313.214046, 214.621247, 0.026737, 0.999643, 0.006723
55.770000, 2982.034249, 6315.221576, 214.644304, 0.026670, 0.999644, 0.006724
55.780000, 2982.793826, 6317.229373, 214.667360, 0.026602, 0.999646, 0.006726
55.790000, 2983.553349, 6319.237437, 214.690414, 0.026535, 0.999648, 0.006727
55.800000, 2984.312816, 6321.245769, 214.713466, 0.026468, 0.999650, 0.006728
55.810000, 2985.072228, 6323.254368, 214.736517, 0.026401, 0.999651, 0.006729
55.820000, 2985.831585, 6325.263235, 214.759565, 0.026333, 0.999653, 0.006730
55.830000, 2986.590886, 6327.272369, 214.782612, 0.026266, 0.999655, 0.006731
55.840000, 2987.350131, 6329.281770, 214.805657, 0.026199, 0.999657, 0.006732
55.850000, 2988.109321, 6331.291439, 214.828701, 0.026132, 0.999659, 0.006733
55.860000, 2988.868455, 6333.301375, 214.851742, 0.026064, 0.999660, 0.006734
55.870000, 2989.627533, 6335.311578, 214.874782, 0.025997, 0.999662, 0.006735
55.880000, 2990.386555, 6337.322049, 214.897820, 0.025930, 0.999664, 0.006736
55.890000, 2991.145521, 6339.332787, 214.920856, 0.025862, 0.999666, 0.006737
55.900000, 2991.904431, 6341.343792, 214.943891, 0.025795, 0.999667, 0.006738
55.910000, 2992.663285, 6343.355065, 214.966924, 0.025727, 0.999669, 0.006739
55.920000, 2993.422083, 6345.366606, 214.989955, 0.025660, 0.999671, 0.006740
55.930000, 2994.180824, 6347.378413, 215.012984, 0.025593, 0.999672, 0.006741
55.940000, 2994.939509, 6349.390488, 215.036011, 0.025525, 0.999674, 0.006742
55.950000, 2995.698137, 6351.402831, 215.059037, 0.025458, 0.999676, 0.006743
55.960000, 2996.456709, 6353.415440, 215.082061, 0.025390, 0.999678, 0.006744
55.970000, 2997.215224, 6355.428318, 215.105083, 0.025323, 0.999679, 0.006745
55.980000, 2997.973682, 6357.441462, 215.128104, 0.025256, 0.999681, 0.006746
55.990000, 2998.732084, 6359.454874, 215.151123, 0.025188, 0.999683, 0.006747
56.000000, 2999.490428, 6361.468554, 215.174140, 0.025121, 0.999684, 0.006749
56.010000, 3000.248716, 6363.482500, 215.197155, 0.025053, 0.999686, 0.006750
56.020000, 3001.006946, 6365.496714, 215.220168, 0.024986, 0.999688, 0.006751
56.030000, 3001.765120, 6367.511196, 215.243180, 0.024918, 0.999689, 0.006752
56.040000, 3002.523236, 6369.525945, 215.266190, 0.024851, 0.999691, 0.006753
56.050000, 3003.281295, 6371.540961, 215.289198, 0.024783, 0.999693, 0.006754
56.060000, 3004.039296, 6373.556245, 215.312205, 0.024716, 0.999695, 0.006755
56.070000, 3004.797240, 6375.571796, 215.335210, 0.024648, 0.999696, 0.006756
56.080000, 3005.555126, 6377.587615, 215.358213, 0.024581, 0.999698, 0.006757
56.090000, 3006.312955, 6379.603701, 215.381214, 0.024513, 0.999700, 0.006758
56.100000, 3007.070726, 6381.620054, 215.404214, 0.024445, 0.999701, 0.006759
56.110000, 3007.828439, 6383.636675, 215.427212, 0.024378, 0.999703, 0.006760
56.120000, 3008.586094, 6385.653563, 215.450208, 0.024310, 0.999704, 0.006761
56.130000, 3009.343691, 6387.670718, 215.473202, 0.024243, 0.999706, 0.006762
56.140000, 3010.101230, 6389.688141, 215.496195, 0.024175, 0.999708, 0.006763
56.150000, 3010.858711, 6391.705832, 215.519186, 0.024107, 0.999709, 0.006764
56.160000, 3011.616134, 6393.723789, 215.542175, 0.024040, 0.999711, 0.006765
56.170000, 3012.373499, 6395.742015, 215.565163, 0.023972, 0.999713, 0.006766
56.180000, 3013.130805, 6397.760507, 215.588149, 0.023905, 0.999714, 0.006767
56.190000, 3013.888052, 6399.779267, 215.611133, 0.023837, 0.999716, 0.006768
56.200000, 3014.645241, 6401.798295, 215.634115, 0.023769, 0.999717, 0.006769
56.210000, 3015.402372, 6403.817590, 215.657096, 0.023702, 0.999719, 0.006770
56.220000, 3016.159443, 6405.837152, 215.680075, 0.023634, 0.999721, 0.006771
56.230000, 3016.916456, 6407.856982, 215.703052, 0.023566, 0.999722, 0.006772
56.240000, 3017.673410, 6409.877079, 215.726027, 0.023498, 0.999724, 0.006773
56.250000, 3018.430305, 6411.897444, 215.749001, 0.023431, 0.999725, 0.006774
56.260000, 3019.187141, 6413.918076, 215.771973, 0.023363, 0.999727, 0.006775
56.270000, 3019.943918, 6415.938975, 215.794943, 0.023295, 0.999729, 0.006776
56.280000, 3020.700636, 6417.960142, 215.817912, 0.023227, 0.999730, 0.006777
56.290000, 3021.457294, 6419.981576, 215.840879, 0.023160, 0.999732, 0.006778
56.300000, 3022.213893, 6422.003278, 215.863844, 0.023092, 0.999733, 0.006779
56.310000, 3022.970433, 6424.025247, 215.886811, 0.023024, 0.999735, 0.006780
56.320000, 3023.726913, 6426.047484, 215.909776, 0.022956, 0.999736, 0.006781
56.330000, 3024.483333, 6428.069988, 215.932739, 0.022889, 0.999738, 0.006782
56.340000, 3025.239694, 6430.092760, 215.955701, 0.022821, 0.999740, 0.006783
56.350000, 3025.995994, 6432.115799, 215.978660, 0.022753, 0.999741, 0.006784
56.360000, 3026.752235, 6434.139105, 216.001619, 0.022685, 0.999743, 0.006785
56.370000, 3027.508417, 6436.162679, 216.024575, 0.022617, 0.999744, 0.006786
56.380000, 3028.264538, 6438.186521, 216.047530, 0.022549, 0.999746, 0.006787
56.390000, 3029.020599, 6440.210630, 216.070483, 0.022481, 0.999747, 0.006789
56.400000, 3029.776599, 6442.235006, 216.093434, 0.022414, 0.999749, 0.006790
56.410000, 3030.532540, 6444.259650, 216.116384, 0.022346, 0.999750, 0.006791
56.420000, 3031.288420, 6446.284562, 216.139332, 0.022278, 0.999752, 0.006792
56.430000, 3032.044240, 6448.309740, 216.162278, 0.022210, 0.999753, 0.006793
56.440000, 3032.799999, 6450.335187, 216.185223, 0.022142, 0.999755, 0.006794
56.450000, 3033.555697, 6452.360901, 216.208165, 0.022074, 0.999756, 0.006795
56.460000, 3034.311335, 6454.386882, 216.231107, 0.022006, 0.999758, 0.006796
56.470000, 3035.066913, 6456.413131, 216.254046, 0.021938, 0.999759, 0.006797
56.480000, 3035.822429, 6458.439647, 216.276984, 0.021870, 0.999761, 0.006798
56.490000, 3036.577884, 6460.466431, 216.299920, 0.021802, 0.999762, 0.006799
56.500000, 3037.333279, 6462.493483, 216.322855, 0.021734, 0.999764, 0.006800
56.510000, 3038.088612, 6464.520801, 216.345787, 0.021666, 0.999765, 0.006801
56.520000, 3038.843884, 6466.548388, 216.368718, 0.021598, 0.999767, 0.006802
56.530000, 3039.599095, 6468.576241, 216.391648, 0.021530, 0.999768, 0.006803
56.540000, 3040.354244, 6470.604363, 216.414576, 0.021462, 0.999770, 0.006804
56.550000, 3041.109332, 6472.632752, 216.437502, 0.021394, 0.999771, 0.006805
56.560000, 3041.864359, 6474.661408, 216.460426, 0.021326, 0.999773, 0.006806
56.570000, 3042.619324, 6476.690332, 216.483349, 0.021258, 0.999774, 0.006807
56.580000, 3043.374227, 6478.719523, 216.506270, 0.021190, 0.999775, 0.006808
56.590000, 3044.129069, 6480.748982, 216.529189, 0.021122, 0.999777, 0.006809
56.600000, 3044.883848, 6482.778708, 216.552107, 0.021054, 0.999778, 0.006810
56.610000, 3045.638566, 6484.808702, 216.575023, 0.020986, 0.999780, 0.006811
56.620000, 3046.393222, 6486.838964, 216.597937, 0.020918, 0.999781, 0.006812
56.630000, 3047.147816, 6488.869493, 216.620850, 0.020850, 0.999783, 0.006813
56.640000, 3047.902347, 6490.900289, 216.643761, 0.020781, 0.999784, 0.006814
56.650000, 3048.656816, 6492.931353, 216.666670, 0.020713, 0.999785, 0.006815
56.660000, 3049.411223, 6494.962684, 216.689578, 0.020645, 0.999787, 0.006816
56.670000, 3050.165568, 6496.994283, 216.712484, 0.020577, 0.999788, 0.006817
56.680000, 3050.919850, 6499.026150, 216.735388, 0.020509, 0.999790, 0.006818
56.690000, 3051.674069, 6501.058284, 216.758294, 0.020441, 0.999791, 0.006819
56.700000, 3052.428226, 6503.090685, 216.781198, 0.020373, 0.999792, 0.006820
56.710000, 3053.182320, 6505.123355, 216.804101, 0.020304, 0.999794, 0.006821
56.720000, 3053.936352, 6507.156291, 216.827002, 0.020236, 0.999795, 0.006822
56.730000, 3054.690320, 6509.189496, 216.849901, 0.020168, 0.999797, 0.006823
56.740000, 3055.444225, 6511.222967, 216.872799, 0.020100, 0.999798, 0.006824
56.750000, 3056.198068, 6513.256707, 216.895695, 0.020031, 0.999799, 0.006825
56.760000, 3056.951847, 6515.290714, 216.918589, 0.019963, 0.999801, 0.006826
56.770000, 3057.705563, 6517.324988, 216.941481, 0.019895, 0.999802, 0.006827
56.780000, 3058.459216, 6519.359530, 216.964372, 0.019827, 0.999803, 0.006828
56.790000, 3059.212805, 6521.394340, 216.987262, 0.019758, 0.999805, 0.006829
56.800000, 3059.966331, 6523.429417, 217.010149, 0.019690, 0.999806, 0.006830
56.810000, 3060.719793, 6525.464762, 217.033036, 0.019622, 0.999807, 0.006831
56.820000, 3061.473192, 6527.500374, 217.055920, 0.019554, 0.999809, 0.006831
56.830000, 3062.226527, 6529.536254, 217.078803, 0.019485, 0.999810, 0.006832
56.840000, 3062.979798, 6531.572402, 217.101684, 0.019417, 0.999811, 0.006833
56.850000, 3063.733005, 6533.608817, 217.124563, 0.019349, 0.999813, 0.006834
56.860000, 3064.486148, 6535.645500, 217.147441, 0.019280, 0.999814, 0.006835
56.870000, 3065.239227, 6537.682450, 217.170317, 0.019212, 0.999815, 0.006836
56.880000, 3065.992242, 6539.719668, 217.193192, 0.019144, 0.999817, 0.006837
56.890000, 3066.745193, 6541.757153, 217.216065, 0.019075, 0.999818, 0.006838
56.900000, 3067.498080, 6543.794906, 217.238936, 0.019007, 0.999819, 0.006839
56.910000, 3068.250902, 6545.832927, 217.261806, 0.018938, 0.999821, 0.006840
56.920000, 3069.003660, 6547.871215, 217.284674, 0.018870, 0.999822, 0.006841
56.930000, 3069.756353, 6549.909771, 217.307540, 0.018802, 0.999823, 0.006842
56.940000, 3070.508981, 6551.948594, 217.330405, 0.018733, 0.999825, 0.006843
56.950000, 3071.261545, 6553.987685, 217.353268, 0.018665, 0.999826, 0.006844
56.960000, 3072.014044, 6556.027044, 217.376130, 0.018596, 0.999827, 0.006845
56.970000, 3072.766478, 6558.066670, 217.398993, 0.018528, 0.999828, 0.006846
56.980000, 3073.518847, 6560.106564, 217.421854, 0.018459, 0.999830, 0.006847
56.990000, 3074.271152, 6562.146725, 217.444714, 0.018391, 0.999831, 0.006848
57.000000, 3075.023391, 6564.187155, 217.467572, 0.018322, 0.999832, 0.006849
57.010000, 3075.775564, 6566.227851, 217.490429, 0.018254, 0.999833, 0.006850
57.020000, 3076.527673, 6568.268816, 217.513284, 0.018185, 0.999835, 0.006851
57.030000, 3077.279716, 6570.310048, 217.536137, 0.018117, 0.999836, 0.006852
57.040000, 3078.031694, 6572.351547, 217.558989, 0.018048, 0.999837, 0.006853
57.050000, 3078.783606, 6574.393315, 217.581839, 0.017980, 0.999838, 0.006854
57.060000, 3079.535453, 6576.435349, 217.604687, 0.017911, 0.999840, 0.006855
57.070000, 3080.287234, 6578.477652, 217.627534, 0.017843, 0.999841, 0.006856
57.080000, 3081.038949, 6580.520222, 217.650379, 0.017774, 0.999842, 0.006857
57.090000, 3081.790598, 6582.563060, 217.673223, 0.017706, 0.999843, 0.006858
57.100000, 3082.542182, 6584.606166, 217.696065, 0.017637, 0.999844, 0.006859
57.110000, 3083.293699, 6586.649539, 217.718905, 0.017569, 0.999846, 0.006860
57.120000, 3084.045150, 6588.693180, 217.741744, 0.017500, 0.999847, 0.006861
57.130000, 3084.796535, 6590.737088, 217.764581, 0.017431, 0.999848, 0.006862
57.140000, 3085.547854, 6592.781264, 217.787417, 0.017363, 0.999849, 0.006863
57.150000, 3086.299106, 6594.825708, 217.810251, 0.017294, 0.999850, 0.006864
57.160000, 3087.050292, 6596.870419, 217.833083, 0.017225, 0.999852, 0.006865
57.170000, 3087.801412, 6598.915399, 217.855914, 0.017157, 0.999853, 0.006866
57.180000, 3088.552464, 6600.960645, 217.878743, 0.017088, 0.999854, 0.006867
57.190000, 3089.303451, 6603.006160, 217.901571, 0.017019, 0.999855, 0.006868
57.200000, 3090.054370, 6605.051942, 217.924400, 0.016951, 0.999856, 0.006868
57.210000, 3090.805223, 6607.097992, 217.947228, 0.016882, 0.999857, 0.006869
57.220000, 3091.556008, 6609.144309, 217.970054, 0.016813, 0.999859, 0.006870
57.230000, 3092.306727, 6611.190894, 217.992878, 0.016745, 0.999860, 0.006871
57.240000, 3093.057378, 6613.237747, 218.015701, 0.016676, 0.999861, 0.006872
57.250000, 3093.807963, 6615.284868, 218.038522, 0.016607, 0.999862, 0.006873
57.260000, 3094.558480, 6617.332256, 218.061342, 0.016539, 0.999863, 0.006874
57.270000, 3095.308930, 6619.379912, 218.084160, 0.016470, 0.999864, 0.006875
57.280000, 3096.059312, 6621.427836, 218.106976, 0.016401, 0.999865, 0.006876
57.290000, 3096.809627, 6623.476027, 218.129791, 0.016332, 0.999867, 0.006877
57.300000, 3097.559874, 6625.524487, 218.152604, 0.016264, 0.999868, 0.006878
57.310000, 3098.310054, 6627.573213, 218.175416, 0.016195, 0.999869, 0.006879
57.320000, 3099.060165, 6629.622208, 218.198226, 0.016126, 0.999870, 0.006880
57.330000, 3099.810209, 6631.671470, 218.221035, 0.016057, 0.999871, 0.006881
57.340000, 3100.560186, 6633.721000, 218.243841, 0.015988, 0.999872, 0.006882
57.350000, 3101.310094, 6635.770798, 218.266647, 0.015920, 0.999873, 0.006883
57.360000, 3102.059934, 6637.820864, 218.289451, 0.015851, 0.999874, 0.006884
57.370000, 3102.809705, 6639.871197, 218.312253, 0.015782, 0.999875, 0.006885
57.380000, 3103.559409, 6641.921798, 218.335053, 0.015713, 0.999877, 0.006886
57.390000, 3104.309044, 6643.972666, 218.357853, 0.015644, 0.999878, 0.006887
57.400000, 3105.058611, 6646.023803, 218.380650, 0.015575, 0.999879, 0.006888
57.410000, 3105.808109, 6648.075207, 218.403449, 0.015506, 0.999880, 0.006889
57.420000, 3106.557539, 6650.126879, 218.426247, 0.015438, 0.999881, 0.006889
57.430000, 3107.306900, 6652.178818, 218.449043, 0.015369, 0.999882, 0.006890
57.440000, 3108.056193, 6654.231026, 218.471837, 0.015300, 0.999883, 0.006891
57.450000, 3108.805416, 6656.283501, 218.494630, 0.015231, 0.999884, 0.006892
57.460000, 3109.554571, 6658.336244, 218.517421, 0.015162, 0.999885, 0.006893
57.470000, 3110.303657, 6660.389255, 218.540211, 0.015093, 0.999886, 0.006894
57.480000, 3111.052673, 6662.442533, 218.562999, 0.015024, 0.999887, 0.006895
57.490000, 3111.801621, 6664.496079, 218.585785, 0.014955, 0.999888, 0.006896
57.500000, 3112.550499, 6666.549893, 218.608570, 0.014886, 0.999889, 0.006897
57.510000, 3113.299308, 6668.603975, 218.631354, 0.014817, 0.999890, 0.006898
57.520000, 3114.048047, 6670.658325, 218.654136, 0.014748, 0.999891, 0.006899
57.530000, 3114.796717, 6672.712942, 218.676916, 0.014679, 0.999892, 0.006900
57.540000, 3115.545318, 6674.767827, 218.699695, 0.014610, 0.999893, 0.006901
57.550000, 3116.293849, 6676.822980, 218.722472, 0.014541, 0.999894, 0.006902
57.560000, 3117.042310, 6678.878401, 218.745248, 0.014472, 0.999895, 0.006903
57.570000, 3117.790701, 6680.934090, 218.768022, 0.014403, 0.999896, 0.006904
57.580000, 3118.539022, 6682.990046, 218.790794, 0.014334, 0.999897, 0.006905
57.590000, 3119.287274, 6685.046270, 218.813565, 0.014265, 0.999898, 0.006905
57.600000, 3120.035455, 6687.102762, 218.836338, 0.014196, 0.999899, 0.006906
57.610000, 3120.783566, 6689.159522, 218.859109, 0.014127, 0.999900, 0.006907
57.620000, 3121.531607, 6691.216549, 218.881878, 0.014058, 0.999901, 0.006908
57.630000, 3122.279578, 6693.273845, 218.904646, 0.013989, 0.999902, 0.006909
57.640000, 3123.027478, 6695.331408, 218.927413, 0.013920, 0.999903, 0.006910
57.650000, 3123.775308, 6697.389239, 218.950178, 0.013850, 0.999904, 0.006911
57.660000, 3124.523067, 6699.447338, 218.972941, 0.013781, 0.999905, 0.006912
57.670000, 3125.270756, 6701.505704, 218.995703, 0.013712, 0.999906, 0.006913
57.680000, 3126.018374, 6703.564339, 219.018463, 0.013643, 0.999907, 0.006914
57.690000, 3126.765921, 6705.623241, 219.041222, 0.013574, 0.999908, 0.006915
57.700000, 3127.513397, 6707.682412, 219.063979, 0.013505, 0.999909, 0.006916
57.710000, 3128.260802, 6709.741850, 219.086735, 0.013436, 0.999910, 0.006917
57.720000, 3129.008136, 6711.801556, 219.109489, 0.013367, 0.999911, 0.006918
57.730000, 3129.755399, 6713.861529, 219.132242, 0.013297, 0.999912, 0.006918
57.740000, 3130.502591, 6715.921771, 219.154993, 0.013228, 0.999913, 0.006919
57.750000, 3131.249712, 6717.982280, 219.177742, 0.013159, 0.999913, 0.006920
57.760000, 3131.996761, 6720.043058, 219.200490, 0.013090, 0.999914, 0.006921
57.770000, 3132.743739, 6722.104103, 219.223240, 0.013021, 0.999915, 0.006922
57.780000, 3133.490645, 6724.165416, 219.245988, 0.012951, 0.999916, 0.006923
57.790000, 3134.237479, 6726.226997, 219.268735, 0.012882, 0.999917, 0.006924
57.800000, 3134.984242, 6728.288846, 219.291480, 0.012813, 0.999918, 0.006925
57.810000, 3135.730933, 6730.350962, 219.314223, 0.012744, 0.999919, 0.006926
57.820000, 3136.477552, 6732.413347, 219.336965, 0.012674, 0.999920, 0.006927
57.830000, 3137.224100, 6734.475999, 219.359706, 0.012605, 0.999921, 0.006928
57.840000, 3137.970575, 6736.538920, 219.382445, 0.012536, 0.999921, 0.006929
57.850000, 3138.716978, 6738.602108, 219.405182, 0.012466, 0.999922, 0.006930
57.860000, 3139.463309, 6740.665564, 219.427918, 0.012397, 0.999923, 0.006930
57.870000, 3140.209567, 6742.729288, 219.450653, 0.012328, 0.999924, 0.006931
57.880000, 3140.955753, 6744.793280, 219.473386, 0.012259, 0.999925, 0.006932
57.890000, 3141.701867, 6746.857540, 219.496117, 0.012189, 0.999926, 0.006933
57.900000, 3142.447908, 6748.922068, 219.518847, 0.012120, 0.999927, 0.006934
57.910000, 3143.193877, 6750.986864, 219.541575, 0.012051, 0.999927, 0.006935
57.920000, 3143.939773, 6753.051927, 219.564302, 0.011981, 0.999928, 0.006936
57.930000, 3144.685596, 6755.117259, 219.587031, 0.011912, 0.999929, 0.006937
57.940000, 3145.431346, 6757.182858, 219.609758, 0.011842, 0.999930, 0.006938
57.950000, 3146.177023, 6759.248726, 219.632483, 0.011773, 0.999931, 0.006939
57.960000, 3146.922628, 6761.314861, 219.655207, 0.011704, 0.999932, 0.006940
57.970000, 3147.668159, 6763.381264, 219.677930, 0.011634, 0.999932, 0.006941
57.980000, 3148.413617, 6765.447936, 219.700651, 0.011565, 0.999933, 0.006941
57.990000, 3149.159001, 6767.514875, 219.723370, 0.011495, 0.999934, 0.006942
58.000000, 3149.904313, 6769.582082, 219.746088, 0.011426, 0.999935, 0.006943
58.010000, 3150.649551, 6771.649557, 219.768805, 0.011357, 0.999936, 0.006944
58.020000, 3151.394715, 6773.717300, 219.791520, 0.011287, 0.999936, 0.006945
58.030000, 3152.139806, 6775.785311, 219.814234, 0.011218, 0.999937, 0.006946
58.040000, 3152.884823, 6777.853590, 219.836946, 0.011148, 0.999938, 0.006947
58.050000, 3153.629766, 6779.922137, 219.859656, 0.011079, 0.999939, 0.006948
58.060000, 3154.374636, 6781.990952, 219.882365, 0.011009, 0.999939, 0.006949
58.070000, 3155.119431, 6784.060035, 219.905073, 0.010940, 0.999940, 0.006950
58.080000, 3155.864152, 6786.129385, 219.927782, 0.010870, 0.999941, 0.006951
58.090000, 3156.608800, 6788.199004, 219.950490, 0.010801, 0.999942, 0.006951
58.100000, 3157.353373, 6790.268891, 219.973196, 0.010731, 0.999942, 0.006952
58.110000, 3158.097872, 6792.339046, 219.995901, 0.010662, 0.999943, 0.006953
58.120000, 3158.842296, 6794.409469, 220.018604, 0.010592, 0.999944, 0.006954
58.130000, 3159.586647, 6796.480160, 220.041306, 0.010523, 0.999945, 0.006955
58.140000, 3160.330922, 6798.551118, 220.064006, 0.010453, 0.999945, 0.006956
58.150000, 3161.075123, 6800.622345, 220.086705, 0.010383, 0.999946, 0.006957
58.160000, 3161.819250, 6802.693840, 220.109402, 0.010314, 0.999947, 0.006958
58.170000, 3162.563301, 6804.765603, 220.132098, 0.010244, 0.999948, 0.006959
58.180000, 3163.307278, 6806.837634, 220.154793, 0.010175, 0.999948, 0.006960
58.190000, 3164.051180, 6808.909933, 220.177486, 0.010105, 0.999949, 0.006960
58.200000, 3164.795006, 6810.982500, 220.200177, 0.010036, 0.999950, 0.006961
58.210000, 3165.538758, 6813.055335, 220.222867, 0.009966, 0.999950, 0.006962
58.220000, 3166.282435, 6815.128437, 220.245559, 0.009896, 0.999951, 0.006963
58.230000, 3167.026036, 6817.201808, 220.268249, 0.009827, 0.999952, 0.006964
58.240000, 3167.769562, 6819.275448, 220.290938, 0.009757, 0.999952, 0.006965
58.250000, 3168.513012, 6821.349355, 220.313625, 0.009687, 0.999953, 0.006966
58.260000, 3169.256387, 6823.423530, 220.336311, 0.009618, 0.999954, 0.006967
58.270000, 3169.999686, 6825.497973, 220.358995, 0.009548, 0.999954, 0.006968
58.280000, 3170.742910, 6827.572684, 220.381678, 0.009478, 0.999955, 0.006968
58.290000, 3171.486058, 6829.647664, 220.404359, 0.009409, 0.999956, 0.006969
58.300000, 3172.229130, 6831.722911, 220.427039, 0.009339, 0.999956, 0.006970
58.310000, 3172.972126, 6833.798427, 220.449718, 0.009269, 0.999957, 0.006971
58.320000, 3173.715047, 6835.874210, 220.472395, 0.009200, 0.999958, 0.006972
58.330000, 3174.457891, 6837.950262, 220.495070, 0.009130, 0.999958, 0.006973
58.340000, 3175.200659, 6840.026581, 220.517744, 0.009060, 0.999959, 0.006974
58.350000, 3175.943350, 6842.103169, 220.540420, 0.008990, 0.999960, 0.006975
58.360000, 3176.685966, 6844.180025, 220.563095, 0.008921, 0.999960, 0.006976
58.370000, 3177.428504, 6846.257149, 220.585767, 0.008851, 0.999961, 0.006976
58.380000, 3178.170967, 6848.334541, 220.608439, 0.008781, 0.999961, 0.006977
58.390000, 3178.913353, 6850.412201, 220.631109, 0.008711, 0.999962, 0.006978
58.400000, 3179.655662, 6852.490130, 220.653777, 0.008641, 0.999963, 0.006979
58.410000, 3180.397894, 6854.568326, 220.676445, 0.008572, 0.999963, 0.006980
58.420000, 3181.140050, 6856.646791, 220.699110, 0.008502, 0.999964, 0.006981
58.430000, 3181.882129, 6858.725523, 220.721774, 0.008432, 0.999964, 0.006982
58.440000, 3182.624130, 6860.804524, 220.744437, 0.008362, 0.999965, 0.006983
58.450000, 3183.366055, 6862.883793, 220.767098, 0.008292, 0.999966, 0.006984
58.460000, 3184.107902, 6864.963330, 220.789758, 0.008223, 0.999966, 0.006984
58.470000, 3184.849672, 6867.043135, 220.812417, 0.008153, 0.999967, 0.006985
58.480000, 3185.591365, 6869.123208, 220.835077, 0.008083, 0.999967, 0.006986
58.490000, 3186.332981, 6871.203550, 220.857736, 0.008013, 0.999968, 0.006987
58.500000, 3187.074519, 6873.284159, 220.880393, 0.007943, 0.999968, 0.006988
58.510000, 3187.815979, 6875.365037, 220.903049, 0.007873, 0.999969, 0.006989
58.520000, 3188.557362, 6877.446183, 220.925703, 0.007803, 0.999970, 0.006990
58.530000, 3189.298667, 6879.527597, 220.948356, 0.007733, 0.999970, 0.006991
58.540000, 3190.039894, 6881.609279, 220.971007, 0.007663, 0.999971, 0.006991
58.550000, 3190.781043, 6883.691230, 220.993658, 0.007594, 0.999971, 0.006992
58.560000, 3191.522114, 6885.773448, 221.016306, 0.007524, 0.999972, 0.006993
58.570000, 3192.263107, 6887.855935, 221.038953, 0.007454, 0.999972, 0.006994
58.580000, 3193.004022, 6889.938690, 221.061599, 0.007384, 0.999973, 0.006995
58.590000, 3193.744859, 6892.021713, 221.084244, 0.007314, 0.999973, 0.006996
58.600000, 3194.485618, 6894.105004, 221.106890, 0.007244, 0.999974, 0.006997
58.610000, 3195.226298, 6896.188564, 221.129534, 0.007174, 0.999974, 0.006997
58.620000, 3195.966899, 6898.272392, 221.152178, 0.007104, 0.999975, 0.006998
58.630000, 3196.707422, 6900.356487, 221.174819, 0.007034, 0.999975, 0.006999
58.640000, 3197.447867, 6902.440852, 221.197460, 0.006964, 0.999976, 0.007000
58.650000, 3198.188232, 6904.525484, 221.220099, 0.006894, 0.999976, 0.007001
58.660000, 3198.928519, 6906.610384, 221.242736, 0.006824, 0.999977, 0.007002
58.670000, 3199.668727, 6908.695553, 221.265373, 0.006754, 0.999977, 0.007003
58.680000, 3200.408856, 6910.780990, 221.288007, 0.006684, 0.999978, 0.007004
58.690000, 3201.148906, 6912.866695, 221.310641, 0.006614, 0.999978, 0.007004
58.700000, 3201.888876, 6914.952669, 221.333272, 0.006544, 0.999979, 0.007005
58.710000, 3202.628768, 6917.038910, 221.355903, 0.006474, 0.999979, 0.007006
58.720000, 3203.368580, 6919.125420, 221.378535, 0.006404, 0.999979, 0.007007
58.730000, 3204.108312, 6921.212199, 221.401166, 0.006333, 0.999980, 0.007008
58.740000, 3204.847966, 6923.299245, 221.423795, 0.006263, 0.999980, 0.007009
58.750000, 3205.587539, 6925.386560, 221.446423, 0.006193, 0.999981, 0.007010
58.760000, 3206.327033, 6927.474143, 221.469050, 0.006123, 0.999981, 0.007010
58.770000, 3207.066448, 6929.561994, 221.491675, 0.006053, 0.999982, 0.007011
58.780000, 3207.805782, 6931.650113, 221.514299, 0.005983, 0.999982, 0.007012
58.790000, 3208.545037, 6933.738501, 221.536921, 0.005913, 0.999983, 0.007013
58.800000, 3209.284211, 6935.827157, 221.559542, 0.005843, 0.999983, 0.007014
58.810000, 3210.023306, 6937.916081, 221.582162, 0.005773, 0.999983, 0.007015
58.820000, 3210.762320, 6940.005274, 221.604780, 0.005702, 0.999984, 0.007016
58.830000, 3211.501255, 6942.094735, 221.627400, 0.005632, 0.999984, 0.007016
58.840000, 3212.240109, 6944.184464, 221.650019, 0.005562, 0.999985, 0.007017
58.850000, 3212.978882, 6946.274461, 221.672636, 0.005492, 0.999985, 0.007018
58.860000, 3213.717575, 6948.364727, 221.695252, 0.005422, 0.999985, 0.007019
58.870000, 3214.456187, 6950.455261, 221.717866, 0.005352, 0.999986, 0.007020
58.880000, 3215.194719, 6952.546064, 221.740479, 0.005281, 0.999986, 0.007021
58.890000, 3215.933170, 6954.637135, 221.763090, 0.005211, 0.999986, 0.007022
58.900000, 3216.671541, 6956.728474, 221.785701, 0.005141, 0.999987, 0.007022
58.910000, 3217.409830, 6958.820081, 221.808309, 0.005071, 0.999987, 0.007023
58.920000, 3218.148038, 6960.911957, 221.830917, 0.005000, 0.999987, 0.007024
58.930000, 3218.886166, 6963.004101, 221.853523, 0.004930, 0.999988, 0.007025
58.940000, 3219.624212, 6965.096513, 221.876131, 0.004860, 0.999988, 0.007026
58.950000, 3220.362177, 6967.189194, 221.898737, 0.004790, 0.999989, 0.007027
58.960000, 3221.100061, 6969.282143, 221.921342, 0.004719, 0.999989, 0.007027
58.970000, 3221.837863, 6971.375360, 221.943946, 0.004649, 0.999989, 0.007028
58.980000, 3222.575584, 6973.468846, 221.966548, 0.004579, 0.999990, 0.007029
58.990000, 3223.313223, 6975.562600, 221.989149, 0.004508, 0.999990, 0.007030
59.000000, 3224.050781, 6977.656623, 222.011748, 0.004438, 0.999990, 0.007031
59.010000, 3224.788257, 6979.750914, 222.034346, 0.004368, 0.999990, 0.007032
59.020000, 3225.525651, 6981.845473, 222.056943, 0.004298, 0.999991, 0.007033
59.030000, 3226.262963, 6983.940301, 222.079539, 0.004227, 0.999991, 0.007033
59.040000, 3227.000193, 6986.035397, 222.102133, 0.004157, 0.999991, 0.007034
59.050000, 3227.737342, 6988.130761, 222.124728, 0.004087, 0.999992, 0.007035
59.060000, 3228.474408, 6990.226394, 222.147323, 0.004016, 0.999992, 0.007036
59.070000, 3229.211392, 6992.322295, 222.169916, 0.003946, 0.999992, 0.007037
59.080000, 3229.948293, 6994.418465, 222.192508, 0.003875, 0.999992, 0.007038
59.090000, 3230.685112, 6996.514903, 222.215098, 0.003805, 0.999993, 0.007038
59.100000, 3231.421849, 6998.611609, 222.237687, 0.003735, 0.999993, 0.007039
59.110000, 3232.158503, 7000.708584, 222.260274, 0.003664, 0.999993, 0.007040
59.120000, 3232.895075, 7002.805827, 222.282861, 0.003594, 0.999994, 0.007041
59.130000, 3233.631564, 7004.903339, 222.305445, 0.003523, 0.999994, 0.007042
59.140000, 3234.367970, 7007.001119, 222.328029, 0.003453, 0.999994, 0.007043
59.150000, 3235.104293, 7009.099168, 222.350614, 0.003383, 0.999994, 0.007043
59.160000, 3235.840533, 7011.197485, 222.373198, 0.003312, 0.999995, 0.007044
59.170000, 3236.576690, 7013.296070, 222.395781, 0.003242, 0.999995, 0.007045
59.180000, 3237.312764, 7015.394924, 222.418362, 0.003171, 0.999995, 0.007046
59.190000, 3238.048755, 7017.494046, 222.440942, 0.003101, 0.999995, 0.007047
59.200000, 3238.784662, 7019.593437, 222.463520, 0.003030, 0.999995, 0.007048
59.210000, 3239.520486, 7021.693097, 222.486097, 0.002960, 0.999996, 0.007048
59.220000, 3240.256227, 7023.793024, 222.508673, 0.002889, 0.999996, 0.007049
59.230000, 3240.991884, 7025.893221, 222.531248, 0.002819, 0.999996, 0.007050
59.240000, 3241.727458, 7027.993685, 222.553821, 0.002748, 0.999996, 0.007051
59.250000, 3242.462947, 7030.094419, 222.576393, 0.002678, 0.999996, 0.007052
59.260000, 3243.198353, 7032.195420, 222.598966, 0.002607, 0.999997, 0.007053
59.270000, 3243.933675, 7034.296690, 222.621538, 0.002537, 0.999997, 0.007053
59.280000, 3244.668914, 7036.398229, 222.644109, 0.002466, 0.999997, 0.007054
59.290000, 3245.404068, 7038.500036, 222.666679, 0.002396, 0.999997, 0.007055
59.300000, 3246.139138, 7040.602112, 222.689247, 0.002325, 0.999997, 0.007056
59.310000, 3246.874123, 7042.704456, 222.711814, 0.002254, 0.999997, 0.007057
59.320000, 3247.609025, 7044.807069, 222.734379, 0.002184, 0.999998, 0.007057
59.330000, 3248.343842, 7046.909950, 222.756944, 0.002113, 0.999998, 0.007058
59.340000, 3249.078575, 7049.013100, 222.779506, 0.002043, 0.999998, 0.007059
59.350000, 3249.813223, 7051.116518, 222.802071, 0.001972, 0.999998, 0.007060
59.360000, 3250.547786, 7053.220205, 222.824634, 0.001902, 0.999998, 0.007061
59.370000, 3251.282265, 7055.324160, 222.847196, 0.001831, 0.999998, 0.007062
59.380000, 3252.016659, 7057.428384, 222.869757, 0.001760, 0.999998, 0.007062
59.390000, 3252.750968, 7059.532877, 222.892316, 0.001690, 0.999999, 0.007063
59.400000, 3253.485192, 7061.637638, 222.914874, 0.001619, 0.999999, 0.007064
59.410000, 3254.219331, 7063.742667, 222.937431, 0.001548, 0.999999, 0.007065
59.420000, 3254.953385, 7065.847966, 222.959986, 0.001478, 0.999999, 0.007066
59.430000, 3255.687354, 7067.953532, 222.982540, 0.001407, 0.999999, 0.007066
59.440000, 3256.421237, 7070.059368, 223.005093, 0.001336, 0.999999, 0.007067
59.450000, 3257.155035, 7072.165471, 223.027647, 0.001266, 0.999999, 0.007068
59.460000, 3257.888748, 7074.271844, 223.050201, 0.001195, 0.999999, 0.007069
59.470000, 3258.622375, 7076.378485, 223.072752, 0.001124, 0.999999, 0.007070
59.480000, 3259.355917, 7078.485395, 223.095303, 0.001054, 0.999999, 0.007071
59.490000, 3260.089372, 7080.592573, 223.117852, 0.000983, 1.000000, 0.007071
59.500000, 3260.822742, 7082.700020, 223.140400, 0.000912, 1.000000, 0.007072
59.510000, 3261.556027, 7084.807735, 223.162947, 0.000841, 1.000000, 0.007073
59.520000, 3262.289225, 7086.915719, 223.185492, 0.000771, 1.000000, 0.007074
59.530000, 3263.022337, 7089.023972, 223.208036, 0.000700, 1.000000, 0.007075
59.540000, 3263.755363, 7091.132493, 223.230582, 0.000629, 1.000000, 0.007075
59.550000, 3264.488303, 7093.241283, 223.253126, 0.000558, 1.000000, 0.007076
59.560000, 3265.221156, 7095.350342, 223.275669, 0.000488, 1.000000, 0.007077
59.570000, 3265.953923, 7097.459669, 223.298211, 0.000417, 1.000000, 0.007078
59.580000, 3266.686604, 7099.569265, 223.320752, 0.000346, 1.000000, 0.007079
59.590000, 3267.419198, 7101.679129, 223.343291, 0.000275, 1.000000, 0.007079
59.600000, 3268.151706, 7103.789263, 223.365829, 0.000204, 1.000000, 0.007080
59.610000, 3268.884127, 7105.899664, 223.388366, 0.000134, 1.000000, 0.007081
59.620000, 3269.616461, 7108.010335, 223.410901, 0.000063, 1.000000, 0.007082
59.630000, 3270.348708, 7110.121274, 223.433438, -0.000008, 1.000000, 0.007083
59.640000, 3271.080868, 7112.232482, 223.455974, -0.000079, 1.000000, 0.007083
59.650000, 3271.812941, 7114.343959, 223.478509, -0.000150, 1.000000, 0.007084
59.660000, 3272.544927, 7116.455704, 223.501042, -0.000220, 1.000000, 0.007085
59.670000, 3273.276826, 7118.567718, 223.523574, -0.000291, 1.000000, 0.007086
59.680000, 3274.008638, 7120.680000, 223.546105, -0.000362, 1.000000, 0.007087
59.690000, 3274.740362, 7122.792552, 223.568634, -0.000433, 1.000000, 0.007087
59.700000, 3275.471999, 7124.905372, 223.591162, -0.000504, 1.000000, 0.007088
59.710000, 3276.203548, 7127.018460, 223.613689, -0.000575, 1.000000, 0.007089
59.720000, 3276.935010, 7129.131818, 223.636218, -0.000646, 1.000000, 0.007090
59.730000, 3277.666384, 7131.245444, 223.658745, -0.000717, 1.000000, 0.007091
59.740000, 3278.397670, 7133.359339, 223.681271, -0.000788, 1.000000, 0.007091
59.750000, 3279.128868, 7135.473503, 223.703796, -0.000859, 1.000000, 0.007092
59.760000, 3279.859978, 7137.587935, 223.726319, -0.000929, 1.000000, 0.007093
59.770000, 3280.591001, 7139.702636, 223.748842, -0.001000, 0.999999, 0.007094
59.780000, 3281.321935, 7141.817606, 223.771363, -0.001071, 0.999999, 0.007095
59.790000, 3282.052781, 7143.932844, 223.793882, -0.001142, 0.999999, 0.007095
59.800000, 3282.783539, 7146.048352, 223.816401, -0.001213, 0.999999, 0.007096
59.810000, 3283.514208, 7148.164128, 223.838921, -0.001284, 0.999999, 0.007097
59.820000, 3284.244789, 7150.280173, 223.861440, -0.001355, 0.999999, 0.007098
59.830000, 3284.975281, 7152.396486, 223.883957, -0.001426, 0.999999, 0.007099
59.840000, 3285.705685, 7154.513069, 223.906474, -0.001497, 0.999999, 0.007099
59.850000, 3286.436000, 7156.629920, 223.928989, -0.001568, 0.999999, 0.007100
59.860000, 3287.166226, 7158.747040, 223.951503, -0.001639, 0.999999, 0.007101
59.870000, 3287.896364, 7160.864429, 223.974015, -0.001710, 0.999999, 0.007102
59.880000, 3288.626412, 7162.982087, 223.996527, -0.001781, 0.999998, 0.007102
59.890000, 3289.356372, 7165.100013, 224.019037, -0.001852, 0.999998, 0.007103
59.900000, 3290.086242, 7167.218208, 224.041549, -0.001923, 0.999998, 0.007104
59.910000, 3290.816023, 7169.336672, 224.064059, -0.001994, 0.999998, 0.007105
59.920000, 3291.545715, 7171.455405, 224.086569, -0.002065, 0.999998, 0.007106
59.930000, 3292.275317, 7173.574407, 224.109077, -0.002136, 0.999998, 0.007106
59.940000, 3293.004830, 7175.693677, 224.131584, -0.002208, 0.999998, 0.007107
59.950000, 3293.734254, 7177.813216, 224.154089, -0.002279, 0.999997, 0.007108
59.960000, 3294.463588, 7179.933025, 224.176594, -0.002350, 0.999997, 0.007109
59.970000, 3295.192832, 7182.053102, 224.199097, -0.002421, 0.999997, 0.007109
59.980000, 3295.921986, 7184.173447, 224.221602, -0.002492, 0.999997, 0.007110
59.990000, 3296.651051, 7186.294062, 224.244105, -0.002563, 0.999997, 0.007111
60.000000, 3297.380025, 7188.414946, 224.266608, -0.002634, 0.999997, 0.007112
60.010000, 3298.108910, 7190.536098, 224.289109, -0.002705, 0.999996, 0.007113
60.020000, 3298.837704, 7192.657520, 224.311609, -0.002776, 0.999996, 0.007113
60.030000, 3299.566409, 7194.779210, 224.334108, -0.002848, 0.999996, 0.007114
60.040000, 3300.295023, 7196.901169, 224.356605, -0.002919, 0.999996, 0.007115
60.050000, 3301.023546, 7199.023397, 224.379101, -0.002990, 0.999996, 0.007116
60.060000, 3301.751979, 7201.145894, 224.401599, -0.003061, 0.999995, 0.007116
60.070000, 3302.480322, 7203.268659, 224.424096, -0.003132, 0.999995, 0.007117
60.080000, 3303.208574, 7205.391694, 224.446592, -0.003203, 0.999995, 0.007118
60.090000, 3303.936735, 7207.514998, 224.469086, -0.003275, 0.999995, 0.007119
60.100000, 3304.664806, 7209.638570, 224.491579, -0.003346, 0.999994, 0.007120
60.110000, 3305.392785, 7211.762412, 224.514071, -0.003417, 0.999994, 0.007120
60.120000, 3306.120674, 7213.886522, 224.536561, -0.003488, 0.999994, 0.007121
60.130000, 3306.848472, 7216.010901, 224.559051, -0.003559, 0.999994, 0.007122
60.140000, 3307.576179, 7218.135549, 224.581542, -0.003631, 0.999993, 0.007123
60.150000, 3308.303794, 7220.260467, 224.604032, -0.003702, 0.999993, 0.007123
60.160000, 3309.031318, 7222.385653, 224.626521, -0.003773, 0.999993, 0.007124
60.170000, 3309.758751, 7224.511108, 224.649008, -0.003844, 0.999993, 0.007125
60.180000, 3310.486092, 7226.636832, 224.671494, -0.003916, 0.999992, 0.007126
60.190000, 3311.213342, 7228.762825, 224.693979, -0.003987, 0.999992, 0.007126
60.200000, 3311.940500, 7230.889087, 224.716463, -0.004058, 0.999992, 0.007127
60.210000, 3312.667567, 7233.015618, 224.738946, -0.004129, 0.999991, 0.007128
60.220000, 3313.394541, 7235.142418, 224.761430, -0.004201, 0.999991, 0.007129
60.230000, 3314.121424, 7237.269486, 224.783914, -0.004272, 0.999991, 0.007129
60.240000, 3314.848215, 7239.396824, 224.806396, -0.004343, 0.999991, 0.007130
60.250000, 3315.574914, 7241.524431, 224.828876, -0.004415, 0.999990, 0.007131
60.260000, 3316.301521, 7243.652307, 224.851356, -0.004486, 0.999990, 0.007132
60.270000, 3317.028035, 7245.780452, 224.873834, -0.004557, 0.999990, 0.007133
60.280000, 3317.754457, 7247.908866, 224.896312, -0.004629, 0.999989, 0.007133
60.290000, 3318.480787, 7250.037549, 224.918787, -0.004700, 0.999989, 0.007134
60.300000, 3319.207025, 7252.166501, 224.941265, -0.004771, 0.999989, 0.007135
60.310000, 3319.933170, 7254.295722, 224.963742, -0.004843, 0.999988, 0.007136
60.320000, 3320.659222, 7256.425212, 224.986217, -0.004914, 0.999988, 0.007136
60.330000, 3321.385182, 7258.554971, 225.008691, -0.004985, 0.999988, 0.007137
60.340000, 3322.111049, 7260.684999, 225.031164, -0.005057, 0.999987, 0.007138
60.350000, 3322.836823, 7262.815296, 225.053636, -0.005128, 0.999987, 0.007139
60.360000, 3323.562504, 7264.945862, 225.076107, -0.005199, 0.999986, 0.007139
60.370000, 3324.288092, 7267.076698, 225.098576, -0.005271, 0.999986, 0.007140
60.380000, 3325.013587, 7269.207802, 225.121047, -0.005342, 0.999986, 0.007141
60.390000, 3325.738988, 7271.339176, 225.143517, -0.005414, 0.999985, 0.007142
60.400000, 3326.464297, 7273.470818, 225.165986, -0.005485, 0.999985, 0.007142
60.410000, 3327.189512, 7275.602730, 225.188454, -0.005557, 0.999985, 0.007143
60.420000, 3327.914633, 7277.734910, 225.210920, -0.005628, 0.999984, 0.007144
60.430000, 3328.639661, 7279.867360, 225.233385, -0.005699, 0.999984, 0.007145
60.440000, 3329.364596, 7282.000079, 225.255849, -0.005771, 0.999983, 0.007145
60.450000, 3330.089437, 7284.133067, 225.278315, -0.005842, 0.999983, 0.007146
60.460000, 3330.814184, 7286.266324, 225.300780, -0.005914, 0.999983, 0.007147
60.470000, 3331.538837, 7288.399850, 225.323243, -0.005985, 0.999982, 0.007148
60.480000, 3332.263396, 7290.533646, 225.345706, -0.006057, 0.999982, 0.007148
60.490000, 3332.987861, 7292.667710, 225.368167, -0.006128, 0.999981, 0.007149
60.500000, 3333.712232, 7294.802044, 225.390627, -0.006200, 0.999981, 0.007150
60.510000, 3334.436509, 7296.936647, 225.413085, -0.006271, 0.999980, 0.007151
60.520000, 3335.160692, 7299.071518, 225.435543, -0.006343, 0.999980, 0.007151
60.530000, 3335.884780, 7301.206659, 225.458002, -0.006414, 0.999979, 0.007152
60.540000, 3336.608774, 7303.342070, 225.480461, -0.006486, 0.999979, 0.007153
60.550000, 3337.332673, 7305.477749, 225.502918, -0.006557, 0.999979, 0.007153
60.560000, 3338.056478, 7307.613698, 225.525374, -0.006629, 0.999978, 0.007154
60.570000, 3338.780188, 7309.749915, 225.547828, -0.006700, 0.999978, 0.007155
60.580000, 3339.503803, 7311.886402, 225.570282, -0.006772, 0.999977, 0.007156
60.590000, 3340.227323, 7314.023158, 225.592734, -0.006844, 0.999977, 0.007156
60.600000, 3340.950748, 7316.160184, 225.615188, -0.006915, 0.999976, 0.007157
60.610000, 3341.674079, 7318.297478, 225.637641, -0.006987, 0.999976, 0.007158
60.620000, 3342.397314, 7320.435042, 225.660093, -0.007058, 0.999975, 0.007159
60.630000, 3343.120454, 7322.572875, 225.682544, -0.007130, 0.999975, 0.007159
60.640000, 3343.843499, 7324.710977, 225.704994, -0.007201, 0.999974, 0.007160
60.650000, 3344.566448, 7326.849348, 225.727442, -0.007273, 0.999974, 0.007161
60.660000, 3345.289302, 7328.987989, 225.749889, -0.007345, 0.999973, 0.007162
60.670000, 3346.012060, 7331.126899, 225.772335, -0.007416, 0.999972, 0.007162
60.680000, 3346.734723, 7333.266078, 225.794783, -0.007488, 0.999972, 0.007163
60.690000, 3347.457290, 7335.405526, 225.817230, -0.007560, 0.999971, 0.007164
60.700000, 3348.179761, 7337.545244, 225.839676, -0.007631, 0.999971, 0.007164
60.710000, 3348.902137, 7339.685230, 225.862120, -0.007703, 0.999970, 0.007165
60.720000, 3349.624416, 7341.825486, 225.884563, -0.007775, 0.999970, 0.007166
60.730000, 3350.346600, 7343.966012, 225.907005, -0.007846, 0.999969, 0.007167
60.740000, 3351.068687, 7346.106806, 225.929446, -0.007918, 0.999969, 0.007167
60.750000, 3351.790678, 7348.247870, 225.951889, -0.007990, 0.999968, 0.007168
60.760000, 3352.512573, 7350.389203, 225.974331, -0.008061, 0.999968, 0.007169
60.770000, 3353.234371, 7352.530806, 225.996772, -0.008133, 0.999967, 0.007170
60.780000, 3353.956073, 7354.672677, 226.019211, -0.008205, 0.999966, 0.007170
60.790000, 3354.677679, 7356.814818, 226.041649, -0.008276, 0.999966, 0.007171
60.800000, 3355.399188, 7358.957229, 226.064086, -0.008348, 0.999965, 0.007172
60.810000, 3356.120600, 7361.099908, 226.086522, -0.008420, 0.999965, 0.007172
60.820000, 3356.841915, 7363.242857, 226.108960, -0.008491, 0.999964, 0.007173
60.830000, 3357.563134, 7365.386076, 226.131397, -0.008563, 0.999963, 0.007174
60.840000, 3358.284255, 7367.529563, 226.153832, -0.008635, 0.999963, 0.007175
60.850000, 3359.005280, 7369.673320, 226.176267, -0.008707, 0.999962, 0.007175
60.860000, 3359.726207, 7371.817347, 226.198700, -0.008778, 0.999961, 0.007176
60.870000, 3360.447038, 7373.961642, 226.221132, -0.008850, 0.999961, 0.007177
60.880000, 3361.167771, 7376.106207, 226.243563, -0.008922, 0.999960, 0.007177
60.890000, 3361.888406, 7378.251042, 226.265996, -0.008994, 0.999960, 0.007178
60.900000, 3362.608944, 7380.396145, 226.288428, -0.009066, 0.999959, 0.007179
60.910000, 3363.329385, 7382.541519, 226.310859, -0.009137, 0.999958, 0.007180
60.920000, 3364.049728, 7384.687161, 226.333288, -0.009209, 0.999958, 0.007180
60.930000, 3364.769973, 7386.833073, 226.355716, -0.009281, 0.999957, 0.007181
60.940000, 3365.490121, 7388.979254, 226.378144, -0.009353, 0.999956, 0.007182
60.950000, 3366.210170, 7391.125705, 226.400570, -0.009425, 0.999956, 0.007182
60.960000, 3366.930122, 7393.272425, 226.422998, -0.009496, 0.999955, 0.007183
60.970000, 3367.649975, 7395.419414, 226.445425, -0.009568, 0.999954, 0.007184
60.980000, 3368.369731, 7397.566673, 226.467850, -0.009640, 0.999954, 0.007185
60.990000, 3369.089388, 7399.714202, 226.490275, -0.009712, 0.999953, 0.007185
61.000000, 3369.808947, 7401.861999, 226.512699, -0.009784, 0.999952, 0.007186
61.010000, 3370.528408, 7404.010066, 226.535121, -0.009856, 0.999951, 0.007187
61.020000, 3371.247770, 7406.158403, 226.557545, -0.009928, 0.999951, 0.007187
61.030000, 3371.967034, 7408.307009, 226.579968, -0.009999, 0.999950, 0.007188
61.040000, 3372.686199, 7410.455885, 226.602390, -0.010071, 0.999949, 0.007189
61.050000, 3373.405265, 7412.605030, 226.624811, -0.010143, 0.999949, 0.007190
61.060000, 3374.124233, 7414.754444, 226.647231, -0.010215, 0.999948, 0.007190
61.070000, 3374.843101, 7416.904128, 226.669650, -0.010287, 0.999947, 0.007191
61.080000, 3375.561871, 7419.054081, 226.692068, -0.010359, 0.999946, 0.007192
61.090000, 3376.280542, 7421.204304, 226.714487, -0.010431, 0.999946, 0.007192
61.100000, 3376.999113, 7423.354796, 226.736905, -0.010503, 0.999945, 0.007193
61.110000, 3377.717586, 7425.505558, 226.759323, -0.010575, 0.999944, 0.007194
61.120000, 3378.435959, 7427.656590, 226.781739, -0.010647, 0.999943, 0.007194
61.130000, 3379.154232, 7429.807891, 226.804154, -0.010719, 0.999943, 0.007195
61.140000, 3379.872407, 7431.959461, 226.826568, -0.010791, 0.999942, 0.007196
61.150000, 3380.590481, 7434.111301, 226.848981, -0.010863, 0.999941, 0.007197
61.160000, 3381.308457, 7436.263410, 226.871396, -0.010934, 0.999940, 0.007197
61.170000, 3382.026332, 7438.415789, 226.893809, -0.011006, 0.999939, 0.007198
61.180000, 3382.744107, 7440.568437, 226.916222, -0.011078, 0.999939, 0.007199
61.190000, 3383.461783, 7442.721355, 226.938633, -0.011150, 0.999938, 0.007199
61.200000, 3384.179359, 7444.874543, 226.961044, -0.011222, 0.999937, 0.007200
61.210000, 3384.896835, 7447.028000, 226.983453, -0.011294, 0.999936, 0.007201
61.220000, 3385.614210, 7449.181727, 227.005864, -0.011366, 0.999935, 0.007201
61.230000, 3386.331486, 7451.335723, 227.028274, -0.011438, 0.999935, 0.007202
61.240000, 3387.048661, 7453.489989, 227.050683, -0.011510, 0.999934, 0.007203
61.250000, 3387.765735, 7455.644524, 227.073091, -0.011583, 0.999933, 0.007204
61.260000, 3388.482710, 7457.799329, 227.095498, -0.011655, 0.999932, 0.007204
61.270000, 3389.199583, 7459.954404, 227.117904, -0.011727, 0.999931, 0.007205
61.280000, 3389.916356, 7462.109748, 227.140309, -0.011799, 0.999930, 0.007206
61.290000, 3390.633029, 7464.265362, 227.162715, -0.011871, 0.999930, 0.007206
61.300000, 3391.349600, 7466.421245, 227.185121, -0.011943, 0.999929, 0.007207
61.310000, 3392.066071, 7468.577398, 227.207525, -0.012015, 0.999928, 0.007208
61.320000, 3392.782441, 7470.733820, 227.229928, -0.012087, 0.999927, 0.007208
61.330000, 3393.498710, 7472.890513, 227.252331, -0.012159, 0.999926, 0.007209
61.340000, 3394.214877, 7475.047475, 227.274732, -0.012231, 0.999925, 0.007210
61.350000, 3394.930944, 7477.204706, 227.297135, -0.012303, 0.999924, 0.007210
61.360000, 3395.646909, 7479.362207, 227.319537, -0.012375, 0.999923, 0.007211
61.370000, 3396.362772, 7481.519978, 227.341938, -0.012447, 0.999923, 0.007212
61.380000, 3397.078535, 7483.678018, 227.364338, -0.012520, 0.999922, 0.007212
61.390000, 3397.794195, 7485.836329, 227.386737, -0.012592, 0.999921, 0.007213
61.400000, 3398.509754, 7487.994908, 227.409134, -0.012664, 0.999920, 0.007214
61.410000, 3399.225212, 7490.153758, 227.431531, -0.012736, 0.999919, 0.007215
61.420000, 3399.940567, 7492.312877, 227.453930, -0.012808, 0.999918, 0.007215
61.430000, 3400.655821, 7494.472266, 227.476327, -0.012880, 0.999917, 0.007216
61.440000, 3401.370973, 7496.631924, 227.498724, -0.012952, 0.999916, 0.007217
61.450000, 3402.086022, 7498.791853, 227.521119, -0.013025, 0.999915, 0.007217
61.460000, 3402.800970, 7500.952050, 227.543513, -0.013097, 0.999914, 0.007218
61.470000, 3403.515815, 7503.112518, 227.565907, -0.013169, 0.999913, 0.007219
61.480000, 3404.230558, 7505.273255, 227.588302, -0.013241, 0.999912, 0.007219
61.490000, 3404.945199, 7507.434263, 227.610696, -0.013313, 0.999911, 0.007220
61.500000, 3405.659737, 7509.595539, 227.633089, -0.013385, 0.999910, 0.007221
61.510000, 3406.374172, 7511.757086, 227.655481, -0.013458, 0.999909, 0.007221
61.520000, 3407.088505, 7513.918902, 227.677872, -0.013530, 0.999908, 0.007222
61.530000, 3407.802736, 7516.080988, 227.700262, -0.013602, 0.999907, 0.007223
61.540000, 3408.516863, 7518.243344, 227.722654, -0.013674, 0.999907, 0.007223
61.550000, 3409.230888, 7520.405970, 227.745045, -0.013747, 0.999906, 0.007224
61.560000, 3409.944809, 7522.568865, 227.767435, -0.013819, 0.999905, 0.007225
61.570000, 3410.658628, 7524.732030, 227.789823, -0.013891, 0.999904, 0.007225
61.580000, 3411.372343, 7526.895465, 227.812211, -0.013963, 0.999903, 0.007226
61.590000, 3412.085955, 7529.059170, 227.834598, -0.014036, 0.999901, 0.007227
61.600000, 3412.799464, 7531.223144, 227.856986, -0.014108, 0.999900, 0.007227
61.610000, 3413.512870, 7533.387389, 227.879374, -0.014180, 0.999899, 0.007228
61.620000, 3414.226172, 7535.551903, 227.901760, -0.014252, 0.999898, 0.007229
61.630000, 3414.939370, 7537.716687, 227.924146, -0.014325, 0.999897, 0.007229
61.640000, 3415.652465, 7539.881741, 227.946530, -0.014397, 0.999896, 0.007230
61.650000, 3416.365456, 7542.047064, 227.968914, -0.014469, 0.999895, 0.007231
61.660000, 3417.078344, 7544.212658, 227.991299, -0.014542, 0.999894, 0.007231
61.670000, 3417.791127, 7546.378521, 228.013683, -0.014614, 0.999893, 0.007232
61.680000, 3418.503807, 7548.544654, 228.036066, -0.014686, 0.999892, 0.007233
61.690000, 3419.216382, 7550.711057, 228.058449, -0.014759, 0.999891, 0.007233
61.700000, 3419.928853, 7552.877730, 228.080830, -0.014831, 0.999890, 0.007234
61.710000, 3420.641220, 7555.044672, 228.103210, -0.014903, 0.999889, 0.007235
61.720000, 3421.353483, 7557.211885, 228.125592, -0.014976, 0.999888, 0.007235
61.730000, 3422.065641, 7559.379368, 228.147973, -0.015048, 0.999887, 0.007236
61.740000, 3422.777695, 7561.547120, 228.170353, -0.015120, 0.999886, 0.007237
61.750000, 3423.489645, 7563.715142, 228.192732, -0.015193, 0.999885, 0.007237
61.760000, 3424.201489, 7565.883434, 228.215110, -0.015265, 0.999883, 0.007238
61.770000, 3424.913229, 7568.051996, 228.237487, -0.015337, 0.999882, 0.007239
61.780000, 3425.624864, 7570.220828, 228.259866, -0.015410, 0.999881, 0.007239
61.790000, 3426.336395, 7572.389930, 228.282244, -0.015482, 0.999880, 0.007240
61.800000, 3427.047820, 7574.559302, 228.304621, -0.015555, 0.999879, 0.007241
61.810000, 3427.759140, 7576.728944, 228.326997, -0.015627, 0.999878, 0.007241
61.820000, 3428.470355, 7578.898855, 228.349372, -0.015699, 0.999877, 0.007242
61.830000, 3429.181465, 7581.069037, 228.371746, -0.015772, 0.999876, 0.007243
61.840000, 3429.892470, 7583.239489, 228.394121, -0.015844, 0.999874, 0.007243
61.850000, 3430.603369, 7585.410210, 228.416496, -0.015917, 0.999873, 0.007244
61.860000, 3431.314162, 7587.581202, 228.438870, -0.015989, 0.999872, 0.007244
61.870000, 3432.024851, 7589.752463, 228.461243, -0.016062, 0.999871, 0.007245
61.880000, 3432.735433, 7591.923994, 228.483615, -0.016134, 0.999870, 0.007246
61.890000, 3433.445910, 7594.095796, 228.505985, -0.016206, 0.999869, 0.007246
61.900000, 3434.156281, 7596.267867, 228.528358, -0.016279, 0.999867, 0.007247
61.910000, 3434.866546, 7598.440209, 228.550730, -0.016351, 0.999866, 0.007248
61.920000, 3435.576705, 7600.612820, 228.573100, -0.016424, 0.999865, 0.007248
61.930000, 3436.286758, 7602.785702, 228.595470, -0.016496, 0.999864, 0.007249
61.940000, 3436.996705, 7604.958853, 228.617839, -0.016569, 0.999863, 0.007250
61.950000, 3437.706545, 7607.132274, 228.640206, -0.016641, 0.999862, 0.007250
61.960000, 3438.416279, 7609.305966, 228.662576, -0.016714, 0.999860, 0.007251
61.970000, 3439.125907, 7611.479927, 228.684945, -0.016786, 0.999859, 0.007252
61.980000, 3439.835429, 7613.654159, 228.707313, -0.016859, 0.999858, 0.007252
61.990000, 3440.544843, 7615.828661, 228.729679, -0.016931, 0.999857, 0.007253
62.000000, 3441.254152, 7618.003432, 228.752045, -0.017004, 0.999855, 0.007253
62.010000, 3441.963353, 7620.178474, 228.774413, -0.017076, 0.999854, 0.007254
62.020000, 3442.672448, 7622.353786, 228.796779, -0.017149, 0.999853, 0.007255
62.030000, 3443.381435, 7624.529368, 228.819145, -0.017221, 0.999852, 0.007255
62.040000, 3444.090316, 7626.705220, 228.841510, -0.017294, 0.999850, 0.007256
62.050000, 3444.799090, 7628.881342, 228.863874, -0.017367, 0.999849, 0.007257
62.060000, 3445.507756, 7631.057734, 228.886236, -0.017439, 0.999848, 0.007257
62.070000, 3446.216316, 7633.234396, 228.908601, -0.017512, 0.999847, 0.007258
62.080000, 3446.924767, 7635.411328, 228.930965, -0.017584, 0.999845, 0.007259
62.090000, 3447.633112, 7637.588531, 228.953327, -0.017657, 0.999844, 0.007259
62.100000, 3448.341349, 7639.766003, 228.975689, -0.017729, 0.999843, 0.007260
62.110000, 3449.049479, 7641.943746, 228.998050, -0.017802, 0.999842, 0.007260
62.120000, 3449.757500, 7644.121759, 229.020410, -0.017875, 0.999840, 0.007261
62.130000, 3450.465414, 7646.300042, 229.042772, -0.017947, 0.999839, 0.007262
62.140000, 3451.173221, 7648.478595, 229.065132, -0.018020, 0.999838, 0.007262
62.150000, 3451.880919, 7650.657418, 229.087492, -0.018092, 0.999836, 0.007263
62.160000, 3452.588509, 7652.836512, 229.109851, -0.018165, 0.999835, 0.007264
62.170000, 3453.295992, 7655.015876, 229.132209, -0.018238, 0.999834, 0.007264
62.180000, 3454.003366, 7657.195509, 229.154569, -0.018310, 0.999832, 0.007265
62.190000, 3454.710632, 7659.375413, 229.176928, -0.018383, 0.999831, 0.007266
62.200000, 3455.417789, 7661.555588, 229.199286, -0.018456, 0.999830, 0.007266
62.210000, 3456.124838, 7663.736032, 229.221643, -0.018528, 0.999828, 0.007267
62.220000, 3456.831779, 7665.916746, 229.243999, -0.018601, 0.999827, 0.007267
62.230000, 3457.538611, 7668.097731, 229.266354, -0.018674, 0.999826, 0.007268
62.240000, 3458.245334, 7670.278986, 229.288711, -0.018746, 0.999824, 0.007269
62.250000, 3458.951949, 7672.460511, 229.311067, -0.018819, 0.999823, 0.007269
62.260000, 3459.658455, 7674.642307, 229.333422, -0.018892, 0.999822, 0.007270
62.270000, 3460.364852, 7676.824373, 229.355776, -0.018964, 0.999820, 0.007271
62.280000, 3461.071140, 7679.006708, 229.378130, -0.019037, 0.999819, 0.007271
62.290000, 3461.777319, 7681.189315, 229.400485, -0.019110, 0.999817, 0.007272
62.300000, 3462.483388, 7683.372191, 229.422839, -0.019182, 0.999816, 0.007272
62.310000, 3463.189349, 7685.555338, 229.445192, -0.019255, 0.999815, 0.007273
62.320000, 3463.895200, 7687.738755, 229.467545, -0.019328, 0.999813, 0.007274
62.330000, 3464.600941, 7689.922442, 229.489896, -0.019401, 0.999812, 0.007274
62.340000, 3465.306574, 7692.106399, 229.512247, -0.019473, 0.999810, 0.007275
62.350000, 3466.012096, 7694.290627, 229.534599, -0.019546, 0.999809, 0.007275
62.360000, 3466.717509, 7696.475125, 229.556951, -0.019619, 0.999808, 0.007276
62.370000, 3467.422812, 7698.659894, 229.579301, -0.019692, 0.999806, 0.007277
62.380000, 3468.128006, 7700.844932, 229.601651, -0.019764, 0.999805, 0.007277
62.390000, 3468.833089, 7703.030242, 229.623999, -0.019837, 0.999803, 0.007278
62.400000, 3469.538062, 7705.215821, 229.646350, -0.019910, 0.999802, 0.007279
62.410000, 3470.242926, 7707.401671, 229.668700, -0.019983, 0.999800, 0.007279
62.420000, 3470.947679, 7709.587791, 229.691049, -0.020055, 0.999799, 0.007280
62.430000, 3471.652322, 7711.774181, 229.713396, -0.020128, 0.999797, 0.007280
62.440000, 3472.356854, 7713.960842, 229.735743, -0.020201, 0.999796, 0.007281
62.450000, 3473.061276, 7716.147773, 229.758089, -0.020274, 0.999794, 0.007282
62.460000, 3473.765588, 7718.334974, 229.780437, -0.020347, 0.999793, 0.007282
62.470000, 3474.469789, 7720.522446, 229.802784, -0.020419, 0.999792, 0.007283
62.480000, 3475.173879, 7722.710188, 229.825131, -0.020492, 0.999790, 0.007283
62.490000, 3475.877859, 7724.898201, 229.847476, -0.020565, 0.999789, 0.007284
62.500000, 3476.581728, 7727.086484, 229.869820, -0.020638, 0.999787, 0.007285
62.510000, 3477.285486, 7729.275037, 229.892166, -0.020711, 0.999786, 0.007285
62.520000, 3477.989132, 7731.463861, 229.914512, -0.020784, 0.999784, 0.007286
62.530000, 3478.692668, 7733.652955, 229.936856, -0.020856, 0.999782, 0.007286
62.540000, 3479.396093, 7735.842319, 229.959200, -0.020929, 0.999781, 0.007287
62.550000, 3480.099406, 7738.031954, 229.981542, -0.021002, 0.999779, 0.007288
62.560000, 3480.802608, 7740.221860, 230.003887, -0.021075, 0.999778, 0.007288
62.570000, 3481.505698, 7742.412036, 230.026231, -0.021148, 0.999776, 0.007289
62.580000, 3482.208677, 7744.602482, 230.048573, -0.021221, 0.999775, 0.007289
62.590000, 3482.911545, 7746.793199, 230.070915, -0.021294, 0.999773, 0.007290
62.600000, 3483.614301, 7748.984186, 230.093256, -0.021367, 0.999772, 0.007291
62.610000, 3484.316944, 7751.175444, 230.115596, -0.021439, 0.999770, 0.007291
62.620000, 3485.019477, 7753.366972, 230.137938, -0.021512, 0.999769, 0.007292
62.630000, 3485.721897, 7755.558771, 230.160279, -0.021585, 0.999767, 0.007292
62.640000, 3486.424205, 7757.750840, 230.182620, -0.021658, 0.999765, 0.007293
62.650000, 3487.126401, 7759.943179, 230.204959, -0.021731, 0.999764, 0.007294
62.660000, 3487.828485, 7762.135789, 230.227297, -0.021804, 0.999762, 0.007294
62.670000, 3488.530456, 7764.328670, 230.249638, -0.021877, 0.999761, 0.007295
62.680000, 3489.232316, 7766.521821, 230.271977, -0.021950, 0.999759, 0.007295
62.690000, 3489.934062, 7768.715243, 230.294316, -0.022023, 0.999757, 0.007296
62.700000, 3490.635697, 7770.908935, 230.316653, -0.022096, 0.999756, 0.007297
62.710000, 3491.337218, 7773.102898, 230.338990, -0.022169, 0.999754, 0.007297
62.720000, 3492.038627, 7775.297131, 230.361329, -0.022242, 0.999753, 0.007298
62.730000, 3492.739924, 7777.491635, 230.383667, -0.022315, 0.999751, 0.007298
62.740000, 3493.441107, 7779.686409, 230.406004, -0.022388, 0.999749, 0.007299
62.750000, 3494.142177, 7781.881454, 230.428340, -0.022461, 0.999748, 0.007300
62.760000, 3494.843135, 7784.076770, 230.450676, -0.022534, 0.999746, 0.007300
62.770000, 3495.543979, 7786.272356, 230.473013, -0.022607, 0.999744, 0.007301
62.780000, 3496.244710, 7788.468213, 230.495349, -0.022680, 0.999743, 0.007301
62.790000, 3496.945328, 7790.664340, 230.517685, -0.022753, 0.999741, 0.007302
62.800000, 3497.645832, 7792.860738, 230.540019, -0.022826, 0.999739, 0.007303
62.810000, 3498.346223, 7795.057406, 230.562353, -0.022899, 0.999738, 0.007303
62.820000, 3499.046501, 7797.254345, 230.584689, -0.022972, 0.999736, 0.007304
62.830000, 3499.746665, 7799.451555, 230.607024, -0.023045, 0.999734, 0.007304
62.840000, 3500.446715, 7801.649035, 230.629358, -0.023118, 0.999733, 0.007305
62.850000, 3501.146651, 7803.846786, 230.651691, -0.023191, 0.999731, 0.007305
62.860000, 3501.846474, 7806.044808, 230.674023, -0.023264, 0.999729, 0.007306
62.870000, 3502.546182, 7808.243100, 230.696358, -0.023337, 0.999728, 0.007307
62.880000, 3503.245777, 7810.441663, 230.718691, -0.023410, 0.999726, 0.007307
62.890000, 3503.945257, 7812.640497, 230.741023, -0.023483, 0.999724, 0.007308
62.900000, 3504.644624, 7814.839601, 230.763355, -0.023556, 0.999723, 0.007308
62.910000, 3505.343876, 7817.038976, 230.785686, -0.023629, 0.999721, 0.007309
62.920000, 3506.043013, 7819.238621, 230.808019, -0.023702, 0.999719, 0.007310
62.930000, 3506.742036, 7821.438538, 230.830351, -0.023775, 0.999717, 0.007310
62.940000, 3507.440945, 7823.638725, 230.852682, -0.023848, 0.999716, 0.007311
62.950000, 3508.139739, 7825.839182, 230.875012, -0.023921, 0.999714, 0.007311
62.960000, 3508.838418, 7828.039911, 230.897341, -0.023994, 0.999712, 0.007312
62.970000, 3509.536983, 7830.240910, 230.919673, -0.024068, 0.999710, 0.007312
62.980000, 3510.235432, 7832.442180, 230.942003, -0.024141, 0.999709, 0.007313
62.990000, 3510.933767, 7834.643720, 230.964333, -0.024214, 0.999707, 0.007314
63.000000, 3511.631987, 7836.845532, 230.986662, -0.024287, 0.999705, 0.007314
63.010000, 3512.330091, 7839.047614, 231.008990, -0.024360, 0.999703, 0.007315
63.020000, 3513.028080, 7841.249966, 231.031320, -0.024433, 0.999701, 0.007315
63.030000, 3513.725954, 7843.452590, 231.053649, -0.024506, 0.999700, 0.007316
63.040000, 3514.423713, 7845.655484, 231.075977, -0.024579, 0.999698, 0.007316
63.050000, 3515.121356, 7847.858650, 231.098304, -0.024653, 0.999696, 0.007317
63.060000, 3515.818884, 7850.062085, 231.120631, -0.024726, 0.999694, 0.007318
63.070000, 3516.516296, 7852.265792, 231.142959, -0.024799, 0.999692, 0.007318
63.080000, 3517.213592, 7854.469770, 231.165287, -0.024872, 0.999691, 0.007319
63.090000, 3517.910773, 7856.674018, 231.187614, -0.024945, 0.999689, 0.007319
63.100000, 3518.607837, 7858.878537, 231.209940, -0.025018, 0.999687, 0.007320
63.110000, 3519.304786, 7861.083327, 231.232265, -0.025092, 0.999685, 0.007320
63.120000, 3520.001619, 7863.288388, 231.254593, -0.025165, 0.999683, 0.007321
63.130000, 3520.698335, 7865.493719, 231.276919, -0.025238, 0.999681, 0.007322
63.140000, 3521.394935, 7867.699322, 231.299245, -0.025311, 0.999680, 0.007322
63.150000, 3522.091419, 7869.905195, 231.321569, -0.025384, 0.999678, 0.007323
63.160000, 3522.787787, 7872.111339, 231.343893, -0.025458, 0.999676, 0.007323
63.170000, 3523.484038, 7874.317754, 231.366219, -0.025531, 0.999674, 0.007324
63.180000, 3524.180173, 7876.524440, 231.388544, -0.025604, 0.999672, 0.007324
63.190000, 3524.876191, 7878.731397, 231.410869, -0.025677, 0.999670, 0.007325
63.200000, 3525.572092, 7880.938624, 231.433192, -0.025751, 0.999668, 0.007325
63.210000, 3526.267876, 7883.146123, 231.455514, -0.025824, 0.999667, 0.007326
63.220000, 3526.963544, 7885.353892, 231.477839, -0.025897, 0.999665, 0.007327
63.230000, 3527.659094, 7887.561933, 231.500163, -0.025970, 0.999663, 0.007327
63.240000, 3528.354528, 7889.770244, 231.522486, -0.026043, 0.999661, 0.007328
63.250000, 3529.049844, 7891.978826, 231.544808, -0.026117, 0.999659, 0.007328
63.260000, 3529.745043, 7894.187679, 231.567129, -0.026190, 0.999657, 0.007329
63.270000, 3530.440125, 7896.396803, 231.589453, -0.026263, 0.999655, 0.007329
63.280000, 3531.135090, 7898.606198, 231.611775, -0.026337, 0.999653, 0.007330
63.290000, 3531.829937, 7900.815864, 231.634097, -0.026410, 0.999651, 0.007330
63.300000, 3532.524666, 7903.025801, 231.656418, -0.026483, 0.999649, 0.007331
63.310000, 3533.219278, 7905.236008, 231.678741, -0.026556, 0.999647, 0.007332
63.320000, 3533.913772, 7907.446487, 231.701063, -0.026630, 0.999645, 0.007332
63.330000, 3534.608148, 7909.657237, 231.723385, -0.026703, 0.999643, 0.007333
63.340000, 3535.302406, 7911.868258, 231.745705, -0.026776, 0.999641, 0.007333
63.350000, 3535.996547, 7914.079549, 231.768025, -0.026850, 0.999639, 0.007334
63.360000, 3536.690569, 7916.291112, 231.790347, -0.026923, 0.999638, 0.007334
63.370000, 3537.384473, 7918.502946, 231.812668, -0.026996, 0.999636, 0.007335
63.380000, 3538.078259, 7920.715050, 231.834988, -0.027070, 0.999634, 0.007335
63.390000, 3538.771927, 7922.927426, 231.857307, -0.027143, 0.999632, 0.007336
63.400000, 3539.465476, 7925.140073, 231.879626, -0.027216, 0.999630, 0.007336
63.410000, 3540.158906, 7927.352991, 231.901947, -0.027290, 0.999628, 0.007337
63.420000, 3540.852219, 7929.566179, 231.924266, -0.027363, 0.999626, 0.007338
63.430000, 3541.545412, 7931.779639, 231.946585, -0.027436, 0.999624, 0.007338
63.440000, 3542.238487, 7933.993370, 231.968904, -0.027510, 0.999622, 0.007339
63.450000, 3542.931443, 7936.207372, 231.991221, -0.027583, 0.999620, 0.007339
63.460000, 3543.624280, 7938.421645, 232.013540, -0.027656, 0.999617, 0.007340
63.470000, 3544.316998, 7940.636189, 232.035859, -0.027730, 0.999615, 0.007340
63.480000, 3545.009597, 7942.851005, 232.058177, -0.027803, 0.999613, 0.007341
63.490000, 3545.702077, 7945.066091, 232.080494, -0.027877, 0.999611, 0.007341
63.500000, 3546.394437, 7947.281448, 232.102813, -0.027950, 0.999609, 0.007342
63.510000, 3547.086678, 7949.497077, 232.125132, -0.028023, 0.999607, 0.007342
63.520000, 3547.778800, 7951.712976, 232.147449, -0.028097, 0.999605, 0.007343
63.530000, 3548.470803, 7953.929147, 232.169766, -0.028170, 0.999603, 0.007343
63.540000, 3549.162685, 7956.145589, 232.192082, -0.028244, 0.999601, 0.007344
63.550000, 3549.854448, 7958.362302, 232.214400, -0.028317, 0.999599, 0.007345
63.560000, 3550.546092, 7960.579286, 232.236718, -0.028390, 0.999597, 0.007345
63.570000, 3551.237615, 7962.796542, 232.259034, -0.028464, 0.999595, 0.007346
63.580000, 3551.929019, 7965.014068, 232.281350, -0.028537, 0.999593, 0.007346
63.590000, 3552.620302, 7967.231866, 232.303668, -0.028611, 0.999591, 0.007347
63.600000, 3553.311466, 7969.449934, 232.325985, -0.028684, 0.999589, 0.007347
63.610000, 3554.002509, 7971.668274, 232.348301, -0.028758, 0.999586, 0.007348
63.620000, 3554.693433, 7973.886886, 232.370617, -0.028831, 0.999584, 0.007348
63.630000, 3555.384235, 7976.105768, 232.392931, -0.028904, 0.999582, 0.007349
63.640000, 3556.074918, 7978.324922, 232.415248, -0.028978, 0.999580, 0.007349
63.650000, 3556.765480, 7980.544346, 232.437564, -0.029051, 0.999578, 0.007350
63.660000, 3557.455921, 7982.764042, 232.459879, -0.029125, 0.999576, 0.007350
63.670000, 3558.146241, 7984.984010, 232.482194, -0.029198, 0.999574, 0.007351
63.680000, 3558.836441, 7987.204248, 232.504507, -0.029272, 0.999571, 0.007351
63.690000, 3559.526520, 7989.424758, 232.526823, -0.029345, 0.999569, 0.007352
63.700000, 3560.216478, 7991.645539, 232.549138, -0.029419, 0.999567, 0.007353
63.710000, 3560.906316, 7993.866591, 232.571453, -0.029492, 0.999565, 0.007353
63.720000, 3561.596032, 7996.087914, 232.593766, -0.029566, 0.999563, 0.007354
63.730000, 3562.285626, 7998.309509, 232.616082, -0.029639, 0.999561, 0.007354
63.740000, 3562.975100, 8000.531375, 232.638396, -0.029713, 0.999558, 0.007355
63.750000, 3563.664452, 8002.753512, 232.660711, -0.029786, 0.999556, 0.007355
63.760000, 3564.353683, 8004.975921, 232.683024, -0.029860, 0.999554, 0.007356
63.770000, 3565.042792, 8007.198601, 232.705336, -0.029933, 0.999552, 0.007356
63.780000, 3565.731780, 8009.421552, 232.727651, -0.030007, 0.999550, 0.007357
63.790000, 3566.420646, 8011.644774, 232.749965, -0.030080, 0.999547, 0.007357
63.800000, 3567.109390, 8013.868268, 232.772278, -0.030154, 0.999545, 0.007358
63.810000, 3567.798013, 8016.092033, 232.794590, -0.030228, 0.999543, 0.007358
63.820000, 3568.486513, 8018.316070, 232.816905, -0.030301, 0.999541, 0.007359
63.830000, 3569.174892, 8020.540378, 232.839219, -0.030375, 0.999539, 0.007359
63.840000, 3569.863148, 8022.764957, 232.861532, -0.030448, 0.999536, 0.007360
63.850000, 3570.551282, 8024.989807, 232.883844, -0.030522, 0.999534, 0.007360
63.860000, 3571.239294, 8027.214929, 232.906155, -0.030595, 0.999532, 0.007361
63.870000, 3571.927184, 8029.440322, 232.928469, -0.030669, 0.999530, 0.007361
63.880000, 3572.614951, 8031.665987, 232.950782, -0.030743, 0.999527, 0.007362
63.890000, 3573.302595, 8033.891923, 232.973094, -0.030816, 0.999525, 0.007362
63.900000, 3573.990117, 8036.118131, 232.995405, -0.030890, 0.999523, 0.007363
63.910000, 3574.677517, 8038.344609, 233.017719, -0.030963, 0.999521, 0.007363
63.920000, 3575.364793, 8040.571360, 233.040031, -0.031037, 0.999518, 0.007364
63.930000, 3576.051947, 8042.798381, 233.062343, -0.031111, 0.999516, 0.007364
63.940000, 3576.738977, 8045.025674, 233.084655, -0.031184, 0.999514, 0.007365
63.950000, 3577.425885, 8047.253239, 233.106968, -0.031258, 0.999511, 0.007365
63.960000, 3578.112670, 8049.481075, 233.129281, -0.031331, 0.999509, 0.007366
63.970000, 3578.799331, 8051.709182, 233.151593, -0.031405, 0.999507, 0.007366
63.980000, 3579.485869, 8053.937561, 233.173904, -0.031479, 0.999504, 0.007367
63.990000, 3580.172284, 8056.166211, 233.196214, -0.031552, 0.999502, 0.007367
64.000000, 3580.858575, 8058.395133, 233.218527, -0.031626, 0.999500, 0.007368
64.010000, 3581.544743, 8060.624326, 233.240839, -0.031700, 0.999497, 0.007368
64.020000, 3582.230787, 8062.853791, 233.263150, -0.031773, 0.999495, 0.007369
64.030000, 3582.916708, 8065.083527, 233.285460, -0.031847, 0.999493, 0.007369
64.040000, 3583.602505, 8067.313535, 233.307773, -0.031921, 0.999490, 0.007370
64.050000, 3584.288177, 8069.543814, 233.330085, -0.031994, 0.999488, 0.007370
64.060000, 3584.973726, 8071.774365, 233.352396, -0.032068, 0.999486, 0.007371
64.070000, 3585.659151, 8074.005188, 233.374706, -0.032142, 0.999483, 0.007371
64.080000, 3586.344452, 8076.236281, 233.397019, -0.032215, 0.999481, 0.007372
64.090000, 3587.029628, 8078.467647, 233.419330, -0.032289, 0.999479, 0.007372
64.100000, 3587.714681, 8080.699284, 233.441641, -0.032363, 0.999476, 0.007373
64.110000, 3588.399609, 8082.931192, 233.463952, -0.032436, 0.999474, 0.007373
64.120000, 3589.084412, 8085.163372, 233.486261, -0.032510, 0.999471, 0.007374
64.130000, 3589.769091, 8087.395824, 233.508573, -0.032584, 0.999469, 0.007374
64.140000, 3590.453645, 8089.628547, 233.530884, -0.032657, 0.999467, 0.007375
64.150000, 3591.138075, 8091.861542, 233.553194, -0.032731, 0.999464, 0.007375
64.160000, 3591.822379, 8094.094808, 233.575504, -0.032805, 0.999462, 0.007376
64.170000, 3592.506559, 8096.328346, 233.597816, -0.032879, 0.999459, 0.007376
64.180000, 3593.190614, 8098.562156, 233.620127, -0.032952, 0.999457, 0.007377
64.190000, 3593.874544, 8100.796237, 233.642437, -0.033026, 0.999454, 0.007377
64.200000, 3594.558349, 8103.030590, 233.664747, -0.033100, 0.999452, 0.007378
64.210000, 3595.242028, 8105.265214, 233.687059, -0.033174, 0.999450, 0.007378
64.220000, 3595.925583, 8107.500110, 233.709370, -0.033247, 0.999447, 0.007379
64.230000, 3596.609011, 8109.735278, 233.731680, -0.033321, 0.999445, 0.007379
64.240000, 3597.292315, 8111.970717, 233.753990, -0.033395, 0.999442, 0.007380
64.250000, 3597.975493, 8114.206428, 233.776299, -0.033469, 0.999440, 0.007380
64.260000, 3598.658545, 8116.442411, 233.798610, -0.033542, 0.999437, 0.007381
64.270000, 3599.341471, 8118.678665, 233.820920, -0.033616, 0.999435, 0.007381
64.280000, 3600.024272, 8120.915192, 233.843230, -0.033690, 0.999432, 0.007382
64.290000, 3600.706947, 8123.151989, 233.865539, -0.033764, 0.999430, 0.007382
64.300000, 3601.389496, 8125.389059, 233.887850, -0.033837, 0.999427, 0.007383
64.310000, 3602.071918, 8127.626400, 233.910161, -0.033911, 0.999425, 0.007383
64.320000, 3602.754215, 8129.864013, 233.932471, -0.033985, 0.999422, 0.007384
64.330000, 3603.436385, 8132.101897, 233.954780, -0.034059, 0.999420, 0.007384
64.340000, 3604.118429, 8134.340054, 233.977091, -0.034133, 0.999417, 0.007385
64.350000, 3604.800347, 8136.578482, 233.999402, -0.034206, 0.999415, 0.007385
64.360000, 3605.482138, 8138.817182, 234.021712, -0.034280, 0.999412, 0.007386
64.370000, 3606.163803, 8141.056153, 234.044021, -0.034354, 0.999410, 0.007386
64.380000, 3606.845341, 8143.295397, 234.066332, -0.034428, 0.999407, 0.007387
64.390000, 3607.526752, 8145.534912, 234.088643, -0.034502, 0.999405, 0.007387
64.400000, 3608.208037, 8147.774699, 234.110953, -0.034576, 0.999402, 0.007388
64.410000, 3608.889194, 8150.014757, 234.133262, -0.034649, 0.999400, 0.007388
64.420000, 3609.570225, 8152.255088, 234.155574, -0.034723, 0.999397, 0.007388
64.430000, 3610.251129, 8154.495690, 234.177885, -0.034797, 0.999394, 0.007389
64.440000, 3610.931905, 8156.736564, 234.200195, -0.034871, 0.999392, 0.007389
64.450000, 3611.612554, 8158.977710, 234.222504, -0.034945, 0.999389, 0.007390
64.460000, 3612.293076, 8161.219128, 234.244813, -0.035019, 0.999387, 0.007390
64.470000, 3612.973470, 8163.460817, 234.267124, -0.035092, 0.999384, 0.007391
64.480000, 3613.653737, 8165.702778, 234.289435, -0.035166, 0.999381, 0.007391
64.490000, 3614.333877, 8167.945012, 234.311744, -0.035240, 0.999379, 0.007392
64.500000, 3615.013889, 8170.187517, 234.334053, -0.035314, 0.999376, 0.007392
64.510000, 3615.693773, 8172.430294, 234.356364, -0.035388, 0.999374, 0.007393
64.520000, 3616.373529, 8174.673342, 234.378675, -0.035462, 0.999371, 0.007393
64.530000, 3617.053157, 8176.916663, 234.400985, -0.035536, 0.999368, 0.007394
64.540000, 3617.732657, 8179.160256, 234.423294, -0.035610, 0.999366, 0.007394
64.550000, 3618.412029, 8181.404120, 234.445605, -0.035684, 0.999363, 0.007395
64.560000, 3619.091273, 8183.648256, 234.467916, -0.035757, 0.999360, 0.007395
64.570000, 3619.770389, 8185.892665, 234.490226, -0.035831, 0.999358, 0.007396
64.580000, 3620.449377, 8188.137345, 234.512535, -0.035905, 0.999355, 0.007396
64.590000, 3621.128236, 8190.382297, 234.534847, -0.035979, 0.999353, 0.007396
64.600000, 3621.806966, 8192.627521, 234.557158, -0.036053, 0.999350, 0.007397
64.610000, 3622.485568, 8194.873017, 234.579468, -0.036127, 0.999347, 0.007397
64.620000, 3623.164042, 8197.118785, 234.601777, -0.036201, 0.999345, 0.007398
64.630000, 3623.842386, 8199.364825, 234.624089, -0.036275, 0.999342, 0.007398
64.640000, 3624.520602, 8201.611136, 234.646400, -0.036349, 0.999339, 0.007399
64.650000, 3625.198689, 8203.857720, 234.668711, -0.036423, 0.999336, 0.007399
64.660000, 3625.876646, 8206.104576, 234.691021, -0.036497, 0.999334, 0.007400
64.670000, 3626.554475, 8208.351704, 234.713333, -0.036571, 0.999331, 0.007400
64.680000, 3627.232175, 8210.599103, 234.735644, -0.036645, 0.999328, 0.007401
64.690000, 3627.909745, 8212.846775, 234.757955, -0.036719, 0.999326, 0.007401
64.700000, 3628.587186, 8215.094719, 234.780265, -0.036793, 0.999323, 0.007402
64.710000, 3629.264497, 8217.342935, 234.802577, -0.036867, 0.999320, 0.007402
64.720000, 3629.941679, 8219.591422, 234.824889, -0.036940, 0.999317, 0.007402
64.730000, 3630.618732, 8221.840182, 234.847200, -0.037014, 0.999315, 0.007403
64.740000, 3631.295655, 8224.089214, 234.869510, -0.037088, 0.999312, 0.007403
64.750000, 3631.972448, 8226.338518, 234.891823, -0.037162, 0.999309, 0.007404
64.760000, 3632.649111, 8228.588094, 234.914135, -0.037236, 0.999306, 0.007404
64.770000, 3633.325644, 8230.837942, 234.936446, -0.037310, 0.999304, 0.007405
64.780000, 3634.002047, 8233.088062, 234.958757, -0.037384, 0.999301, 0.007405
64.790000, 3634.678320, 8235.338454, 234.981070, -0.037458, 0.999298, 0.007406
64.800000, 3635.354463, 8237.589119, 235.003382, -0.037532, 0.999295, 0.007406
64.810000, 3636.030476, 8239.840055, 235.025694, -0.037606, 0.999293, 0.007406
64.820000, 3636.706358, 8242.091263, 235.048005, -0.037680, 0.999290, 0.007407
64.830000, 3637.382110, 8244.342744, 235.070318, -0.037754, 0.999287, 0.007407
64.840000, 3638.057731, 8246.594497, 235.092631, -0.037829, 0.999284, 0.007408
64.850000, 3638.733222, 8248.846522, 235.114943, -0.037903, 0.999281, 0.007408
64.860000, 3639.408582, 8251.098819, 235.137254, -0.037977, 0.999279, 0.007409
64.870000, 3640.083811, 8253.351388, 235.159568, -0.038051, 0.999276, 0.007409
64.880000, 3640.758910, 8255.604229, 235.181881, -0.038125, 0.999273, 0.007410
64.890000, 3641.433877, 8257.857342, 235.204193, -0.038199, 0.999270, 0.007410
64.900000, 3642.108714, 8260.110728, 235.226504, -0.038273, 0.999267, 0.007410
64.910000, 3642.783419, 8262.364386, 235.248818, -0.038347, 0.999264, 0.007411
64.920000, 3643.457993, 8264.618316, 235.271132, -0.038421, 0.999262, 0.007411
64.930000, 3644.132436, 8266.872518, 235.293444, -0.038495, 0.999259, 0.007412
64.940000, 3644.806748, 8269.126992, 235.315756, -0.038569, 0.999256, 0.007412
64.950000, 3645.480928, 8271.381739, 235.338071, -0.038643, 0.999253, 0.007413
64.960000, 3646.154976, 8273.636757, 235.360384, -0.038717, 0.999250, 0.007413
64.970000, 3646.828893, 8275.892048, 235.382698, -0.038791, 0.999247, 0.007414
64.980000, 3647.502679, 8278.147612, 235.405010, -0.038865, 0.999244, 0.007414
64.990000, 3648.176332, 8280.403447, 235.427325, -0.038939, 0.999242, 0.007414
65.000000, 3648.849854, 8282.659555, 235.449639, -0.039013, 0.999239, 0.007415
65.010000, 3649.523243, 8284.915935, 235.471952, -0.039088, 0.999236, 0.007415
65.020000, 3650.196501, 8287.172587, 235.494265, -0.039162, 0.999233, 0.007416
65.030000, 3650.869626, 8289.429511, 235.516580, -0.039236, 0.999230, 0.007416
65.040000, 3651.542620, 8291.686708, 235.538895, -0.039310, 0.999227, 0.007417
65.050000, 3652.215481, 8293.944177, 235.561209, -0.039384, 0.999224, 0.007417
65.060000, 3652.888209, 8296.201918, 235.583522, -0.039458, 0.999221, 0.007417
65.070000, 3653.560806, 8298.459932, 235.605837, -0.039532, 0.999218, 0.007418
65.080000, 3654.233269, 8300.718218, 235.628152, -0.039606, 0.999215, 0.007418
65.090000, 3654.905600, 8302.976776, 235.650467, -0.039681, 0.999212, 0.007419
65.100000, 3655.577798, 8305.235607, 235.672780, -0.039755, 0.999209, 0.007419
65.110000, 3656.249864, 8307.494710, 235.695096, -0.039829, 0.999207, 0.007420
65.120000, 3656.921797, 8309.754085, 235.717412, -0.039903, 0.999204, 0.007420
65.130000, 3657.593596, 8312.013732, 235.739727, -0.039977, 0.999201, 0.007420
65.140000, 3658.265263, 8314.273652, 235.762044, -0.040051, 0.999198, 0.007421
65.150000, 3658.936796, 8316.533845, 235.784360, -0.040125, 0.999195, 0.007421
65.160000, 3659.608197, 8318.794309, 235.806676, -0.040200, 0.999192, 0.007422
65.170000, 3660.279464, 8321.055046, 235.828992, -0.040274, 0.999189, 0.007422
65.180000, 3660.950597, 8323.316056, 235.851309, -0.040348, 0.999186, 0.007423
65.190000, 3661.621597, 8325.577338, 235.873626, -0.040422, 0.999183, 0.007423
65.200000, 3662.292464, 8327.838892, 235.895943, -0.040496, 0.999180, 0.007423
65.210000, 3662.963197, 8330.100718, 235.918258, -0.040570, 0.999177, 0.007424
65.220000, 3663.633796, 8332.362818, 235.940576, -0.040645, 0.999174, 0.007424
65.230000, 3664.304261, 8334.625189, 235.962894, -0.040719, 0.999171, 0.007425
65.240000, 3664.974593, 8336.887833, 235.985211, -0.040793, 0.999168, 0.007425
65.250000, 3665.644790, 8339.150749, 236.007527, -0.040867, 0.999165, 0.007426
65.260000, 3666.314854, 8341.413938, 236.029846, -0.040941, 0.999162, 0.007426
65.270000, 3666.984783, 8343.677400, 236.052164, -0.041016, 0.999159, 0.007426
65.280000, 3667.654578, 8345.941133, 236.074481, -0.041090, 0.999155, 0.007427
65.290000, 3668.324239, 8348.205140, 236.096798, -0.041164, 0.999152, 0.007427
65.300000, 3668.993765, 8350.469418, 236.119117, -0.041238, 0.999149, 0.007428
65.310000, 3669.663157, 8352.733970, 236.141436, -0.041312, 0.999146, 0.007428
65.320000, 3670.332415, 8354.998793, 236.163754, -0.041387, 0.999143, 0.007428
65.330000, 3671.001537, 8357.263889, 236.186071, -0.041461, 0.999140, 0.007429
65.340000, 3671.670525, 8359.529258, 236.208391, -0.041535, 0.999137, 0.007429
65.350000, 3672.339378, 8361.794899, 236.230710, -0.041609, 0.999134, 0.007430
65.360000, 3673.008097, 8364.060813, 236.253029, -0.041684, 0.999131, 0.007430
65.370000, 3673.676680, 8366.327000, 236.275350, -0.041758, 0.999128, 0.007431
65.380000, 3674.345128, 8368.593458, 236.297670, -0.041832, 0.999125, 0.007431
65.390000, 3675.013441, 8370.860190, 236.319990, -0.041906, 0.999122, 0.007431
65.400000, 3675.681619, 8373.127194, 236.342309, -0.041981, 0.999118, 0.007432
65.410000, 3676.349662, 8375.394470, 236.364630, -0.042055, 0.999115, 0.007432
65.420000, 3677.017569, 8377.662020, 236.386951, -0.042129, 0.999112, 0.007433
65.430000, 3677.685340, 8379.929841, 236.409271, -0.042203, 0.999109, 0.007433
65.440000, 3678.352976, 8382.197936, 236.431591, -0.042278, 0.999106, 0.007433
65.450000, 3679.020476, 8384.466303, 236.453913, -0.042352, 0.999103, 0.007434
65.460000, 3679.687841, 8386.734942, 236.476235, -0.042426, 0.999100, 0.007434
65.470000, 3680.355070, 8389.003854, 236.498556, -0.042500, 0.999096, 0.007435
65.480000, 3681.022163, 8391.273039, 236.520879, -0.042575, 0.999093, 0.007435
65.490000, 3681.689120, 8393.542497, 236.543202, -0.042649, 0.999090, 0.007435
65.500000, 3682.355940, 8395.812227, 236.565524, -0.042723, 0.999087, 0.007436
65.510000, 3683.022625, 8398.082230, 236.587846, -0.042798, 0.999084, 0.007436
65.520000, 3683.689173, 8400.352505, 236.610170, -0.042872, 0.999081, 0.007437
65.530000, 3684.355585, 8402.623053, 236.632493, -0.042946, 0.999077, 0.007437
65.540000, 3685.021861, 8404.893874, 236.654816, -0.043020, 0.999074, 0.007437
65.550000, 3685.688000, 8407.164967, 236.677138, -0.043095, 0.999071, 0.007438
65.560000, 3686.354003, 8409.436333, 236.699463, -0.043169, 0.999068, 0.007438
65.570000, 3687.019868, 8411.707972, 236.721787, -0.043243, 0.999065, 0.007439
65.580000, 3687.685598, 8413.979884, 236.744110, -0.043318, 0.999061, 0.007439
65.590000, 3688.351190, 8416.252068, 236.766433, -0.043392, 0.999058, 0.007439
65.600000, 3689.016645, 8418.524525, 236.788758, -0.043466, 0.999055, 0.007440
65.610000, 3689.681963, 8420.797255, 236.811083, -0.043541, 0.999052, 0.007440
65.620000, 3690.347145, 8423.070257, 236.833407, -0.043615, 0.999048, 0.007441
65.630000, 3691.012189, 8425.343533, 236.855734, -0.043689, 0.999045, 0.007441
65.640000, 3691.677095, 8427.617081, 236.878060, -0.043764, 0.999042, 0.007441
65.650000, 3692.341865, 8429.890901, 236.900385, -0.043838, 0.999039, 0.007442
65.660000, 3693.006497, 8432.164995, 236.922710, -0.043912, 0.999035, 0.007442
65.670000, 3693.670991, 8434.439361, 236.945038, -0.043987, 0.999032, 0.007442
65.680000, 3694.335348, 8436.714000, 236.967364, -0.044061, 0.999029, 0.007443
65.690000, 3694.999567, 8438.988912, 236.989690, -0.044135, 0.999026, 0.007443
65.700000, 3695.663649, 8441.264097, 237.012016, -0.044210, 0.999022, 0.007444
65.710000, 3696.327592, 8443.539554, 237.034344, -0.044284, 0.999019, 0.007444
65.720000, 3696.991398, 8445.815285, 237.056672, -0.044359, 0.999016, 0.007444
65.730000, 3697.655066, 8448.091288, 237.078998, -0.044433, 0.999012, 0.007445
65.740000, 3698.318595, 8450.367564, 237.101328, -0.044507, 0.999009, 0.007445
65.750000, 3698.981986, 8452.644113, 237.123657, -0.044582, 0.999006, 0.007446
65.760000, 3699.645240, 8454.920935, 237.145985, -0.044656, 0.999002, 0.007446
65.770000, 3700.308354, 8457.198029, 237.168312, -0.044730, 0.998999, 0.007446
65.780000, 3700.971330, 8459.475397, 237.190642, -0.044805, 0.998996, 0.007447
65.790000, 3701.634168, 8461.753037, 237.212972, -0.044879, 0.998992, 0.007447
65.800000, 3702.296867, 8464.030950, 237.235301, -0.044954, 0.998989, 0.007447
65.810000, 3702.959428, 8466.309136, 237.257632, -0.045028, 0.998986, 0.007448
65.820000, 3703.621849, 8468.587595, 237.279963, -0.045102, 0.998982, 0.007448
65.830000, 3704.284132, 8470.866327, 237.302294, -0.045177, 0.998979, 0.007449
65.840000, 3704.946276, 8473.145332, 237.324623, -0.045251, 0.998976, 0.007449
65.850000, 3705.608281, 8475.424610, 237.346956, -0.045326, 0.998972, 0.007449
65.860000, 3706.270146, 8477.704161, 237.369287, -0.045400, 0.998969, 0.007450
65.870000, 3706.931873, 8479.983985, 237.391618, -0.045475, 0.998965, 0.007450
65.880000, 3707.593460, 8482.264081, 237.413949, -0.045549, 0.998962, 0.007451
65.890000, 3708.254908, 8484.544451, 237.436282, -0.045623, 0.998959, 0.007451
65.900000, 3708.916216, 8486.825094, 237.458614, -0.045698, 0.998955, 0.007451
65.910000, 3709.577385, 8489.106009, 237.480946, -0.045772, 0.998952, 0.007452
65.920000, 3710.238414, 8491.387198, 237.503281, -0.045847, 0.998948, 0.007452
65.930000, 3710.899303, 8493.668659, 237.525615, -0.045921, 0.998945, 0.007452
65.940000, 3711.560053, 8495.950394, 237.547948, -0.045996, 0.998942, 0.007453
65.950000, 3712.220663, 8498.232401, 237.570281, -0.046070, 0.998938, 0.007453
65.960000, 3712.881133, 8500.514682, 237.592616, -0.046145, 0.998935, 0.007453
65.970000, 3713.541463, 8502.797236, 237.614951, -0.046219, 0.998931, 0.007454
65.980000, 3714.201652, 8505.080062, 237.637285, -0.046293, 0.998928, 0.007454
65.990000, 3714.861702, 8507.363162, 237.659621, -0.046368, 0.998924, 0.007455
66.000000, 3715.521611, 8509.646535, 237.681957, -0.046442, 0.998921, 0.007455
66.010000, 3716.181380, 8511.930181, 237.704293, -0.046517, 0.998918, 0.007455
66.020000, 3716.841008, 8514.214099, 237.726628, -0.046591, 0.998914, 0.007456
66.030000, 3717.500496, 8516.498291, 237.748965, -0.046666, 0.998911, 0.007456
66.040000, 3718.159843, 8518.782756, 237.771302, -0.046740, 0.998907, 0.007456
66.050000, 3718.819049, 8521.067495, 237.793639, -0.046815, 0.998904, 0.007457
66.060000, 3719.478115, 8523.352506, 237.815978, -0.046889, 0.998900, 0.007457
66.070000, 3720.137039, 8525.637790, 237.838316, -0.046964, 0.998897, 0.007458
66.080000, 3720.795823, 8527.923348, 237.860654, -0.047038, 0.998893, 0.007458
66.090000, 3721.454466, 8530.209178, 237.882991, -0.047113, 0.998890, 0.007458
66.100000, 3722.112967, 8532.495282, 237.905331, -0.047187, 0.998886, 0.007459
66.110000, 3722.771328, 8534.781659, 237.927670, -0.047262, 0.998883, 0.007459
66.120000, 3723.429547, 8537.068309, 237.950009, -0.047336, 0.998879, 0.007459
66.130000, 3724.087624, 8539.355232, 237.972350, -0.047411, 0.998875, 0.007460
66.140000, 3724.745560, 8541.642429, 237.994691, -0.047485, 0.998872, 0.007460
66.150000, 3725.403355, 8543.929898, 238.017031, -0.047560, 0.998868, 0.007460
66.160000, 3726.061008, 8546.217641, 238.039371, -0.047634, 0.998865, 0.007461
66.170000, 3726.718519, 8548.505657, 238.061713, -0.047709, 0.998861, 0.007461
66.180000, 3727.375888, 8550.793946, 238.084055, -0.047783, 0.998858, 0.007461
66.190000, 3728.033116, 8553.082508, 238.106396, -0.047858, 0.998854, 0.007462
66.200000, 3728.690201, 8555.371344, 238.128740, -0.047932, 0.998851, 0.007462
66.210000, 3729.347144, 8557.660453, 238.151083, -0.048007, 0.998847, 0.007463
66.220000, 3730.003946, 8559.949835, 238.173425, -0.048082, 0.998843, 0.007463
66.230000, 3730.660605, 8562.239490, 238.195768, -0.048156, 0.998840, 0.007463
66.240000, 3731.317121, 8564.529419, 238.218112, -0.048231, 0.998836, 0.007464
66.250000, 3731.973496, 8566.819621, 238.240456, -0.048305, 0.998833, 0.007464
66.260000, 3732.629727, 8569.110096, 238.262800, -0.048380, 0.998829, 0.007464
66.270000, 3733.285816, 8571.400844, 238.285146, -0.048454, 0.998825, 0.007465
66.280000, 3733.941763, 8573.691866, 238.307492, -0.048529, 0.998822, 0.007465
66.290000, 3734.597567, 8575.983161, 238.329837, -0.048603, 0.998818, 0.007465
66.300000, 3735.253228, 8578.274729, 238.352181, -0.048678, 0.998815, 0.007466
66.310000, 3735.908746, 8580.566570, 238.374528, -0.048753, 0.998811, 0.007466
66.320000, 3736.564121, 8582.858685, 238.396875, -0.048827, 0.998807, 0.007466
66.330000, 3737.219353, 8585.151074, 238.419221, -0.048902, 0.998804, 0.007467
66.340000, 3737.874441, 8587.443735, 238.441570, -0.048976, 0.998800, 0.007467
66.350000, 3738.529387, 8589.736670, 238.463918, -0.049051, 0.998796, 0.007467
66.360000, 3739.184189, 8592.029878, 238.486265, -0.049125, 0.998793, 0.007468
66.370000, 3739.838848, 8594.323360, 238.508616, -0.049200, 0.998789, 0.007468
66.380000, 3740.493363, 8596.617115, 238.530965, -0.049275, 0.998785, 0.007468
66.390000, 3741.147735, 8598.911143, 238.553314, -0.049349, 0.998782, 0.007469
66.400000, 3741.801963, 8601.205445, 238.575663, -0.049424, 0.998778, 0.007469
66.410000, 3742.456047, 8603.500020, 238.598014, -0.049498, 0.998774, 0.007469
66.420000, 3743.109988, 8605.794868, 238.620365, -0.049573, 0.998770, 0.007470
66.430000, 3743.763784, 8608.089990, 238.642715, -0.049648, 0.998767, 0.007470
66.440000, 3744.417436, 8610.385386, 238.665068, -0.049722, 0.998763, 0.007470
66.450000, 3745.070945, 8612.681055, 238.687420, -0.049797, 0.998759, 0.007471
66.460000, 3745.724309, 8614.976997, 238.709772, -0.049872, 0.998756, 0.007471
66.470000, 3746.377529, 8617.273213, 238.732123, -0.049946, 0.998752, 0.007471
66.480000, 3747.030604, 8619.569702, 238.754477, -0.050021, 0.998748, 0.007472
66.490000, 3747.683536, 8621.866464, 238.776830, -0.050095, 0.998744, 0.007472
66.500000, 3748.336322, 8624.163500, 238.799183, -0.050170, 0.998741, 0.007472
66.510000, 3748.988964, 8626.460810, 238.821538, -0.050245, 0.998737, 0.007473
66.520000, 3749.641462, 8628.758393, 238.843893, -0.050319, 0.998733, 0.007473
66.530000, 3750.293814, 8631.056249, 238.866248, -0.050394, 0.998729, 0.007473
66.540000, 3750.946022, 8633.354379, 238.888605, -0.050469, 0.998726, 0.007474
66.550000, 3751.598085, 8635.652783, 238.910961, -0.050543, 0.998722, 0.007474
66.560000, 3752.250002, 8637.951460, 238.933317, -0.050618, 0.998718, 0.007474
66.570000, 3752.901775, 8640.250411, 238.955673, -0.050693, 0.998714, 0.007475
66.580000, 3753.553402, 8642.549635, 238.978031, -0.050767, 0.998711, 0.007475
66.590000, 3754.204885, 8644.849132, 239.000388, -0.050842, 0.998707, 0.007475
66.600000, 3754.856221, 8647.148904, 239.022746, -0.050917, 0.998703, 0.007476
66.610000, 3755.507413, 8649.448948, 239.045105, -0.050991, 0.998699, 0.007476
66.620000, 3756.158459, 8651.749267, 239.067464, -0.051066, 0.998695, 0.007476
66.630000, 3756.809359, 8654.049859, 239.089823, -0.051141, 0.998691, 0.007477
66.640000, 3757.460113, 8656.350724, 239.112184, -0.051215, 0.998688, 0.007477
66.650000, 3758.110722, 8658.651863, 239.134545, -0.051290, 0.998684, 0.007477
66.660000, 3758.761185, 8660.953276, 239.156906, -0.051365, 0.998680, 0.007478
66.670000, 3759.411502, 8663.254963, 239.179265, -0.051439, 0.998676, 0.007478
66.680000, 3760.061673, 8665.556922, 239.201628, -0.051514, 0.998672, 0.007478
66.690000, 3760.711697, 8667.859156, 239.223990, -0.051589, 0.998668, 0.007479
66.700000, 3761.361576, 8670.161663, 239.246351, -0.051663, 0.998665, 0.007479
66.710000, 3762.011308, 8672.464444, 239.268716, -0.051738, 0.998661, 0.007479
66.720000, 3762.660894, 8674.767499, 239.291079, -0.051813, 0.998657, 0.007480
66.730000, 3763.310333, 8677.070827, 239.313442, -0.051887, 0.998653, 0.007480
66.740000, 3763.959626, 8679.374429, 239.335808, -0.051962, 0.998649, 0.007480
66.750000, 3764.608772, 8681.678304, 239.358173, -0.052037, 0.998645, 0.007481
66.760000, 3765.257772, 8683.982454, 239.380538, -0.052111, 0.998641, 0.007481
66.770000, 3765.906625, 8686.286877, 239.402903, -0.052186, 0.998637, 0.007481
66.780000, 3766.555331, 8688.591573, 239.425270, -0.052261, 0.998633, 0.007482
66.790000, 3767.203889, 8690.896544, 239.447636, -0.052336, 0.998630, 0.007482
66.800000, 3767.852301, 8693.201788, 239.470002, -0.052410, 0.998626, 0.007482
66.810000, 3768.500566, 8695.507306, 239.492371, -0.052485, 0.998622, 0.007482
66.820000, 3769.148683, 8697.813097, 239.514739, -0.052560, 0.998618, 0.007483
66.830000, 3769.796654, 8700.119162, 239.537107, -0.052635, 0.998614, 0.007483
66.840000, 3770.444476, 8702.425502, 239.559477, -0.052709, 0.998610, 0.007483
66.850000, 3771.092152, 8704.732114, 239.581847, -0.052784, 0.998606, 0.007484
66.860000, 3771.739680, 8707.039001, 239.604216, -0.052859, 0.998602, 0.007484
66.870000, 3772.387060, 8709.346161, 239.626588, -0.052933, 0.998598, 0.007484
66.880000, 3773.034292, 8711.653596, 239.648960, -0.053008, 0.998594, 0.007485
66.890000, 3773.681377, 8713.961304, 239.671331, -0.053083, 0.998590, 0.007485
66.900000, 3774.328313, 8716.269285, 239.693702, -0.053158, 0.998586, 0.007485
66.910000, 3774.975102, 8718.577541, 239.716075, -0.053232, 0.998582, 0.007486
66.920000, 3775.621743, 8720.886070, 239.738448, -0.053307, 0.998578, 0.007486
66.930000, 3776.268235, 8723.194874, 239.760820, -0.053382, 0.998574, 0.007486
66.940000, 3776.914579, 8725.503951, 239.783195, -0.053457, 0.998570, 0.007486
66.950000, 3777.560775, 8727.813302, 239.805570, -0.053531, 0.998566, 0.007487
66.960000, 3778.206823, 8730.122927, 239.827944, -0.053606, 0.998562, 0.007487
66.970000, 3778.852722, 8732.432825, 239.850320, -0.053681, 0.998558, 0.007487
66.980000, 3779.498473, 8734.742998, 239.872697, -0.053756, 0.998554, 0.007488
66.990000, 3780.144074, 8737.053444, 239.895072, -0.053831, 0.998550, 0.007488
67.000000, 3780.789528, 8739.364165, 239.917451, -0.053905, 0.998546, 0.007488
67.010000, 3781.434832, 8741.675159, 239.939829, -0.053980, 0.998542, 0.007489
67.020000, 3782.079987, 8743.986427, 239.962206, -0.054055, 0.998538, 0.007489
67.030000, 3782.724994, 8746.297969, 239.984584, -0.054130, 0.998534, 0.007489
67.040000, 3783.369851, 8748.609785, 240.006963, -0.054204, 0.998530, 0.007489
67.050000, 3784.014559, 8750.921875, 240.029343, -0.054279, 0.998526, 0.007490
67.060000, 3784.659118, 8753.234239, 240.051722, -0.054354, 0.998522, 0.007490
67.070000, 3785.303528, 8755.546877, 240.074103, -0.054429, 0.998518, 0.007490
67.080000, 3785.947788, 8757.859789, 240.096484, -0.054504, 0.998514, 0.007491
67.090000, 3786.591898, 8760.172975, 240.118865, -0.054578, 0.998509, 0.007491
67.100000, 3787.235860, 8762.486434, 240.141248, -0.054653, 0.998505, 0.007491
67.110000, 3787.879671, 8764.800168, 240.163631, -0.054728, 0.998501, 0.007491
67.120000, 3788.523333, 8767.114176, 240.186014, -0.054803, 0.998497, 0.007492
67.130000, 3789.166844, 8769.428458, 240.208399, -0.054878, 0.998493, 0.007492
67.140000, 3789.810206, 8771.743013, 240.230783, -0.054952, 0.998489, 0.007492
67.150000, 3790.453418, 8774.057843, 240.253168, -0.055027, 0.998485, 0.007493
67.160000, 3791.096480, 8776.372947, 240.275554, -0.055102, 0.998481, 0.007493
67.170000, 3791.739392, 8778.688325, 240.297941, -0.055177, 0.998477, 0.007493
67.180000, 3792.382153, 8781.003977, 240.320327, -0.055252, 0.998472, 0.007493
67.190000, 3793.024764, 8783.319903, 240.342716, -0.055326, 0.998468, 0.007494
67.200000, 3793.667225, 8785.636103, 240.365104, -0.055401, 0.998464, 0.007494
67.210000, 3794.309535, 8787.952577, 240.387492, -0.055476, 0.998460, 0.007494
67.220000, 3794.951695, 8790.269325, 240.409879, -0.055551, 0.998456, 0.007495
67.230000, 3795.593703, 8792.586347, 240.432269, -0.055626, 0.998452, 0.007495
67.240000, 3796.235561, 8794.903644, 240.454659, -0.055701, 0.998448, 0.007495
67.250000, 3796.877269, 8797.221214, 240.477048, -0.055775, 0.998443, 0.007495
67.260000, 3797.518825, 8799.539059, 240.499440, -0.055850, 0.998439, 0.007496
67.270000, 3798.160230, 8801.857177, 240.521832, -0.055925, 0.998435, 0.007496
67.280000, 3798.801484, 8804.175570, 240.544223, -0.056000, 0.998431, 0.007496
67.290000, 3799.442587, 8806.494237, 240.566616, -0.056075, 0.998427, 0.007497
67.300000, 3800.083539, 8808.813178, 240.589010, -0.056150, 0.998422, 0.007497
67.310000, 3800.724340, 8811.132394, 240.611403, -0.056225, 0.998418, 0.007497
67.320000, 3801.364988, 8813.451883, 240.633798, -0.056299, 0.998414, 0.007497
67.330000, 3802.005486, 8815.771647, 240.656193, -0.056374, 0.998410, 0.007498
67.340000, 3802.645832, 8818.091685, 240.678588, -0.056449, 0.998405, 0.007498
67.350000, 3803.286026, 8820.411997, 240.700986, -0.056524, 0.998401, 0.007498
67.360000, 3803.926068, 8822.732583, 240.723383, -0.056599, 0.998397, 0.007499
67.370000, 3804.565959, 8825.053443, 240.745779, -0.056674, 0.998393, 0.007499
67.380000, 3805.205697, 8827.374578, 240.768178, -0.056749, 0.998388, 0.007499
67.390000, 3805.845284, 8829.695987, 240.790577, -0.056823, 0.998384, 0.007499
67.400000, 3806.484718, 8832.017670, 240.812976, -0.056898, 0.998380, 0.007500
67.410000, 3807.124000, 8834.339627, 240.835377, -0.056973, 0.998376, 0.007500
67.420000, 3807.763130, 8836.661859, 240.857778, -0.057048, 0.998371, 0.007500
67.430000, 3808.402108, 8838.984365, 240.880178, -0.057123, 0.998367, 0.007500
67.440000, 3809.040933, 8841.307145, 240.902578, -0.057198, 0.998363, 0.007501
67.450000, 3809.679605, 8843.630200, 240.924981, -0.057273, 0.998359, 0.007501
67.460000, 3810.318125, 8845.953528, 240.947383, -0.057348, 0.998354, 0.007501
67.470000, 3810.956492, 8848.277131, 240.969785, -0.057423, 0.998350, 0.007502
67.480000, 3811.594707, 8850.601009, 240.992190, -0.057497, 0.998346, 0.007502
67.490000, 3812.232768, 8852.925160, 241.014594, -0.057572, 0.998341, 0.007502
67.500000, 3812.870677, 8855.249586, 241.036998, -0.057647, 0.998337, 0.007502
67.510000, 3813.508433, 8857.574287, 241.059404, -0.057722, 0.998333, 0.007503
67.520000, 3814.146035, 8859.899261, 241.081810, -0.057797, 0.998328, 0.007503
67.530000, 3814.783484, 8862.224510, 241.104216, -0.057872, 0.998324, 0.007503
67.540000, 3815.420780, 8864.550034, 241.126624, -0.057947, 0.998320, 0.007503
67.550000, 3816.057923, 8866.875831, 241.149032, -0.058022, 0.998315, 0.007504
67.560000, 3816.694912, 8869.201903, 241.171440, -0.058097, 0.998311, 0.007504
67.570000, 3817.331747, 8871.528250, 241.193850, -0.058172, 0.998307, 0.007504
67.580000, 3817.968429, 8873.854871, 241.216260, -0.058246, 0.998302, 0.007504
67.590000, 3818.604957, 8876.181766, 241.238670, -0.058321, 0.998298, 0.007505
67.600000, 3819.241332, 8878.508936, 241.261082, -0.058396, 0.998293, 0.007505
67.610000, 3819.877552, 8880.836380, 241.283494, -0.058471, 0.998289, 0.007505
67.620000, 3820.513619, 8883.164098, 241.305906, -0.058546, 0.998285, 0.007505
67.630000, 3821.149531, 8885.492091, 241.328320, -0.058621, 0.998280, 0.007506
67.640000, 3821.785289, 8887.820359, 241.350734, -0.058696, 0.998276, 0.007506
67.650000, 3822.420894, 8890.148900, 241.373147, -0.058771, 0.998271, 0.007506
67.660000, 3823.056343, 8892.477717, 241.395563, -0.058846, 0.998267, 0.007506
67.670000, 3823.691639, 8894.806807, 241.417979, -0.058921, 0.998263, 0.007507
67.680000, 3824.326780, 8897.136173, 241.440394, -0.058996, 0.998258, 0.007507
67.690000, 3824.961766, 8899.465812, 241.462813, -0.059071, 0.998254, 0.007507
67.700000, 3825.596598, 8901.795727, 241.485230, -0.059146, 0.998249, 0.007507
67.710000, 3826.231275, 8904.125915, 241.507648, -0.059221, 0.998245, 0.007508
67.720000, 3826.865797, 8906.456379, 241.530068, -0.059296, 0.998240, 0.007508
67.730000, 3827.500164, 8908.787116, 241.552488, -0.059371, 0.998236, 0.007508
67.740000, 3828.134376, 8911.118129, 241.574907, -0.059445, 0.998232, 0.007508
67.750000, 3828.768433, 8913.449416, 241.597329, -0.059520, 0.998227, 0.007509
67.760000, 3829.402336, 8915.780977, 241.619751, -0.059595, 0.998223, 0.007509
67.770000, 3830.036082, 8918.112813, 241.642172, -0.059670, 0.998218, 0.007509
67.780000, 3830.669674, 8920.444924, 241.664596, -0.059745, 0.998214, 0.007509
67.790000, 3831.303110, 8922.777309, 241.687020, -0.059820, 0.998209, 0.007510
67.800000, 3831.936390, 8925.109968, 241.709443, -0.059895, 0.998205, 0.007510
67.810000, 3832.569515, 8927.442903, 241.731869, -0.059970, 0.998200, 0.007510
67.820000, 3833.202485, 8929.776112, 241.754295, -0.060045, 0.998196, 0.007510
67.830000, 3833.835298, 8932.109595, 241.776721, -0.060120, 0.998191, 0.007511
67.840000, 3834.467956, 8934.443353, 241.799149, -0.060195, 0.998187, 0.007511
67.850000, 3835.100458, 8936.777386, 241.821576, -0.060270, 0.998182, 0.007511
67.860000, 3835.732804, 8939.111693, 241.844004, -0.060345, 0.998178, 0.007511
67.870000, 3836.364994, 8941.446275, 241.866434, -0.060420, 0.998173, 0.007512
67.880000, 3836.997027, 8943.781132, 241.888864, -0.060495, 0.998168, 0.007512
67.890000, 3837.628905, 8946.116263, 241.911293, -0.060570, 0.998164, 0.007512
67.900000, 3838.260626, 8948.451669, 241.933725, -0.060645, 0.998159, 0.007512
67.910000, 3838.892190, 8950.787350, 241.956157, -0.060720, 0.998155, 0.007513
67.920000, 3839.523599, 8953.123305, 241.978589, -0.060795, 0.998150, 0.007513
67.930000, 3840.154850, 8955.459535, 242.001023, -0.060870, 0.998146, 0.007513
67.940000, 3840.785945, 8957.796040, 242.023457, -0.060945, 0.998141, 0.007513
67.950000, 3841.416883, 8960.132820, 242.045890, -0.061020, 0.998137, 0.007514
67.960000, 3842.047664, 8962.469874, 242.068327, -0.061095, 0.998132, 0.007514
67.970000, 3842.678289, 8964.807203, 242.090763, -0.061170, 0.998127, 0.007514
67.980000, 3843.308756, 8967.144807, 242.113198, -0.061245, 0.998123, 0.007514
67.990000, 3843.939066, 8969.482685, 242.135636, -0.061320, 0.998118, 0.007514
68.000000, 3844.569219, 8971.820838, 242.158075, -0.061395, 0.998114, 0.007515
68.010000, 3845.199215, 8974.159266, 242.180512, -0.061470, 0.998109, 0.007515
68.020000, 3845.829053, 8976.497969, 242.202953, -0.061545, 0.998104, 0.007515
68.030000, 3846.458734, 8978.836947, 242.225393, -0.061620, 0.998100, 0.007515
68.040000, 3847.088258, 8981.176199, 242.247833, -0.061695, 0.998095, 0.007516
68.050000, 3847.717624, 8983.515726, 242.270275, -0.061770, 0.998090, 0.007516
68.060000, 3848.346832, 8985.855528, 242.292717, -0.061845, 0.998086, 0.007516
68.070000, 3848.975883, 8988.195605, 242.315159, -0.061920, 0.998081, 0.007516
68.080000, 3849.604775, 8990.535956, 242.337604, -0.061995, 0.998076, 0.007517
68.090000, 3850.233510, 8992.876583, 242.360048, -0.062070, 0.998072, 0.007517
68.100000, 3850.862086, 8995.217484, 242.382492, -0.062145, 0.998067, 0.007517
68.110000, 3851.490505, 8997.558660, 242.404939, -0.062220, 0.998062, 0.007517
68.120000, 3852.118765, 8999.900111, 242.427385, -0.062295, 0.998058, 0.007517
68.130000, 3852.746867, 9002.241837, 242.449831, -0.062370, 0.998053, 0.007518
68.140000, 3853.374811, 9004.583838, 242.472280, -0.062445, 0.998048, 0.007518
68.150000, 3854.002596, 9006.926113, 242.494728, -0.062520, 0.998044, 0.007518
68.160000, 3854.630223, 9009.268664, 242.517177, -0.062595, 0.998039, 0.007518
68.170000, 3855.257691, 9011.611489, 242.539628, -0.062670, 0.998034, 0.007519
68.180000, 3855.885000, 9013.954589, 242.562078, -0.062745, 0.998030, 0.007519
68.190000, 3856.512151, 9016.297965, 242.584529, -0.062820, 0.998025, 0.007519
68.200000, 3857.139143, 9018.641615, 242.606982, -0.062895, 0.998020, 0.007519
68.210000, 3857.765975, 9020.985540, 242.629434, -0.062971, 0.998015, 0.007519
68.220000, 3858.392649, 9023.329740, 242.651887, -0.063046, 0.998011, 0.007520
68.230000, 3859.019164, 9025.674215, 242.674342, -0.063121, 0.998006, 0.007520
68.240000, 3859.645519, 9028.018965, 242.696797, -0.063196, 0.998001, 0.007520
68.250000, 3860.271715, 9030.363990, 242.719255, -0.063271, 0.997996, 0.007520
68.260000, 3860.897752, 9032.709290, 242.741712, -0.063346, 0.997992, 0.007520
68.270000, 3861.523629, 9035.054865, 242.764169, -0.063421, 0.997987, 0.007521
68.280000, 3862.149347, 9037.400715, 242.786629, -0.063496, 0.997982, 0.007521
68.290000, 3862.774905, 9039.746840, 242.809088, -0.063571, 0.997977, 0.007521
68.300000, 3863.400304, 9042.093240, 242.831548, -0.063646, 0.997973, 0.007521
68.310000, 3864.025542, 9044.439915, 242.854010, -0.063721, 0.997968, 0.007522
68.320000, 3864.650621, 9046.786865, 242.876471, -0.063796, 0.997963, 0.007522
68.330000, 3865.275540, 9049.134090, 242.898933, -0.063871, 0.997958, 0.007522
68.340000, 3865.900299, 9051.481590, 242.921397, -0.063946, 0.997953, 0.007522
68.350000, 3866.524897, 9053.829365, 242.943861, -0.064021, 0.997949, 0.007522
68.360000, 3867.149336, 9056.177416, 242.966325, -0.064096, 0.997944, 0.007523
68.370000, 3867.773614, 9058.525741, 242.988791, -0.064171, 0.997939, 0.007523
68.380000, 3868.397731, 9060.874341, 243.011257, -0.064247, 0.997934, 0.007523
68.390000, 3869.021689, 9063.223217, 243.033723, -0.064322, 0.997929, 0.007523
68.400000, 3869.645485, 9065.572368, 243.056191, -0.064397, 0.997924, 0.007523
68.410000, 3870.269121, 9067.921794, 243.078660, -0.064472, 0.997920, 0.007524
68.420000, 3870.892597, 9070.271494, 243.101128, -0.064547, 0.997915, 0.007524
68.430000, 3871.515911, 9072.621470, 243.123599, -0.064622, 0.997910, 0.007524
68.440000, 3872.139065, 9074.971722, 243.146069, -0.064697, 0.997905, 0.007524
68.450000, 3872.762057, 9077.322248, 243.168539, -0.064772, 0.997900, 0.007524
68.460000, 3873.384889, 9079.673050, 243.191012, -0.064847, 0.997895, 0.007525
68.470000, 3874.007559, 9082.024126, 243.213485, -0.064922, 0.997890, 0.007525
68.480000, 3874.630068, 9084.375478, 243.235961, -0.064997, 0.997885, 0.007525
68.490000, 3875.252416, 9086.727105, 243.258436, -0.065072, 0.997881, 0.007525
68.500000, 3875.874603, 9089.079007, 243.280911, -0.065148, 0.997876, 0.007525
68.510000, 3876.496628, 9091.431185, 243.303388, -0.065223, 0.997871, 0.007526
68.520000, 3877.118491, 9093.783637, 243.325866, -0.065298, 0.997866, 0.007526
68.530000, 3877.740193, 9096.136365, 243.348343, -0.065373, 0.997861, 0.007526
68.540000, 3878.361733, 9098.489369, 243.370823, -0.065448, 0.997856, 0.007526
68.550000, 3878.983111, 9100.842647, 243.393303, -0.065523, 0.997851, 0.007526
68.560000, 3879.604327, 9103.196201, 243.415782, -0.065598, 0.997846, 0.007527
68.570000, 3880.225382, 9105.550029, 243.438265, -0.065673, 0.997841, 0.007527
68.580000, 3880.846274, 9107.904134, 243.460747, -0.065748, 0.997836, 0.007527
68.590000, 3881.467004, 9110.258513, 243.483228, -0.065823, 0.997831, 0.007527
68.600000, 3882.087572, 9112.613168, 243.505713, -0.065899, 0.997826, 0.007527
68.610000, 3882.707977, 9114.968098, 243.528197, -0.065974, 0.997821, 0.007528
68.620000, 3883.328220, 9117.323303, 243.550681, -0.066049, 0.997816, 0.007528
68.630000, 3883.948301, 9119.678784, 243.573168, -0.066124, 0.997811, 0.007528
68.640000, 3884.568219, 9122.034539, 243.595654, -0.066199, 0.997806, 0.007528
68.650000, 3885.187974, 9124.390571, 243.618144, -0.066274, 0.997801, 0.007528
68.660000, 3885.807567, 9126.746877, 243.640633, -0.066349, 0.997796, 0.007528
68.670000, 3886.426997, 9129.103459, 243.663122, -0.066424, 0.997791, 0.007529
68.680000, 3887.046264, 9131.460317, 243.685613, -0.066500, 0.997786, 0.007529
68.690000, 3887.665367, 9133.817449, 243.708105, -0.066575, 0.997781, 0.007529
68.700000, 3888.284308, 9136.174857, 243.730596, -0.066650, 0.997776, 0.007529
68.710000, 3888.903086, 9138.532541, 243.753090, -0.066725, 0.997771, 0.007529
68.720000, 3889.521700, 9140.890500, 243.775583, -0.066800, 0.997766, 0.007530
68.730000, 3890.140151, 9143.248734, 243.798077, -0.066875, 0.997761, 0.007530
68.740000, 3890.758439, 9145.607243, 243.820573, -0.066950, 0.997756, 0.007530
68.750000, 3891.376563, 9147.966028, 243.843069, -0.067025, 0.997751, 0.007530
68.760000, 3891.994523, 9150.325089, 243.865565, -0.067101, 0.997746, 0.007530
68.770000, 3892.612320, 9152.684425, 243.888063, -0.067176, 0.997741, 0.007530
68.780000, 3893.229953, 9155.044036, 243.910562, -0.067251, 0.997736, 0.007531
68.790000, 3893.847422, 9157.403923, 243.933063, -0.067326, 0.997731, 0.007531
68.800000, 3894.464727, 9159.764085, 243.955564, -0.067401, 0.997726, 0.007531
68.810000, 3895.081869, 9162.124523, 243.978064, -0.067476, 0.997721, 0.007531
68.820000, 3895.698846, 9164.485236, 244.000568, -0.067551, 0.997716, 0.007531
68.830000, 3896.315659, 9166.846225, 244.023071, -0.067627, 0.997711, 0.007532
68.840000, 3896.932307, 9169.207489, 244.045574, -0.067702, 0.997706, 0.007532
68.850000, 3897.548792, 9171.569029, 244.068080, -0.067777, 0.997701, 0.007532
68.860000, 3898.165111, 9173.930844, 244.090585, -0.067852, 0.997695, 0.007532
68.870000, 3898.781267, 9176.292935, 244.113091, -0.067927, 0.997690, 0.007532
68.880000, 3899.397258, 9178.655301, 244.135599, -0.068002, 0.997685, 0.007532
68.890000, 3900.013084, 9181.017943, 244.158107, -0.068077, 0.997680, 0.007533
68.900000, 3900.628745, 9183.380860, 244.180618, -0.068153, 0.997675, 0.007533
68.910000, 3901.244241, 9185.744053, 244.203128, -0.068228, 0.997670, 0.007533
68.920000, 3901.859573, 9188.107522, 244.225639, -0.068303, 0.997665, 0.007533
68.930000, 3902.474739, 9190.471266, 244.248152, -0.068378, 0.997659, 0.007533
68.940000, 3903.089741, 9192.835286, 244.270665, -0.068453, 0.997654, 0.007533
68.950000, 3903.704577, 9195.199581, 244.293177, -0.068528, 0.997649, 0.007534
68.960000, 3904.319248, 9197.564152, 244.315693, -0.068604, 0.997644, 0.007534
68.970000, 3904.933753, 9199.928998, 244.338208, -0.068679, 0.997639, 0.007534
68.980000, 3905.548093, 9202.294120, 244.360723, -0.068754, 0.997634, 0.007534
68.990000, 3906.162268, 9204.659518, 244.383241, -0.068829, 0.997628, 0.007534
69.000000, 3906.776277, 9207.025191, 244.405759, -0.068904, 0.997623, 0.007534
69.010000, 3907.390120, 9209.391141, 244.428279, -0.068979, 0.997618, 0.007535
69.020000, 3908.003797, 9211.757365, 244.450800, -0.069055, 0.997613, 0.007535
69.030000, 3908.617309, 9214.123866, 244.473320, -0.069130, 0.997608, 0.007535
69.040000, 3909.230654, 9216.490642, 244.495843, -0.069205, 0.997602, 0.007535
69.050000, 3909.843834, 9218.857693, 244.518365, -0.069280, 0.997597, 0.007535
69.060000, 3910.456847, 9221.225021, 244.540888, -0.069355, 0.997592, 0.007535
69.070000, 3911.069694, 9223.592624, 244.563413, -0.069430, 0.997587, 0.007536
69.080000, 3911.682375, 9225.960503, 244.585938, -0.069506, 0.997582, 0.007536
69.090000, 3912.294890, 9228.328657, 244.608463, -0.069581, 0.997576, 0.007536
69.100000, 3912.907238, 9230.697088, 244.630991, -0.069656, 0.997571, 0.007536
69.110000, 3913.519420, 9233.065794, 244.653519, -0.069731, 0.997566, 0.007536
69.120000, 3914.131434, 9235.434775, 244.676049, -0.069806, 0.997561, 0.007536
69.130000, 3914.743283, 9237.804033, 244.698579, -0.069881, 0.997555, 0.007536
69.140000, 3915.354964, 9240.173566, 244.721109, -0.069957, 0.997550, 0.007537
69.150000, 3915.966478, 9242.543375, 244.743642, -0.070032, 0.997545, 0.007537
69.160000, 3916.577826, 9244.913460, 244.766175, -0.070107, 0.997539, 0.007537
69.170000, 3917.189006, 9247.283821, 244.788707, -0.070182, 0.997534, 0.007537
69.180000, 3917.800020, 9249.654457, 244.811243, -0.070257, 0.997529, 0.007537
69.190000, 3918.410866, 9252.025370, 244.833778, -0.070333, 0.997524, 0.007537
69.200000, 3919.021545, 9254.396558, 244.856316, -0.070408, 0.997518, 0.007538
69.210000, 3919.632056, 9256.768022, 244.878854, -0.070483, 0.997513, 0.007538
69.220000, 3920.242400, 9259.139761, 244.901391, -0.070558, 0.997508, 0.007538
69.230000, 3920.852576, 9261.511777, 244.923932, -0.070633, 0.997502, 0.007538
69.240000, 3921.462585, 9263.884068, 244.946472, -0.070708, 0.997497, 0.007538
69.250000, 3922.072426, 9266.256636, 244.969012, -0.070784, 0.997492, 0.007538
69.260000, 3922.682099, 9268.629479, 244.991555, -0.070859, 0.997486, 0.007538
69.270000, 3923.291605, 9271.002598, 245.014098, -0.070934, 0.997481, 0.007539
69.280000, 3923.900942, 9273.375993, 245.036643, -0.071009, 0.997476, 0.007539
69.290000, 3924.510111, 9275.749664, 245.059189, -0.071084, 0.997470, 0.007539
69.300000, 3925.119112, 9278.123611, 245.081734, -0.071160, 0.997465, 0.007539
69.310000, 3925.727945, 9280.497833, 245.104282, -0.071235, 0.997460, 0.007539
69.320000, 3926.336610, 9282.872332, 245.126830, -0.071310, 0.997454, 0.007539
69.330000, 3926.945106, 9285.247106, 245.149378, -0.071385, 0.997449, 0.007539
69.340000, 3927.553434, 9287.622157, 245.171928, -0.071460, 0.997443, 0.007540
69.350000, 3928.161593, 9289.997483, 245.194479, -0.071536, 0.997438, 0.007540
69.360000, 3928.769583, 9292.373086, 245.217029, -0.071611, 0.997433, 0.007540
69.370000, 3929.377405, 9294.748964, 245.239582, -0.071686, 0.997427, 0.007540
69.380000, 3929.985058, 9297.125119, 245.262135, -0.071761, 0.997422, 0.007540
69.390000, 3930.592542, 9299.501549, 245.284691, -0.071837, 0.997416, 0.007540
69.400000, 3931.199857, 9301.878255, 245.307247, -0.071912, 0.997411, 0.007540
69.410000, 3931.807003, 9304.255238, 245.329802, -0.071987, 0.997406, 0.007541
69.420000, 3932.413979, 9306.632496, 245.352361, -0.072062, 0.997400, 0.007541
69.430000, 3933.020787, 9309.010030, 245.374919, -0.072137, 0.997395, 0.007541
69.440000, 3933.627425, 9311.387841, 245.397480, -0.072213, 0.997389, 0.007541
69.450000, 3934.233894, 9313.765927, 245.420041, -0.072288, 0.997384, 0.007541
69.460000, 3934.840193, 9316.144290, 245.442602, -0.072363, 0.997378, 0.007541
69.470000, 3935.446323, 9318.522928, 245.465165, -0.072438, 0.997373, 0.007541
69.480000, 3936.052283, 9320.901843, 245.487729, -0.072513, 0.997367, 0.007541
69.490000, 3936.658073, 9323.281034, 245.510292, -0.072589, 0.997362, 0.007542
69.500000, 3937.263693, 9325.660501, 245.532858, -0.072664, 0.997356, 0.007542
69.510000, 3937.869144, 9328.040244, 245.555424, -0.072739, 0.997351, 0.007542
69.520000, 3938.474424, 9330.420263, 245.577993, -0.072814, 0.997346, 0.007542
69.530000, 3939.079535, 9332.800558, 245.600562, -0.072890, 0.997340, 0.007542
69.540000, 3939.684475, 9335.181129, 245.623130, -0.072965, 0.997335, 0.007542
69.550000, 3940.289245, 9337.561976, 245.645702, -0.073040, 0.997329, 0.007542
69.560000, 3940.893844, 9339.943100, 245.668273, -0.073115, 0.997324, 0.007543
69.570000, 3941.498273, 9342.324500, 245.690844, -0.073190, 0.997318, 0.007543
69.580000, 3942.102532, 9344.706175, 245.713419, -0.073266, 0.997312, 0.007543
69.590000, 3942.706620, 9347.088127, 245.735992, -0.073341, 0.997307, 0.007543
69.600000, 3943.310538, 9349.470356, 245.758569, -0.073416, 0.997301, 0.007543
69.610000, 3943.914284, 9351.852860, 245.781146, -0.073491, 0.997296, 0.007543
69.620000, 3944.517860, 9354.235641, 245.803722, -0.073567, 0.997290, 0.007543
69.630000, 3945.121265, 9356.618697, 245.826302, -0.073642, 0.997285, 0.007543
69.640000, 3945.724499, 9359.002030, 245.848881, -0.073717, 0.997279, 0.007544
69.650000, 3946.327561, 9361.385640, 245.871463, -0.073792, 0.997274, 0.007544
69.660000, 3946.930453, 9363.769525, 245.894045, -0.073867, 0.997268, 0.007544
69.670000, 3947.533173, 9366.153687, 245.916627, -0.073943, 0.997262, 0.007544
69.680000, 3948.135722, 9368.538125, 245.939212, -0.074018, 0.997257, 0.007544
69.690000, 3948.738100, 9370.922839, 245.961797, -0.074093, 0.997251, 0.007544
69.700000, 3949.340306, 9373.307829, 245.984381, -0.074168, 0.997246, 0.007544
69.710000, 3949.942340, 9375.693096, 246.006969, -0.074244, 0.997240, 0.007544
69.720000, 3950.544203, 9378.078639, 246.029556, -0.074319, 0.997235, 0.007544
69.730000, 3951.145894, 9380.464459, 246.052146, -0.074394, 0.997229, 0.007545
69.740000, 3951.747413, 9382.850554, 246.074736, -0.074469, 0.997223, 0.007545
69.750000, 3952.348760, 9385.236926, 246.097326, -0.074545, 0.997218, 0.007545
69.760000, 3952.949935, 9387.623574, 246.119919, -0.074620, 0.997212, 0.007545
69.770000, 3953.550938, 9390.010499, 246.142512, -0.074695, 0.997206, 0.007545
69.780000, 3954.151768, 9392.397700, 246.165107, -0.074770, 0.997201, 0.007545
69.790000, 3954.752427, 9394.785177, 246.187703, -0.074846, 0.997195, 0.007545
69.800000, 3955.352913, 9397.172931, 246.210298, -0.074921, 0.997189, 0.007545
69.810000, 3955.953227, 9399.560961, 246.232896, -0.074996, 0.997184, 0.007545
69.820000, 3956.553368, 9401.949267, 246.255494, -0.075071, 0.997178, 0.007546
69.830000, 3957.153336, 9404.337850, 246.278092, -0.075147, 0.997173, 0.007546
69.840000, 3957.753132, 9406.726709, 246.300693, -0.075222, 0.997167, 0.007546
69.850000, 3958.352755, 9409.115845, 246.323294, -0.075297, 0.997161, 0.007546
69.860000, 3958.952205, 9411.505257, 246.345898, -0.075372, 0.997155, 0.007546
69.870000, 3959.551482, 9413.894945, 246.368502, -0.075447, 0.997150, 0.007546
69.880000, 3960.150586, 9416.284910, 246.391105, -0.075523, 0.997144, 0.007546
69.890000, 3960.749517, 9418.675151, 246.413711, -0.075598, 0.997138, 0.007546
69.900000, 3961.348275, 9421.065669, 246.436318, -0.075673, 0.997133, 0.007546
69.910000, 3961.946860, 9423.456463, 246.458927, -0.075748, 0.997127, 0.007547
69.920000, 3962.545271, 9425.847534, 246.481536, -0.075824, 0.997121, 0.007547
69.930000, 3963.143509, 9428.238881, 246.504145, -0.075899, 0.997116, 0.007547
69.940000, 3963.741573, 9430.630505, 246.526757, -0.075974, 0.997110, 0.007547
69.950000, 3964.339463, 9433.022405, 246.549369, -0.076049, 0.997104, 0.007547
69.960000, 3964.937180, 9435.414582, 246.571984, -0.076125, 0.997098, 0.007547
69.970000, 3965.534723, 9437.807035, 246.594598, -0.076200, 0.997093, 0.007547
69.980000, 3966.132092, 9440.199764, 246.617213, -0.076275, 0.997087, 0.007547
69.990000, 3966.729287, 9442.592770, 246.639830, -0.076350, 0.997081, 0.007547
70.000000, 3967.326308, 9444.986053, 246.662448, -0.076426, 0.997075, 0.007547
70.010000, 3967.923155, 9447.379612, 246.685065, -0.076501, 0.997070, 0.007548
70.020000, 3968.519828, 9449.773448, 246.707685, -0.076576, 0.997064, 0.007548
70.030000, 3969.116326, 9452.167561, 246.730305, -0.076652, 0.997058, 0.007548
70.040000, 3969.712650, 9454.561950, 246.752928, -0.076727, 0.997052, 0.007548
70.050000, 3970.308800, 9456.956615, 246.775551, -0.076802, 0.997046, 0.007548
70.060000, 3970.904775, 9459.351557, 246.798174, -0.076877, 0.997041, 0.007548
70.070000, 3971.500575, 9461.746776, 246.820800, -0.076953, 0.997035, 0.007548
70.080000, 3972.096201, 9464.142271, 246.843426, -0.077028, 0.997029, 0.007548
70.090000, 3972.691652, 9466.538043, 246.866054, -0.077103, 0.997023, 0.007548
70.100000, 3973.286927, 9468.934092, 246.888683, -0.077178, 0.997017, 0.007548
70.110000, 3973.882028, 9471.330417, 246.911311, -0.077254, 0.997011, 0.007548
70.120000, 3974.476954, 9473.727019, 246.933943, -0.077329, 0.997006, 0.007549
70.130000, 3975.071705, 9476.123897, 246.956574, -0.077404, 0.997000, 0.007549
70.140000, 3975.666280, 9478.521052, 246.979208, -0.077479, 0.996994, 0.007549
70.150000, 3976.260681, 9480.918484, 247.001842, -0.077555, 0.996988, 0.007549
70.160000, 3976.854905, 9483.316193, 247.024477, -0.077630, 0.996982, 0.007549
70.170000, 3977.448955, 9485.714178, 247.047114, -0.077705, 0.996976, 0.007549
70.180000, 3978.042828, 9488.112440, 247.069751, -0.077780, 0.996971, 0.007549
70.190000, 3978.636526, 9490.510979, 247.092390, -0.077856, 0.996965, 0.007549
70.200000, 3979.230049, 9492.909794, 247.115030, -0.077931, 0.996959, 0.007549
70.210000, 3979.823395, 9495.308886, 247.137670, -0.078006, 0.996953, 0.007549
70.220000, 3980.416566, 9497.708255, 247.160313, -0.078081, 0.996947, 0.007549
70.230000, 3981.009560, 9500.107900, 247.182955, -0.078157, 0.996941, 0.007549
70.240000, 3981.602379, 9502.507823, 247.205601, -0.078232, 0.996935, 0.007550
70.250000, 3982.195021, 9504.908022, 247.228246, -0.078307, 0.996929, 0.007550
70.260000, 3982.787487, 9507.308498, 247.250892, -0.078383, 0.996923, 0.007550
70.270000, 3983.379777, 9509.709250, 247.273540, -0.078458, 0.996917, 0.007550
70.280000, 3983.971891, 9512.110280, 247.296189, -0.078533, 0.996912, 0.007550
70.290000, 3984.563828, 9514.511586, 247.318840, -0.078608, 0.996906, 0.007550
70.300000, 3985.155588, 9516.913169, 247.341491, -0.078684, 0.996900, 0.007550
70.310000, 3985.747172, 9519.315029, 247.364142, -0.078759, 0.996894, 0.007550
70.320000, 3986.338578, 9521.717165, 247.386796, -0.078834, 0.996888, 0.007550
70.330000, 3986.929808, 9524.119579, 247.409450, -0.078909, 0.996882, 0.007550
70.340000, 3987.520862, 9526.522269, 247.432107, -0.078985, 0.996876, 0.007550
70.350000, 3988.111738, 9528.925236, 247.454764, -0.079060, 0.996870, 0.007550
70.360000, 3988.702437, 9531.328480, 247.477421, -0.079135, 0.996864, 0.007550
70.370000, 3989.292959, 9533.732001, 247.500081, -0.079210, 0.996858, 0.007551
70.380000, 3989.883303, 9536.135799, 247.522741, -0.079286, 0.996852, 0.007551
70.390000, 3990.473471, 9538.539874, 247.545403, -0.079361, 0.996846, 0.007551
70.400000, 3991.063460, 9540.944226, 247.568066, -0.079436, 0.996840, 0.007551
70.410000, 3991.653273, 9543.348854, 247.590729, -0.079512, 0.996834, 0.007551
70.420000, 3992.242908, 9545.753760, 247.613394, -0.079587, 0.996828, 0.007551
70.430000, 3992.832365, 9548.158942, 247.636060, -0.079662, 0.996822, 0.007551
70.440000, 3993.421644, 9550.564401, 247.658728, -0.079737, 0.996816, 0.007551
70.450000, 3994.010745, 9552.970137, 247.681397, -0.079813, 0.996810, 0.007551
70.460000, 3994.599669, 9555.376151, 247.704065, -0.079888, 0.996804, 0.007551
70.470000, 3995.188415, 9557.782441, 247.726737, -0.079963, 0.996798, 0.007551
70.480000, 3995.776982, 9560.189008, 247.749408, -0.080038, 0.996792, 0.007551
70.490000, 3996.365371, 9562.595852, 247.772082, -0.080114, 0.996786, 0.007551
70.500000, 3996.953582, 9565.002973, 247.794757, -0.080189, 0.996780, 0.007551
70.510000, 3997.541615, 9567.410371, 247.817434, -0.080264, 0.996774, 0.007552
70.520000, 3998.129469, 9569.818046, 247.840111, -0.080340, 0.996768, 0.007552
70.530000, 3998.717145, 9572.225998, 247.862788, -0.080415, 0.996761, 0.007552
70.540000, 3999.304642, 9574.634228, 247.885469, -0.080490, 0.996755, 0.007552
70.550000, 3999.891960, 9577.042734, 247.908149, -0.080565, 0.996749, 0.007552
70.560000, 4000.479100, 9579.451517, 247.930832, -0.080641, 0.996743, 0.007552
70.570000, 4001.066061, 9581.860577, 247.953515, -0.080716, 0.996737, 0.007552
70.580000, 4001.652843, 9584.269915, 247.976198, -0.080791, 0.996731, 0.007552
70.590000, 4002.239445, 9586.679529, 247.998884, -0.080866, 0.996725, 0.007552
70.600000, 4002.825869, 9589.089421, 248.021570, -0.080942, 0.996719, 0.007552
70.610000, 4003.412114, 9591.499589, 248.044259, -0.081017, 0.996713, 0.007552
70.620000, 4003.998179, 9593.910035, 248.066948, -0.081092, 0.996707, 0.007552
70.630000, 4004.584065, 9596.320758, 248.089637, -0.081168, 0.996700, 0.007552
70.640000, 4005.169771, 9598.731758, 248.112329, -0.081243, 0.996694, 0.007552
70.650000, 4005.755298, 9601.143035, 248.135021, -0.081318, 0.996688, 0.007552
70.660000, 4006.340646, 9603.554589, 248.157715, -0.081393, 0.996682, 0.007552
70.670000, 4006.925813, 9605.966420, 248.180410, -0.081469, 0.996676, 0.007552
70.680000, 4007.510801, 9608.378529, 248.203105, -0.081544, 0.996670, 0.007552
70.690000, 4008.095609, 9610.790915, 248.225803, -0.081619, 0.996664, 0.007553
70.700000, 4008.680237, 9613.203577, 248.248501, -0.081694, 0.996657, 0.007553
70.710000, 4009.264685, 9615.616517, 248.271202, -0.081770, 0.996651, 0.007553
70.720000, 4009.848953, 9618.029735, 248.293902, -0.081845, 0.996645, 0.007553
70.730000, 4010.433040, 9620.443229, 248.316606, -0.081920, 0.996639, 0.007553
70.740000, 4011.016948, 9622.857001, 248.339310, -0.081996, 0.996633, 0.007553
70.750000, 4011.600675, 9625.271049, 248.362014, -0.082071, 0.996627, 0.007553
70.760000, 4012.184221, 9627.685376, 248.384720, -0.082146, 0.996620, 0.007553
70.770000, 4012.767587, 9630.099979, 248.407427, -0.082221, 0.996614, 0.007553
70.780000, 4013.350773, 9632.514859, 248.430137, -0.082297, 0.996608, 0.007553
70.790000, 4013.933777, 9634.930017, 248.452847, -0.082372, 0.996602, 0.007553
70.800000, 4014.516601, 9637.345452, 248.475556, -0.082447, 0.996595, 0.007553
70.810000, 4015.099244, 9639.761165, 248.498269, -0.082522, 0.996589, 0.007553
70.820000, 4015.681706, 9642.177154, 248.520982, -0.082598, 0.996583, 0.007553
70.830000, 4016.263987, 9644.593421, 248.543697, -0.082673, 0.996577, 0.007553
70.840000, 4016.846087, 9647.009965, 248.566413, -0.082748, 0.996570, 0.007553
70.850000, 4017.428006, 9649.426787, 248.589132, -0.082824, 0.996564, 0.007553
70.860000, 4018.009743, 9651.843886, 248.611851, -0.082899, 0.996558, 0.007553
70.870000, 4018.591299, 9654.261262, 248.634569, -0.082974, 0.996552, 0.007553
70.880000, 4019.172674, 9656.678915, 248.657291, -0.083049, 0.996545, 0.007553
70.890000, 4019.753867, 9659.096846, 248.680013, -0.083125, 0.996539, 0.007553
70.900000, 4020.334878, 9661.515054, 248.702738, -0.083200, 0.996533, 0.007553
70.910000, 4020.915708, 9663.933540, 248.725462, -0.083275, 0.996527, 0.007554
70.920000, 4021.496355, 9666.352303, 248.748187, -0.083350, 0.996520, 0.007554
70.930000, 4022.076821, 9668.771343, 248.770915, -0.083426, 0.996514, 0.007554
70.940000, 4022.657105, 9671.190661, 248.793643, -0.083501, 0.996508, 0.007554
70.950000, 4023.237207, 9673.610256, 248.816374, -0.083576, 0.996501, 0.007554
70.960000, 4023.817127, 9676.030129, 248.839104, -0.083652, 0.996495, 0.007554
70.970000, 4024.396865, 9678.450279, 248.861838, -0.083727, 0.996489, 0.007554
70.980000, 4024.976420, 9680.870706, 248.884572, -0.083802, 0.996482, 0.007554
70.990000, 4025.555793, 9683.291411, 248.907306, -0.083877, 0.996476, 0.007554
71.000000, 4026.134983, 9685.712393, 248.930043, -0.083953, 0.996470, 0.007554
71.010000, 4026.713991, 9688.133653, 248.952780, -0.084028, 0.996463, 0.007554
71.020000, 4027.292816, 9690.555190, 248.975520, -0.084103, 0.996457, 0.007554
71.030000, 4027.871458, 9692.977005, 248.998260, -0.084178, 0.996451, 0.007554
71.040000, 4028.449918, 9695.399097, 249.021000, -0.084254, 0.996444, 0.007554
71.050000, 4029.028195, 9697.821466, 249.043743, -0.084329, 0.996438, 0.007554
71.060000, 4029.606289, 9700.244114, 249.066486, -0.084404, 0.996432, 0.007554
71.070000, 4030.184199, 9702.667038, 249.089232, -0.084480, 0.996425, 0.007554
71.080000, 4030.761927, 9705.090240, 249.111978, -0.084555, 0.996419, 0.007554
71.090000, 4031.339471, 9707.513720, 249.134727, -0.084630, 0.996412, 0.007554
71.100000, 4031.916832, 9709.937477, 249.157476, -0.084705, 0.996406, 0.007554
71.110000, 4032.494010, 9712.361512, 249.180225, -0.084781, 0.996400, 0.007554
71.120000, 4033.071004, 9714.785824, 249.202977, -0.084856, 0.996393, 0.007554
71.130000, 4033.647814, 9717.210414, 249.225730, -0.084931, 0.996387, 0.007554
71.140000, 4034.224441, 9719.635282, 249.248485, -0.085006, 0.996380, 0.007554
71.150000, 4034.800884, 9722.060427, 249.271240, -0.085082, 0.996374, 0.007554
71.160000, 4035.377144, 9724.485849, 249.293998, -0.085157, 0.996368, 0.007554
71.170000, 4035.953219, 9726.911550, 249.316757, -0.085232, 0.996361, 0.007554
71.180000, 4036.529111, 9729.337527, 249.339515, -0.085307, 0.996355, 0.007554
71.190000, 4037.104818, 9731.763783, 249.362277, -0.085383, 0.996348, 0.007554
71.200000, 4037.680341, 9734.190316, 249.385038, -0.085458, 0.996342, 0.007554
71.210000, 4038.255680, 9736.617127, 249.407803, -0.085533, 0.996335, 0.007554
71.220000, 4038.830835, 9739.044215, 249.430567, -0.085609, 0.996329, 0.007554
71.230000, 4039.405805, 9741.471581, 249.453335, -0.085684, 0.996322, 0.007554
71.240000, 4039.980591, 9743.899225, 249.476102, -0.085759, 0.996316, 0.007554
71.250000, 4040.555192, 9746.327146, 249.498870, -0.085834, 0.996309, 0.007554
71.260000, 4041.129608, 9748.755345, 249.521641, -0.085910, 0.996303, 0.007554
71.270000, 4041.703840, 9751.183822, 249.544412, -0.085985, 0.996296, 0.007554
71.280000, 4042.277887, 9753.612576, 249.567186, -0.086060, 0.996290, 0.007554
71.290000, 4042.851749, 9756.041609, 249.589959, -0.086135, 0.996283, 0.007554
71.300000, 4043.425426, 9758.470918, 249.612736, -0.086211, 0.996277, 0.007554
71.310000, 4043.998918, 9760.900506, 249.635513, -0.086286, 0.996270, 0.007554
71.320000, 4044.572224, 9763.330371, 249.658290, -0.086361, 0.996264, 0.007554
71.330000, 4045.145346, 9765.760514, 249.681070, -0.086436, 0.996257, 0.007554
71.340000, 4045.718282, 9768.190935, 249.703851, -0.086512, 0.996251, 0.007554
71.350000, 4046.291033, 9770.621634, 249.726634, -0.086587, 0.996244, 0.007554
71.360000, 4046.863598, 9773.052610, 249.749417, -0.086662, 0.996238, 0.007555
71.370000, 4047.435978, 9775.483864, 249.772203, -0.086737, 0.996231, 0.007555
71.380000, 4048.008172, 9777.915396, 249.794990, -0.086813, 0.996225, 0.007555
71.390000, 4048.580180, 9780.347206, 249.817776, -0.086888, 0.996218, 0.007555
71.400000, 4049.152002, 9782.779294, 249.840566, -0.086963, 0.996212, 0.007555
71.410000, 4049.723639, 9785.211659, 249.863355, -0.087039, 0.996205, 0.007555
71.420000, 4050.295089, 9787.644302, 249.886148, -0.087114, 0.996198, 0.007555
71.430000, 4050.866353, 9790.077223, 249.908941, -0.087189, 0.996192, 0.007555
71.440000, 4051.437432, 9792.510422, 249.931736, -0.087264, 0.996185, 0.007555
71.450000, 4052.008324, 9794.943899, 249.954532, -0.087340, 0.996179, 0.007555
71.460000, 4052.579029, 9797.377654, 249.977328, -0.087415, 0.996172, 0.007555
71.470000, 4053.149548, 9799.811686, 250.000127, -0.087490, 0.996165, 0.007555
71.480000, 4053.719881, 9802.245997, 250.022926, -0.087565, 0.996159, 0.007555
71.490000, 4054.290027, 9804.680585, 250.045728, -0.087641, 0.996152, 0.007555
71.500000, 4054.859986, 9807.115451, 250.068530, -0.087716, 0.996146, 0.007555
71.510000, 4055.429759, 9809.550595, 250.091336, -0.087791, 0.996139, 0.007555
71.520000, 4055.999344, 9811.986017, 250.114141, -0.087866, 0.996132, 0.007555
71.530000, 4056.568743, 9814.421717, 250.136946, -0.087942, 0.996126, 0.007555
71.540000, 4057.137955, 9816.857695, 250.159755, -0.088017, 0.996119, 0.007555
71.550000, 4057.706980, 9819.293951, 250.182563, -0.088092, 0.996112, 0.007555
71.560000, 4058.275817, 9821.730485, 250.205375, -0.088167, 0.996106, 0.007555
71.570000, 4058.844467, 9824.167297, 250.228187, -0.088243, 0.996099, 0.007555
71.580000, 4059.412930, 9826.604386, 250.251001, -0.088318, 0.996092, 0.007555
71.590000, 4059.981206, 9829.041754, 250.273816, -0.088393, 0.996086, 0.007555
71.600000, 4060.549294, 9831.479400, 250.296634, -0.088468, 0.996079, 0.007554
71.610000, 4061.117194, 9833.917323, 250.319452, -0.088544, 0.996072, 0.007554
71.620000, 4061.684906, 9836.355525, 250.342270, -0.088619, 0.996066, 0.007554
71.630000, 4062.252431, 9838.794005, 250.365092, -0.088694, 0.996059, 0.007554
71.640000, 4062.819768, 9841.232763, 250.387913, -0.088769, 0.996052, 0.007554
71.650000, 4063.386917, 9843.671798, 250.410737, -0.088845, 0.996046, 0.007554
71.660000, 4063.953878, 9846.111112, 250.433562, -0.088920, 0.996039, 0.007554
71.670000, 4064.520651, 9848.550704, 250.456389, -0.088995, 0.996032, 0.007554
71.680000, 4065.087236, 9850.990574, 250.479217, -0.089070, 0.996025, 0.007554
71.690000, 4065.653632, 9853.430722, 250.502045, -0.089146, 0.996019, 0.007554
71.700000, 4066.219840, 9855.871148, 250.524876, -0.089221, 0.996012, 0.007554
71.710000, 4066.785860, 9858.311853, 250.547706, -0.089296, 0.996005, 0.007554
71.720000, 4067.351691, 9860.752835, 250.570540, -0.089371, 0.995998, 0.007554
71.730000, 4067.917333, 9863.194095, 250.593375, -0.089447, 0.995992, 0.007554
71.740000, 4068.482787, 9865.635634, 250.616212, -0.089522, 0.995985, 0.007554
71.750000, 4069.048052, 9868.077451, 250.639049, -0.089597, 0.995978, 0.007554
71.760000, 4069.613128, 9870.519546, 250.661889, -0.089672, 0.995971, 0.007554
71.770000, 4070.178015, 9872.961919, 250.684730, -0.089747, 0.995965, 0.007554
71.780000, 4070.742714, 9875.404570, 250.707571, -0.089823, 0.995958, 0.007554
71.790000, 4071.307223, 9877.847499, 250.730414, -0.089898, 0.995951, 0.007554
71.800000, 4071.871542, 9880.290707, 250.753258, -0.089973, 0.995944, 0.007554
71.810000, 4072.435673, 9882.734192, 250.776105, -0.090048, 0.995937, 0.007554
71.820000, 4072.999614, 9885.177956, 250.798952, -0.090124, 0.995931, 0.007554
71.830000, 4073.563366, 9887.621998, 250.821802, -0.090199, 0.995924, 0.007554
71.840000, 4074.126928, 9890.066318, 250.844652, -0.090274, 0.995917, 0.007554
71.850000, 4074.690300, 9892.510917, 250.867506, -0.090349, 0.995910, 0.007554
71.860000, 4075.253483, 9894.955794, 250.890359, -0.090425, 0.995903, 0.007554
71.870000, 4075.816476, 9897.400949, 250.913213, -0.090500, 0.995896, 0.007554
71.880000, 4076.379279, 9899.846382, 250.936070, -0.090575, 0.995890, 0.007554
71.890000, 4076.941893, 9902.292093, 250.958926, -0.090650, 0.995883, 0.007554
71.900000, 4077.504316, 9904.738083, 250.981786, -0.090726, 0.995876, 0.007554
71.910000, 4078.066549, 9907.184351, 251.004646, -0.090801, 0.995869, 0.007554
71.920000, 4078.628592, 9909.630898, 251.027509, -0.090876, 0.995862, 0.007554
71.930000, 4079.190444, 9912.077722, 251.050373, -0.090951, 0.995855, 0.007554
71.940000, 4079.752106, 9914.524825, 251.073239, -0.091026, 0.995848, 0.007554
71.950000, 4080.313578, 9916.972206, 251.096105, -0.091102, 0.995842, 0.007554
71.960000, 4080.874859, 9919.419866, 251.118972, -0.091177, 0.995835, 0.007554
71.970000, 4081.435949, 9921.867804, 251.141842, -0.091252, 0.995828, 0.007554
71.980000, 4081.996849, 9924.316020, 251.164712, -0.091327, 0.995821, 0.007554
71.990000, 4082.557558, 9926.764515, 251.187585, -0.091403, 0.995814, 0.007554
72.000000, 4083.118076, 9929.213288, 251.210458, -0.091478, 0.995807, 0.007554
72.010000, 4083.678403, 9931.662339, 251.233334, -0.091553, 0.995800, 0.007554
72.020000, 4084.238540, 9934.111669, 251.256210, -0.091628, 0.995793, 0.007554
72.030000, 4084.798484, 9936.561277, 251.279090, -0.091703, 0.995786, 0.007554
72.040000, 4085.358238, 9939.011163, 251.301969, -0.091779, 0.995779, 0.007554
72.050000, 4085.917801, 9941.461328, 251.324852, -0.091854, 0.995773, 0.007553
72.060000, 4086.477172, 9943.911771, 251.347735, -0.091929, 0.995766, 0.007553
72.070000, 4087.036351, 9946.362493, 251.370618, -0.092004, 0.995759, 0.007553
72.080000, 4087.595339, 9948.813493, 251.393504, -0.092079, 0.995752, 0.007553
72.090000, 4088.154136, 9951.264772, 251.416391, -0.092155, 0.995745, 0.007553
72.100000, 4088.712740, 9953.716329, 251.439280, -0.092230, 0.995738, 0.007553
72.110000, 4089.271153, 9956.168164, 251.462169, -0.092305, 0.995731, 0.007553
72.120000, 4089.829374, 9958.620278, 251.485062, -0.092380, 0.995724, 0.007553
72.130000, 4090.387403, 9961.072671, 251.507955, -0.092456, 0.995717, 0.007553
72.140000, 4090.945240, 9963.525342, 251.530851, -0.092531, 0.995710, 0.007553
72.150000, 4091.502885, 9965.978291, 251.553747, -0.092606, 0.995703, 0.007553
72.160000, 4092.060337, 9968.431519, 251.576643, -0.092681, 0.995696, 0.007553
72.170000, 4092.617597, 9970.885026, 251.599543, -0.092756, 0.995689, 0.007553
72.180000, 4093.174665, 9973.338811, 251.622442, -0.092832, 0.995682, 0.007553
72.190000, 4093.731541, 9975.792874, 251.645345, -0.092907, 0.995675, 0.007553
72.200000, 4094.288223, 9978.247216, 251.668248, -0.092982, 0.995668, 0.007553
72.210000, 4094.844714, 9980.701837, 251.691154, -0.093057, 0.995661, 0.007553
72.220000, 4095.401011, 9983.156736, 251.714060, -0.093132, 0.995654, 0.007553
72.230000, 4095.957116, 9985.611914, 251.736969, -0.093208, 0.995647, 0.007553
72.240000, 4096.513027, 9988.067370, 251.759878, -0.093283, 0.995640, 0.007553
72.250000, 4097.068746, 9990.523105, 251.782791, -0.093358, 0.995633, 0.007553
72.260000, 4097.624272, 9992.979119, 251.805704, -0.093433, 0.995626, 0.007553
72.270000, 4098.179604, 9995.435411, 251.828617, -0.093508, 0.995618, 0.007552
72.280000, 4098.734743, 9997.891982, 251.851533, -0.093584, 0.995611, 0.007552
72.290000, 4099.289689, 10000.348831, 251.874449, -0.093659, 0.995604, 0.007552
72.300000, 4099.844442, 10002.805959, 251.897368, -0.093734, 0.995597, 0.007552
72.310000, 4100.399001, 10005.263366, 251.920288, -0.093809, 0.995590, 0.007552
72.320000, 4100.953366, 10007.721051, 251.943210, -0.093884, 0.995583, 0.007552
72.330000, 4101.507538, 10010.179015, 251.966133, -0.093959, 0.995576, 0.007552
72.340000, 4102.061516, 10012.637257, 251.989059, -0.094035, 0.995569, 0.007552
72.350000, 4102.615301, 10015.095779, 252.011985, -0.094110, 0.995562, 0.007552
72.360000, 4103.168891, 10017.554579, 252.034914, -0.094185, 0.995555, 0.007552
72.370000, 4103.722287, 10020.013657, 252.057844, -0.094260, 0.995548, 0.007552
72.380000, 4104.275490, 10022.473015, 252.080776, -0.094335, 0.995540, 0.007552
72.390000, 4104.828498, 10024.932651, 252.103709, -0.094411, 0.995533, 0.007552
72.400000, 4105.381312, 10027.392566, 252.126642, -0.094486, 0.995526, 0.007552
72.410000, 4105.933931, 10029.852760, 252.149578, -0.094561, 0.995519, 0.007552
72.420000, 4106.486357, 10032.313232, 252.172515, -0.094636, 0.995512, 0.007552
72.430000, 4107.038587, 10034.773983, 252.195454, -0.094711, 0.995505, 0.007552
72.440000, 4107.590623, 10037.235013, 252.218394, -0.094786, 0.995498, 0.007552
72.450000, 4108.142465, 10039.696321, 252.241336, -0.094862, 0.995490, 0.007551
72.460000, 4108.694111, 10042.157909, 252.264280, -0.094937, 0.995483, 0.007551
72.470000, 4109.245563, 10044.619775, 252.287226, -0.095012, 0.995476, 0.007551
72.480000, 4109.796820, 10047.081920, 252.310172, -0.095087, 0.995469, 0.007551
72.490000, 4110.347882, 10049.544344, 252.333121, -0.095162, 0.995462, 0.007551
72.500000, 4110.898749, 10052.007047, 252.356071, -0.095238, 0.995455, 0.007551
72.510000, 4111.449421, 10054.470028, 252.379024, -0.095313, 0.995447, 0.007551
72.520000, 4111.999897, 10056.933288, 252.401977, -0.095388, 0.995440, 0.007551
72.530000, 4112.550179, 10059.396828, 252.424930, -0.095463, 0.995433, 0.007551
72.540000, 4113.100264, 10061.860646, 252.447886, -0.095538, 0.995426, 0.007551
72.550000, 4113.650154, 10064.324742, 252.470843, -0.095613, 0.995419, 0.007551
72.560000, 4114.199849, 10066.789118, 252.493803, -0.095688, 0.995411, 0.007551
72.570000, 4114.749348, 10069.253773, 252.516763, -0.095764, 0.995404, 0.007551
72.580000, 4115.298651, 10071.718706, 252.539726, -0.095839, 0.995397, 0.007551
72.590000, 4115.847759, 10074.183919, 252.562689, -0.095914, 0.995390, 0.007551
72.600000, 4116.396670, 10076.649410, 252.585656, -0.095989, 0.995382, 0.007550
72.610000, 4116.945386, 10079.115180, 252.608622, -0.096064, 0.995375, 0.007550
72.620000, 4117.493905, 10081.581230, 252.631592, -0.096139, 0.995368, 0.007550
72.630000, 4118.042228, 10084.047558, 252.654562, -0.096215, 0.995361, 0.007550
72.640000, 4118.590355, 10086.514165, 252.677536, -0.096290, 0.995353, 0.007550
72.650000, 4119.138286, 10088.981051, 252.700509, -0.096365, 0.995346, 0.007550
72.660000, 4119.686020, 10091.448216, 252.723483, -0.096440, 0.995339, 0.007550
72.670000, 4120.233558, 10093.915660, 252.746460, -0.096515, 0.995332, 0.007550
72.680000, 4120.780899, 10096.383383, 252.769437, -0.096590, 0.995324, 0.007550
72.690000, 4121.328043, 10098.851385, 252.792417, -0.096665, 0.995317, 0.007550
72.700000, 4121.874991, 10101.319666, 252.815397, -0.096741, 0.995310, 0.007550
72.710000, 4122.421742, 10103.788226, 252.838381, -0.096816, 0.995302, 0.007550
72.720000, 4122.968296, 10106.257065, 252.861365, -0.096891, 0.995295, 0.007550
72.730000, 4123.514652, 10108.726183, 252.884352, -0.096966, 0.995288, 0.007549
72.740000, 4124.060812, 10111.195580, 252.907339, -0.097041, 0.995280, 0.007549
72.750000, 4124.606775, 10113.665256, 252.930330, -0.097116, 0.995273, 0.007549
72.760000, 4125.152540, 10116.135211, 252.953320, -0.097191, 0.995266, 0.007549
72.770000, 4125.698108, 10118.605445, 252.976314, -0.097267, 0.995258, 0.007549
72.780000, 4126.243479, 10121.075958, 252.999308, -0.097342, 0.995251, 0.007549
72.790000, 4126.788652, 10123.546751, 253.022305, -0.097417, 0.995244, 0.007549
72.800000, 4127.333627, 10126.017822, 253.045303, -0.097492, 0.995236, 0.007549
72.810000, 4127.878405, 10128.489173, 253.068303, -0.097567, 0.995229, 0.007549
72.820000, 4128.422985, 10130.960802, 253.091304, -0.097642, 0.995222, 0.007549
72.830000, 4128.967367, 10133.432711, 253.114305, -0.097717, 0.995214, 0.007549
72.840000, 4129.511552, 10135.904899, 253.137310, -0.097792, 0.995207, 0.007549
72.850000, 4130.055538, 10138.377366, 253.160314, -0.097868, 0.995199, 0.007548
72.860000, 4130.599326, 10140.850113, 253.183322, -0.097943, 0.995192, 0.007548
72.870000, 4131.142916, 10143.323138, 253.206330, -0.098018, 0.995185, 0.007548
72.880000, 4131.686308, 10145.796442, 253.229341, -0.098093, 0.995177, 0.007548
72.890000, 4132.229501, 10148.270026, 253.252353, -0.098168, 0.995170, 0.007548
72.900000, 4132.772496, 10150.743889, 253.275367, -0.098243, 0.995162, 0.007548
72.910000, 4133.315292, 10153.218031, 253.298382, -0.098318, 0.995155, 0.007548
72.920000, 4133.857890, 10155.692452, 253.321400, -0.098393, 0.995148, 0.007548
72.930000, 4134.400289, 10158.167153, 253.344418, -0.098469, 0.995140, 0.007548
72.940000, 4134.942490, 10160.642133, 253.367440, -0.098544, 0.995133, 0.007548
72.950000, 4135.484491, 10163.117392, 253.390462, -0.098619, 0.995125, 0.007548
72.960000, 4136.026294, 10165.592930, 253.413486, -0.098694, 0.995118, 0.007547
72.970000, 4136.567897, 10168.068747, 253.436512, -0.098769, 0.995110, 0.007547
72.980000, 4137.109302, 10170.544844, 253.459540, -0.098844, 0.995103, 0.007547
72.990000, 4137.650507, 10173.021220, 253.482569, -0.098919, 0.995095, 0.007547
73.000000, 4138.191513, 10175.497875, 253.505600, -0.098994, 0.995088, 0.007547
73.010000, 4138.732319, 10177.974810, 253.528632, -0.099069, 0.995081, 0.007547
73.020000, 4139.272927, 10180.452024, 253.551665, -0.099144, 0.995073, 0.007547
73.030000, 4139.813334, 10182.929517, 253.574700, -0.099220, 0.995066, 0.007547
73.040000, 4140.353542, 10185.407290, 253.597736, -0.099295, 0.995058, 0.007547
73.050000, 4140.893551, 10187.885341, 253.620775, -0.099370, 0.995051, 0.007547
73.060000, 4141.433359, 10190.363673, 253.643815, -0.099445, 0.995043, 0.007546
73.070000, 4141.972968, 10192.842283, 253.666857, -0.099520, 0.995036, 0.007546
73.080000, 4142.512377, 10195.321173, 253.689900, -0.099595, 0.995028, 0.007546
73.090000, 4143.051585, 10197.800342, 253.712946, -0.099670, 0.995021, 0.007546
73.100000, 4143.590594, 10200.279791, 253.735992, -0.099745, 0.995013, 0.007546
73.110000, 4144.129403, 10202.759518, 253.759042, -0.099820, 0.995005, 0.007546
73.120000, 4144.668011, 10205.239526, 253.782091, -0.099895, 0.994998, 0.007546
73.130000, 4145.206419, 10207.719812, 253.805144, -0.099970, 0.994990, 0.007546
73.140000, 4145.744626, 10210.200379, 253.828197, -0.100045, 0.994983, 0.007546
73.150000, 4146.282633, 10212.681224, 253.851254, -0.100121, 0.994975, 0.007545
73.160000, 4146.820439, 10215.162349, 253.874310, -0.100196, 0.994968, 0.007545
73.170000, 4147.358044, 10217.643753, 253.897370, -0.100271, 0.994960, 0.007545
73.180000, 4147.895449, 10220.125437, 253.920430, -0.100346, 0.994953, 0.007545
73.190000, 4148.432653, 10222.607401, 253.943494, -0.100421, 0.994945, 0.007545
73.200000, 4148.969656, 10225.089643, 253.966558, -0.100496, 0.994937, 0.007545
73.210000, 4149.506458, 10227.572166, 253.989624, -0.100571, 0.994930, 0.007545
73.220000, 4150.043059, 10230.054967, 254.012692, -0.100646, 0.994922, 0.007545
73.230000, 4150.579458, 10232.538048, 254.035762, -0.100721, 0.994915, 0.007545
73.240000, 4151.115657, 10235.021409, 254.058833, -0.100796, 0.994907, 0.007544
73.250000, 4151.651654, 10237.505049, 254.081906, -0.100871, 0.994899, 0.007544
73.260000, 4152.187449, 10239.988969, 254.104981, -0.100946, 0.994892, 0.007544
73.270000, 4152.723043, 10242.473168, 254.128055, -0.101021, 0.994884, 0.007544
73.280000, 4153.258435, 10244.957647, 254.151133, -0.101096, 0.994877, 0.007544
73.290000, 4153.793626, 10247.442406, 254.174211, -0.101171, 0.994869, 0.007544
73.300000, 4154.328615, 10249.927443, 254.197292, -0.101247, 0.994861, 0.007544
73.310000, 4154.863402, 10252.412761, 254.220374, -0.101322, 0.994854, 0.007544
73.320000, 4155.397987, 10254.898358, 254.243458, -0.101397, 0.994846, 0.007544
73.330000, 4155.932370, 10257.384234, 254.266543, -0.101472, 0.994838, 0.007543
73.340000, 4156.466551, 10259.870391, 254.289632, -0.101547, 0.994831, 0.007543
73.350000, 4157.000530, 10262.356826, 254.312720, -0.101622, 0.994823, 0.007543
73.360000, 4157.534306, 10264.843542, 254.335812, -0.101697, 0.994815, 0.007543
73.370000, 4158.067880, 10267.330537, 254.358904, -0.101772, 0.994808, 0.007543
73.380000, 4158.601252, 10269.817811, 254.381999, -0.101847, 0.994800, 0.007543
73.390000, 4159.134421, 10272.305365, 254.405095, -0.101922, 0.994792, 0.007543
73.400000, 4159.667387, 10274.793199, 254.428194, -0.101997, 0.994785, 0.007543
73.410000, 4160.200151, 10277.281313, 254.451293, -0.102072, 0.994777, 0.007542
73.420000, 4160.732712, 10279.769706, 254.474396, -0.102147, 0.994769, 0.007542
73.430000, 4161.265070, 10282.258379, 254.497498, -0.102222, 0.994762, 0.007542
73.440000, 4161.797225, 10284.747331, 254.520604, -0.102297, 0.994754, 0.007542
73.450000, 4162.329177, 10287.236564, 254.543711, -0.102372, 0.994746, 0.007542
73.460000, 4162.860926, 10289.726076, 254.566820, -0.102447, 0.994738, 0.007542
73.470000, 4163.392472, 10292.215867, 254.589930, -0.102522, 0.994731, 0.007542
73.480000, 4163.923814, 10294.705939, 254.613043, -0.102597, 0.994723, 0.007542
73.490000, 4164.454953, 10297.196290, 254.636156, -0.102672, 0.994715, 0.007541
73.500000, 4164.985889, 10299.686920, 254.659273, -0.102747, 0.994708, 0.007541
73.510000, 4165.516621, 10302.177831, 254.682390, -0.102822, 0.994700, 0.007541
73.520000, 4166.047149, 10304.669021, 254.705510, -0.102897, 0.994692, 0.007541
73.530000, 4166.577474, 10307.160491, 254.728631, -0.102972, 0.994684, 0.007541
73.540000, 4167.107595, 10309.652241, 254.751754, -0.103047, 0.994676, 0.007541
73.550000, 4167.637512, 10312.144271, 254.774878, -0.103122, 0.994669, 0.007541
73.560000, 4168.167225, 10314.636580, 254.798006, -0.103197, 0.994661, 0.007541
73.570000, 4168.696734, 10317.129170, 254.821133, -0.103272, 0.994653, 0.007540
73.580000, 4169.226039, 10319.622039, 254.844264, -0.103347, 0.994645, 0.007540
73.590000, 4169.755140, 10322.115188, 254.867395, -0.103422, 0.994638, 0.007540
73.600000, 4170.284036, 10324.608616, 254.890530, -0.103497, 0.994630, 0.007540
73.610000, 4170.812728, 10327.102325, 254.913665, -0.103572, 0.994622, 0.007540
73.620000, 4171.341216, 10329.596313, 254.936803, -0.103647, 0.994614, 0.007540
73.630000, 4171.869499, 10332.090582, 254.959941, -0.103722, 0.994606, 0.007540
73.640000, 4172.397577, 10334.585130, 254.983083, -0.103797, 0.994598, 0.007539
73.650000, 4172.925451, 10337.079958, 255.006225, -0.103872, 0.994591, 0.007539
73.660000, 4173.453120, 10339.575066, 255.029370, -0.103947, 0.994583, 0.007539
73.670000, 4173.980584, 10342.070453, 255.052515, -0.104022, 0.994575, 0.007539
73.680000, 4174.507843, 10344.566121, 255.075664, -0.104097, 0.994567, 0.007539
73.690000, 4175.034897, 10347.062069, 255.098813, -0.104172, 0.994559, 0.007539
73.700000, 4175.561746, 10349.558296, 255.121966, -0.104247, 0.994551, 0.007539
73.710000, 4176.088390, 10352.054804, 255.145118, -0.104322, 0.994544, 0.007538
73.720000, 4176.614828, 10354.551591, 255.168274, -0.104397, 0.994536, 0.007538
73.730000, 4177.141061, 10357.048659, 255.191431, -0.104472, 0.994528, 0.007538
73.740000, 4177.667089, 10359.546006, 255.214590, -0.104547, 0.994520, 0.007538
73.750000, 4178.192911, 10362.043633, 255.237750, -0.104622, 0.994512, 0.007538
73.760000, 4178.718527, 10364.541540, 255.260914, -0.104697, 0.994504, 0.007538
73.770000, 4179.243938, 10367.039728, 255.284077, -0.104772, 0.994496, 0.007538
73.780000, 4179.769143, 10369.538195, 255.307244, -0.104847, 0.994488, 0.007537
73.790000, 4180.294142, 10372.036942, 255.330411, -0.104922, 0.994480, 0.007537
73.800000, 4180.818935, 10374.535970, 255.353582, -0.104997, 0.994473, 0.007537
73.810000, 4181.343522, 10377.035277, 255.376753, -0.105072, 0.994465, 0.007537
73.820000, 4181.867903, 10379.534864, 255.399927, -0.105147, 0.994457, 0.007537
73.830000, 4182.392077, 10382.034732, 255.423101, -0.105222, 0.994449, 0.007537
73.840000, 4182.916045, 10384.534879, 255.446279, -0.105296, 0.994441, 0.007537
73.850000, 4183.439807, 10387.035307, 255.469457, -0.105371, 0.994433, 0.007536
73.860000, 4183.963363, 10389.536014, 255.492638, -0.105446, 0.994425, 0.007536
73.870000, 4184.486712, 10392.037002, 255.515820, -0.105521, 0.994417, 0.007536
73.880000, 4185.009854, 10394.538270, 255.539005, -0.105596, 0.994409, 0.007536
73.890000, 4185.532790, 10397.039818, 255.562191, -0.105671, 0.994401, 0.007536
73.900000, 4186.055519, 10399.541646, 255.585379, -0.105746, 0.994393, 0.007536
73.910000, 4186.578040, 10402.043754, 255.608568, -0.105821, 0.994385, 0.007535
73.920000, 4187.100355, 10404.546142, 255.631760, -0.105896, 0.994377, 0.007535
73.930000, 4187.622463, 10407.048810, 255.654953, -0.105971, 0.994369, 0.007535
73.940000, 4188.144364, 10409.551759, 255.678149, -0.106046, 0.994361, 0.007535
73.950000, 4188.666058, 10412.054987, 255.701345, -0.106121, 0.994353, 0.007535
73.960000, 4189.187544, 10414.558496, 255.724545, -0.106196, 0.994345, 0.007535
73.970000, 4189.708823, 10417.062285, 255.747745, -0.106271, 0.994337, 0.007535
73.980000, 4190.229894, 10419.566354, 255.770948, -0.106346, 0.994329, 0.007534
73.990000, 4190.750758, 10422.070704, 255.794152, -0.106420, 0.994321, 0.007534
74.000000, 4191.271414, 10424.575333, 255.817359, -0.106495, 0.994313, 0.007534
74.010000, 4191.791862, 10427.080243, 255.840566, -0.106570, 0.994305, 0.007534
74.020000, 4192.312103, 10429.585433, 255.863777, -0.106645, 0.994297, 0.007534
74.030000, 4192.832136, 10432.090903, 255.886988, -0.106720, 0.994289, 0.007534
74.040000, 4193.351961, 10434.596654, 255.910202, -0.106795, 0.994281, 0.007533
74.050000, 4193.871577, 10437.102684, 255.933417, -0.106870, 0.994273, 0.007533
74.060000, 4194.390986, 10439.608995, 255.956635, -0.106945, 0.994265, 0.007533
74.070000, 4194.910186, 10442.115586, 255.979853, -0.107020, 0.994257, 0.007533
74.080000, 4195.429179, 10444.622458, 256.003075, -0.107095, 0.994249, 0.007533
74.090000, 4195.947962, 10447.129610, 256.026297, -0.107169, 0.994241, 0.007533
74.100000, 4196.466538, 10449.637042, 256.049522, -0.107244, 0.994233, 0.007532
74.110000, 4196.984904, 10452.144754, 256.072748, -0.107319, 0.994225, 0.007532
74.120000, 4197.503062, 10454.652747, 256.095977, -0.107394, 0.994217, 0.007532
74.130000, 4198.021012, 10457.161020, 256.119206, -0.107469, 0.994208, 0.007532
74.140000, 4198.538752, 10459.669573, 256.142439, -0.107544, 0.994200, 0.007532
74.150000, 4199.056284, 10462.178407, 256.165672, -0.107619, 0.994192, 0.007532
74.160000, 4199.573606, 10464.687521, 256.188908, -0.107694, 0.994184, 0.007531
74.170000, 4200.090720, 10467.196915, 256.212145, -0.107769, 0.994176, 0.007531
74.180000, 4200.607624, 10469.706590, 256.235385, -0.107843, 0.994168, 0.007531
74.190000, 4201.124320, 10472.216545, 256.258626, -0.107918, 0.994160, 0.007531
74.200000, 4201.640806, 10474.726780, 256.281869, -0.107993, 0.994152, 0.007531
74.210000, 4202.157082, 10477.237296, 256.305114, -0.108068, 0.994144, 0.007531
74.220000, 4202.673149, 10479.748092, 256.328361, -0.108143, 0.994135, 0.007530
74.230000, 4203.189007, 10482.259169, 256.351609, -0.108218, 0.994127, 0.007530
74.240000, 4203.704655, 10484.770526, 256.374860, -0.108293, 0.994119, 0.007530
74.250000, 4204.220093, 10487.282163, 256.398112, -0.108367, 0.994111, 0.007530
74.260000, 4204.735321, 10489.794081, 256.421367, -0.108442, 0.994103, 0.007530
74.270000, 4205.250340, 10492.306279, 256.444622, -0.108517, 0.994095, 0.007529
74.280000, 4205.765148, 10494.818758, 256.467881, -0.108592, 0.994086, 0.007529
74.290000, 4206.279747, 10497.331517, 256.491140, -0.108667, 0.994078, 0.007529
74.300000, 4206.794135, 10499.844557, 256.514403, -0.108742, 0.994070, 0.007529
74.310000, 4207.308313, 10502.357877, 256.537665, -0.108817, 0.994062, 0.007529
74.320000, 4207.822281, 10504.871478, 256.560932, -0.108891, 0.994054, 0.007529
74.330000, 4208.336038, 10507.385359, 256.584198, -0.108966, 0.994045, 0.007528
74.340000, 4208.849585, 10509.899521, 256.607468, -0.109041, 0.994037, 0.007528
74.350000, 4209.362921, 10512.413963, 256.630738, -0.109116, 0.994029, 0.007528
74.360000, 4209.876047, 10514.928686, 256.654012, -0.109191, 0.994021, 0.007528
74.370000, 4210.388962, 10517.443689, 256.677286, -0.109265, 0.994013, 0.007528
74.380000, 4210.901666, 10519.958973, 256.700564, -0.109340, 0.994004, 0.007527
74.390000, 4211.414159, 10522.474537, 256.723841, -0.109415, 0.993996, 0.007527
74.400000, 4211.926442, 10524.990382, 256.747122, -0.109490, 0.993988, 0.007527
74.410000, 4212.438513, 10527.506507, 256.770404, -0.109565, 0.993980, 0.007527
74.420000, 4212.950373, 10530.022913, 256.793689, -0.109640, 0.993971, 0.007527
74.430000, 4213.462022, 10532.539600, 256.816977, -0.109714, 0.993963, 0.007527
74.440000, 4213.973459, 10535.056567, 256.840266, -0.109789, 0.993955, 0.007526
74.450000, 4214.484685, 10537.573815, 256.863558, -0.109864, 0.993947, 0.007526
74.460000, 4214.995700, 10540.091343, 256.886850, -0.109939, 0.993938, 0.007526
74.470000, 4215.506503, 10542.609152, 256.910146, -0.110014, 0.993930, 0.007526
74.480000, 4216.017095, 10545.127242, 256.933442, -0.110088, 0.993922, 0.007526
74.490000, 4216.527475, 10547.645612, 256.956741, -0.110163, 0.993914, 0.007525
74.500000, 4217.037642, 10550.164263, 256.980041, -0.110238, 0.993905, 0.007525
74.510000, 4217.547599, 10552.683195, 257.003344, -0.110313, 0.993897, 0.007525
74.520000, 4218.057343, 10555.202407, 257.026648, -0.110388, 0.993889, 0.007525
74.530000, 4218.566875, 10557.721900, 257.049955, -0.110462, 0.993880, 0.007525
74.540000, 4219.076195, 10560.241674, 257.073263, -0.110537, 0.993872, 0.007524
74.550000, 4219.585302, 10562.761728, 257.096573, -0.110612, 0.993864, 0.007524
74.560000, 4220.094198, 10565.282063, 257.119885, -0.110687, 0.993855, 0.007524
74.570000, 4220.602881, 10567.802679, 257.143199, -0.110762, 0.993847, 0.007524
74.580000, 4221.111351, 10570.323576, 257.166514, -0.110836, 0.993839, 0.007524
74.590000, 4221.619609, 10572.844753, 257.189833, -0.110911, 0.993830, 0.007523
74.600000, 4222.127654, 10575.366211, 257.213151, -0.110986, 0.993822, 0.007523
74.610000, 4222.635487, 10577.887950, 257.236474, -0.111061, 0.993814, 0.007523
74.620000, 4223.143107, 10580.409969, 257.259796, -0.111135, 0.993805, 0.007523
74.630000, 4223.650513, 10582.932270, 257.283122, -0.111210, 0.993797, 0.007523
74.640000, 4224.157707, 10585.454851, 257.306449, -0.111285, 0.993789, 0.007522
74.650000, 4224.664688, 10587.977713, 257.329778, -0.111360, 0.993780, 0.007522
74.660000, 4225.171456, 10590.500855, 257.353109, -0.111434, 0.993772, 0.007522
74.670000, 4225.678010, 10593.024279, 257.376442, -0.111509, 0.993763, 0.007522
74.680000, 4226.184351, 10595.547983, 257.399779, -0.111584, 0.993755, 0.007522
74.690000, 4226.690479, 10598.071968, 257.423117, -0.111659, 0.993747, 0.007521
74.700000, 4227.196393, 10600.596234, 257.446457, -0.111733, 0.993738, 0.007521
74.710000, 4227.702094, 10603.120781, 257.469798, -0.111808, 0.993730, 0.007521
74.720000, 4228.207581, 10605.645609, 257.493143, -0.111883, 0.993721, 0.007521
74.730000, 4228.712855, 10608.170717, 257.516488, -0.111958, 0.993713, 0.007521
74.740000, 4229.217914, 10610.696106, 257.539836, -0.112032, 0.993705, 0.007520
74.750000, 4229.722760, 10613.221777, 257.563185, -0.112107, 0.993696, 0.007520
74.760000, 4230.227391, 10615.747728, 257.586537, -0.112182, 0.993688, 0.007520
74.770000, 4230.731809, 10618.273960, 257.609890, -0.112256, 0.993679, 0.007520
74.780000, 4231.236013, 10620.800473, 257.633246, -0.112331, 0.993671, 0.007520
74.790000, 4231.740002, 10623.327267, 257.656602, -0.112406, 0.993662, 0.007519
74.800000, 4232.243777, 10625.854342, 257.679962, -0.112481, 0.993654, 0.007519
74.810000, 4232.747337, 10628.381697, 257.703323, -0.112555, 0.993645, 0.007519
74.820000, 4233.250683, 10630.909334, 257.726686, -0.112630, 0.993637, 0.007519
74.830000, 4233.753815, 10633.437252, 257.750050, -0.112705, 0.993629, 0.007519
74.840000, 4234.256732, 10635.965450, 257.773418, -0.112779, 0.993620, 0.007518
74.850000, 4234.759434, 10638.493930, 257.796786, -0.112854, 0.993612, 0.007518
74.860000, 4235.261921, 10641.022690, 257.820157, -0.112929, 0.993603, 0.007518
74.870000, 4235.764194, 10643.551732, 257.843532, -0.113004, 0.993595, 0.007518
74.880000, 4236.266251, 10646.081054, 257.866907, -0.113078, 0.993586, 0.007517
74.890000, 4236.768094, 10648.610658, 257.890286, -0.113153, 0.993578, 0.007517
74.900000, 4237.269721, 10651.140542, 257.913665, -0.113228, 0.993569, 0.007517
74.910000, 4237.771133, 10653.670708, 257.937047, -0.113302, 0.993561, 0.007517
74.920000, 4238.272330, 10656.201155, 257.960430, -0.113377, 0.993552, 0.007517
74.930000, 4238.773311, 10658.731882, 257.983816, -0.113452, 0.993544, 0.007516
74.940000, 4239.274077, 10661.262891, 258.007203, -0.113526, 0.993535, 0.007516
74.950000, 4239.774627, 10663.794181, 258.030593, -0.113601, 0.993526, 0.007516
74.960000, 4240.274962, 10666.325752, 258.053984, -0.113676, 0.993518, 0.007516
74.970000, 4240.775081, 10668.857604, 258.077378, -0.113750, 0.993509, 0.007516
74.980000, 4241.274984, 10671.389737, 258.100773, -0.113825, 0.993501, 0.007515
74.990000, 4241.774672, 10673.922151, 258.124170, -0.113900, 0.993492, 0.007515
75.000000, 4242.274143, 10676.454846, 258.147569, -0.113974, 0.993484, 0.007515
75.010000, 4242.773398, 10678.987822, 258.170971, -0.114049, 0.993475, 0.007515
75.020000, 4243.272437, 10681.521080, 258.194373, -0.114124, 0.993467, 0.007514
75.030000, 4243.771260, 10684.054619, 258.217779, -0.114198, 0.993458, 0.007514
75.040000, 4244.269867, 10686.588438, 258.241188, -0.114273, 0.993449, 0.007514
75.050000, 4244.768257, 10689.122539, 258.264597, -0.114348, 0.993441, 0.007514
75.060000, 4245.266431, 10691.656921, 258.288010, -0.114422, 0.993432, 0.007514
75.070000, 4245.764388, 10694.191585, 258.311423, -0.114497, 0.993424, 0.007513
75.080000, 4246.262128, 10696.726529, 258.334840, -0.114572, 0.993415, 0.007513
75.090000, 4246.759652, 10699.261755, 258.358258, -0.114646, 0.993406, 0.007513
75.100000, 4247.256959, 10701.797261, 258.381678, -0.114721, 0.993398, 0.007513
75.110000, 4247.754049, 10704.333049, 258.405099, -0.114795, 0.993389, 0.007512
75.120000, 4248.250922, 10706.869119, 258.428524, -0.114870, 0.993381, 0.007512
75.130000, 4248.747579, 10709.405469, 258.451949, -0.114945, 0.993372, 0.007512
75.140000, 4249.244018, 10711.942101, 258.475378, -0.115019, 0.993363, 0.007512
75.150000, 4249.740239, 10714.479014, 258.498807, -0.115094, 0.993355, 0.007511
75.160000, 4250.236244, 10717.016208, 258.522239, -0.115168, 0.993346, 0.007511
75.170000, 4250.732031, 10719.553684, 258.545675, -0.115243, 0.993337, 0.007511
75.180000, 4251.227600, 10722.091440, 258.569111, -0.115318, 0.993329, 0.007511
75.190000, 4251.722952, 10724.629478, 258.592551, -0.115392, 0.993320, 0.007511
75.200000, 4252.218087, 10727.167798, 258.615991, -0.115467, 0.993311, 0.007510
75.210000, 4252.713003, 10729.706398, 258.639435, -0.115542, 0.993303, 0.007510
75.220000, 4253.207702, 10732.245280, 258.662879, -0.115616, 0.993294, 0.007510
75.230000, 4253.702183, 10734.784444, 258.686326, -0.115691, 0.993285, 0.007510
75.240000, 4254.196446, 10737.323888, 258.709774, -0.115765, 0.993277, 0.007509
75.250000, 4254.690491, 10739.863614, 258.733226, -0.115840, 0.993268, 0.007509
75.260000, 4255.184318, 10742.403621, 258.756678, -0.115914, 0.993259, 0.007509
75.270000, 4255.677927, 10744.943910, 258.780133, -0.115989, 0.993250, 0.007509
75.280000, 4256.171317, 10747.484480, 258.803589, -0.116064, 0.993242, 0.007508
75.290000, 4256.664489, 10750.025331, 258.827049, -0.116138, 0.993233, 0.007508
75.300000, 4257.157442, 10752.566464, 258.850511, -0.116213, 0.993224, 0.007508
75.310000, 4257.650177, 10755.107878, 258.873975, -0.116287, 0.993216, 0.007508
75.320000, 4258.142693, 10757.649574, 258.897441, -0.116362, 0.993207, 0.007507
75.330000, 4258.634991, 10760.191551, 258.920908, -0.116436, 0.993198, 0.007507
75.340000, 4259.127070, 10762.733809, 258.944379, -0.116511, 0.993189, 0.007507
75.350000, 4259.618930, 10765.276349, 258.967850, -0.116586, 0.993181, 0.007507
75.360000, 4260.110571, 10767.819170, 258.991325, -0.116660, 0.993172, 0.007506
75.370000, 4260.601992, 10770.362273, 259.014800, -0.116735, 0.993163, 0.007506
75.380000, 4261.093195, 10772.905657, 259.038278, -0.116809, 0.993154, 0.007506
75.390000, 4261.584179, 10775.449322, 259.061758, -0.116884, 0.993146, 0.007506
75.400000, 4262.074943, 10777.993269, 259.085240, -0.116958, 0.993137, 0.007505
75.410000, 4262.565488, 10780.537498, 259.108723, -0.117033, 0.993128, 0.007505
75.420000, 4263.055813, 10783.082008, 259.132210, -0.117107, 0.993119, 0.007505
75.430000, 4263.545919, 10785.626800, 259.155699, -0.117182, 0.993110, 0.007505
75.440000, 4264.035805, 10788.171873, 259.179190, -0.117256, 0.993102, 0.007504
75.450000, 4264.525471, 10790.717227, 259.202684, -0.117331, 0.993093, 0.007504
75.460000, 4265.014918, 10793.262863, 259.226178, -0.117405, 0.993084, 0.007504
75.470000, 4265.504145, 10795.808781, 259.249676, -0.117480, 0.993075, 0.007504
75.480000, 4265.993152, 10798.354980, 259.273174, -0.117555, 0.993066, 0.007503
75.490000, 4266.481939, 10800.901461, 259.296676, -0.117629, 0.993058, 0.007503
75.500000, 4266.970505, 10803.448223, 259.320178, -0.117704, 0.993049, 0.007503
75.510000, 4267.458852, 10805.995267, 259.343684, -0.117778, 0.993040, 0.007503
75.520000, 4267.946978, 10808.542592, 259.367190, -0.117853, 0.993031, 0.007502
75.530000, 4268.434884, 10811.090199, 259.390700, -0.117927, 0.993022, 0.007502
75.540000, 4268.922569, 10813.638088, 259.414213, -0.118002, 0.993013, 0.007502
75.550000, 4269.410034, 10816.186258, 259.437727, -0.118076, 0.993005, 0.007502
75.560000, 4269.897278, 10818.734710, 259.461244, -0.118151, 0.992996, 0.007501
75.570000, 4270.384301, 10821.283444, 259.484762, -0.118225, 0.992987, 0.007501
75.580000, 4270.871104, 10823.832459, 259.508283, -0.118299, 0.992978, 0.007501
75.590000, 4271.357686, 10826.381755, 259.531805, -0.118374, 0.992969, 0.007501
75.600000, 4271.844046, 10828.931334, 259.555330, -0.118448, 0.992960, 0.007500
75.610000, 4272.330186, 10831.481194, 259.578856, -0.118523, 0.992951, 0.007500
75.620000, 4272.816105, 10834.031336, 259.602385, -0.118597, 0.992942, 0.007500
75.630000, 4273.301802, 10836.581759, 259.625917, -0.118672, 0.992934, 0.007500
75.640000, 4273.787278, 10839.132464, 259.649450, -0.118746, 0.992925, 0.007499
75.650000, 4274.272533, 10841.683451, 259.672987, -0.118821, 0.992916, 0.007499
75.660000, 4274.757566, 10844.234720, 259.696524, -0.118895, 0.992907, 0.007499
75.670000, 4275.242378, 10846.786270, 259.720065, -0.118970, 0.992898, 0.007499
75.680000, 4275.726968, 10849.338102, 259.743606, -0.119044, 0.992889, 0.007498
75.690000, 4276.211337, 10851.890216, 259.767151, -0.119119, 0.992880, 0.007498
75.700000, 4276.695483, 10854.442611, 259.790696, -0.119193, 0.992871, 0.007498
75.710000, 4277.179408, 10856.995288, 259.814245, -0.119267, 0.992862, 0.007498
75.720000, 4277.663111, 10859.548247, 259.837794, -0.119342, 0.992853, 0.007497
75.730000, 4278.146592, 10862.101488, 259.861346, -0.119416, 0.992844, 0.007497
75.740000, 4278.629850, 10864.655010, 259.884903, -0.119491, 0.992835, 0.007497
75.750000, 4279.112887, 10867.208815, 259.908459, -0.119565, 0.992826, 0.007496
75.760000, 4279.595701, 10869.762901, 259.932019, -0.119640, 0.992817, 0.007496
75.770000, 4280.078293, 10872.317269, 259.955580, -0.119714, 0.992808, 0.007496
75.780000, 4280.560662, 10874.871919, 259.979144, -0.119788, 0.992799, 0.007496
75.790000, 4281.042809, 10877.426850, 260.002709, -0.119863, 0.992790, 0.007495
75.800000, 4281.524733, 10879.982064, 260.026277, -0.119937, 0.992781, 0.007495
75.810000, 4282.006435, 10882.537559, 260.049846, -0.120012, 0.992772, 0.007495
75.820000, 4282.487913, 10885.093336, 260.073418, -0.120086, 0.992763, 0.007495
75.830000, 4282.969169, 10887.649395, 260.096994, -0.120160, 0.992754, 0.007494
75.840000, 4283.450202, 10890.205736, 260.120570, -0.120235, 0.992745, 0.007494
75.850000, 4283.931012, 10892.762358, 260.144150, -0.120309, 0.992736, 0.007494
75.860000, 4284.411599, 10895.319263, 260.167731, -0.120384, 0.992727, 0.007493
75.870000, 4284.891962, 10897.876450, 260.191314, -0.120458, 0.992718, 0.007493
75.880000, 4285.372103, 10900.433918, 260.214899, -0.120532, 0.992709, 0.007493
75.890000, 4285.852019, 10902.991668, 260.238487, -0.120607, 0.992700, 0.007493
75.900000, 4286.331713, 10905.549701, 260.262075, -0.120681, 0.992691, 0.007492
75.910000, 4286.811183, 10908.108015, 260.285667, -0.120756, 0.992682, 0.007492
75.920000, 4287.290429, 10910.666611, 260.309263, -0.120830, 0.992673, 0.007492
75.930000, 4287.769452, 10913.225489, 260.332859, -0.120904, 0.992664, 0.007492
75.940000, 4288.248251, 10915.784649, 260.356458, -0.120979, 0.992655, 0.007491
75.950000, 4288.726825, 10918.344091, 260.380058, -0.121053, 0.992646, 0.007491
75.960000, 4289.205177, 10920.903815, 260.403662, -0.121127, 0.992637, 0.007491
75.970000, 4289.683303, 10923.463821, 260.427266, -0.121202, 0.992628, 0.007490
75.980000, 4290.161206, 10926.024109, 260.450874, -0.121276, 0.992619, 0.007490
75.990000, 4290.638885, 10928.584679, 260.474485, -0.121350, 0.992610, 0.007490
76.000000, 4291.116339, 10931.145531, 260.498096, -0.121425, 0.992601, 0.007490
76.010000, 4291.593570, 10933.706665, 260.521711, -0.121499, 0.992592, 0.007489
76.020000, 4292.070575, 10936.268081, 260.545327, -0.121573, 0.992582, 0.007489
76.030000, 4292.547356, 10938.829779, 260.568946, -0.121648, 0.992573, 0.007489
76.040000, 4293.023913, 10941.391760, 260.592566, -0.121722, 0.992564, 0.007488
76.050000, 4293.500245, 10943.954022, 260.616190, -0.121796, 0.992555, 0.007488
76.060000, 4293.976352, 10946.516566, 260.639814, -0.121871, 0.992546, 0.007488
76.070000, 4294.452234, 10949.079393, 260.663441, -0.121945, 0.992537, 0.007488
76.080000, 4294.927891, 10951.642501, 260.687072, -0.122019, 0.992528, 0.007487
76.090000, 4295.403323, 10954.205892, 260.710704, -0.122094, 0.992519, 0.007487
76.100000, 4295.878530, 10956.769564, 260.734339, -0.122168, 0.992509, 0.007487
76.110000, 4296.353512, 10959.333519, 260.757974, -0.122242, 0.992500, 0.007486
76.120000, 4296.828269, 10961.897756, 260.781614, -0.122317, 0.992491, 0.007486
76.130000, 4297.302800, 10964.462275, 260.805253, -0.122391, 0.992482, 0.007486
76.140000, 4297.777106, 10967.027076, 260.828897, -0.122465, 0.992473, 0.007486
76.150000, 4298.251186, 10969.592160, 260.852543, -0.122539, 0.992464, 0.007485
76.160000, 4298.725041, 10972.157525, 260.876191, -0.122614, 0.992454, 0.007485
76.170000, 4299.198670, 10974.723173, 260.899841, -0.122688, 0.992445, 0.007485
76.180000, 4299.672073, 10977.289103, 260.923493, -0.122762, 0.992436, 0.007484
76.190000, 4300.145251, 10979.855315, 260.947148, -0.122837, 0.992427, 0.007484
76.200000, 4300.618202, 10982.421809, 260.970804, -0.122911, 0.992418, 0.007484
76.210000, 4301.090928, 10984.988586, 260.994463, -0.122985, 0.992409, 0.007483
76.220000, 4301.563427, 10987.555645, 261.018122, -0.123059, 0.992399, 0.007483
76.230000, 4302.035700, 10990.122985, 261.041786, -0.123134, 0.992390, 0.007483
76.240000, 4302.507747, 10992.690609, 261.065452, -0.123208, 0.992381, 0.007483
76.250000, 4302.979568, 10995.258514, 261.089120, -0.123282, 0.992372, 0.007482
76.260000, 4303.451162, 10997.826702, 261.112790, -0.123356, 0.992362, 0.007482
76.270000, 4303.922530, 11000.395172, 261.136462, -0.123431, 0.992353, 0.007482
76.280000, 4304.393671, 11002.963924, 261.160137, -0.123505, 0.992344, 0.007481
76.290000, 4304.864585, 11005.532958, 261.183813, -0.123579, 0.992335, 0.007481
76.300000, 4305.335273, 11008.102275, 261.207492, -0.123653, 0.992325, 0.007481
76.310000, 4305.805734, 11010.671874, 261.231174, -0.123728, 0.992316, 0.007480
76.320000, 4306.275967, 11013.241755, 261.254858, -0.123802, 0.992307, 0.007480
76.330000, 4306.745974, 11015.811919, 261.278544, -0.123876, 0.992298, 0.007480
76.340000, 4307.215754, 11018.382365, 261.302232, -0.123950, 0.992288, 0.007480
76.350000, 4307.685307, 11020.953093, 261.325923, -0.124024, 0.992279, 0.007479
76.360000, 4308.154632, 11023.524104, 261.349614, -0.124099, 0.992270, 0.007479
76.370000, 4308.623730, 11026.095397, 261.373310, -0.124173, 0.992261, 0.007479
76.380000, 4309.092601, 11028.666972, 261.397008, -0.124247, 0.992251, 0.007478
76.390000, 4309.561244, 11031.238830, 261.420707, -0.124321, 0.992242, 0.007478
76.400000, 4310.029659, 11033.810970, 261.444410, -0.124395, 0.992233, 0.007478
76.410000, 4310.497847, 11036.383393, 261.468114, -0.124470, 0.992223, 0.007477
76.420000, 4310.965807, 11038.956098, 261.491820, -0.124544, 0.992214, 0.007477
76.430000, 4311.433539, 11041.529085, 261.515528, -0.124618, 0.992205, 0.007477
76.440000, 4311.901043, 11044.102355, 261.539239, -0.124692, 0.992195, 0.007477
76.450000, 4312.368320, 11046.675907, 261.562954, -0.124766, 0.992186, 0.007476
76.460000, 4312.835368, 11049.249742, 261.586669, -0.124841, 0.992177, 0.007476
76.470000, 4313.302188, 11051.823859, 261.610388, -0.124915, 0.992167, 0.007476
76.480000, 4313.768780, 11054.398258, 261.634107, -0.124989, 0.992158, 0.007475
76.490000, 4314.235143, 11056.972940, 261.657830, -0.125063, 0.992149, 0.007475
76.500000, 4314.701278, 11059.547904, 261.681554, -0.125137, 0.992139, 0.007475
76.510000, 4315.167185, 11062.123151, 261.705281, -0.125211, 0.992130, 0.007474
76.520000, 4315.632863, 11064.698681, 261.729012, -0.125286, 0.992121, 0.007474
76.530000, 4316.098312, 11067.274493, 261.752743, -0.125360, 0.992111, 0.007474
76.540000, 4316.563533, 11069.850587, 261.776478, -0.125434, 0.992102, 0.007473
76.550000, 4317.028524, 11072.426964, 261.800214, -0.125508, 0.992093, 0.007473
76.560000, 4317.493287, 11075.003623, 261.823953, -0.125582, 0.992083, 0.007473
76.570000, 4317.957821, 11077.580565, 261.847695, -0.125656, 0.992074, 0.007472
76.580000, 4318.422126, 11080.157790, 261.871438, -0.125730, 0.992064, 0.007472
76.590000, 4318.886201, 11082.735297, 261.895185, -0.125805, 0.992055, 0.007472
76.600000, 4319.350048, 11085.313086, 261.918933, -0.125879, 0.992046, 0.007471
76.610000, 4319.813665, 11087.891159, 261.942684, -0.125953, 0.992036, 0.007471
76.620000, 4320.277053, 11090.469513, 261.966435, -0.126027, 0.992027, 0.007471
76.630000, 4320.740211, 11093.048151, 261.990191, -0.126101, 0.992017, 0.007471
76.640000, 4321.203139, 11095.627071, 262.013949, -0.126175, 0.992008, 0.007470
76.650000, 4321.665838, 11098.206273, 262.037709, -0.126249, 0.991999, 0.007470
76.660000, 4322.128307, 11100.785758, 262.061472, -0.126323, 0.991989, 0.007470
76.670000, 4322.590547, 11103.365526, 262.085235, -0.126397, 0.991980, 0.007469
76.680000, 4323.052556, 11105.945577, 262.109002, -0.126471, 0.991970, 0.007469
76.690000, 4323.514336, 11108.525910, 262.132770, -0.126546, 0.991961, 0.007469
76.700000, 4323.975885, 11111.106525, 262.156542, -0.126620, 0.991951, 0.007468
76.710000, 4324.437204, 11113.687424, 262.180317, -0.126694, 0.991942, 0.007468
76.720000, 4324.898293, 11116.268605, 262.204092, -0.126768, 0.991932, 0.007468
76.730000, 4325.359152, 11118.850068, 262.227871, -0.126842, 0.991923, 0.007467
76.740000, 4325.819781, 11121.431815, 262.251651, -0.126916, 0.991913, 0.007467
76.750000, 4326.280178, 11124.013844, 262.275435, -0.126990, 0.991904, 0.007467
76.760000, 4326.740346, 11126.596156, 262.299222, -0.127064, 0.991895, 0.007466
76.770000, 4327.200282, 11129.178750, 262.323009, -0.127138, 0.991885, 0.007466
76.780000, 4327.659988, 11131.761627, 262.346800, -0.127212, 0.991876, 0.007466
76.790000, 4328.119463, 11134.344787, 262.370592, -0.127286, 0.991866, 0.007465
76.800000, 4328.578708, 11136.928230, 262.394388, -0.127360, 0.991857, 0.007465
76.810000, 4329.037721, 11139.511956, 262.418184, -0.127434, 0.991847, 0.007465
76.820000, 4329.496503, 11142.095964, 262.441984, -0.127508, 0.991838, 0.007464
76.830000, 4329.955054, 11144.680255, 262.465787, -0.127582, 0.991828, 0.007464
76.840000, 4330.413374, 11147.264828, 262.489591, -0.127656, 0.991818, 0.007464
76.850000, 4330.871462, 11149.849685, 262.513398, -0.127730, 0.991809, 0.007463
76.860000, 4331.329319, 11152.434824, 262.537206, -0.127804, 0.991799, 0.007463
76.870000, 4331.786945, 11155.020246, 262.561018, -0.127878, 0.991790, 0.007463
76.880000, 4332.244339, 11157.605951, 262.584833, -0.127952, 0.991780, 0.007462
76.890000, 4332.701502, 11160.191939, 262.608649, -0.128026, 0.991771, 0.007462
76.900000, 4333.158433, 11162.778210, 262.632469, -0.128100, 0.991761, 0.007462
76.910000, 4333.615131, 11165.364763, 262.656289, -0.128174, 0.991752, 0.007461
76.920000, 4334.071599, 11167.951600, 262.680113, -0.128248, 0.991742, 0.007461
76.930000, 4334.527834, 11170.538719, 262.703938, -0.128322, 0.991733, 0.007461
76.940000, 4334.983837, 11173.126121, 262.727766, -0.128396, 0.991723, 0.007460
76.950000, 4335.439608, 11175.713806, 262.751597, -0.128470, 0.991713, 0.007460
76.960000, 4335.895146, 11178.301773, 262.775430, -0.128544, 0.991704, 0.007460
76.970000, 4336.350453, 11180.890024, 262.799266, -0.128618, 0.991694, 0.007459
76.980000, 4336.805527, 11183.478558, 262.823103, -0.128692, 0.991685, 0.007459
76.990000, 4337.260368, 11186.067374, 262.846943, -0.128766, 0.991675, 0.007459
77.000000, 4337.714978, 11188.656473, 262.870786, -0.128840, 0.991665, 0.007458
77.010000, 4338.169354, 11191.245856, 262.894631, -0.128914, 0.991656, 0.007458
77.020000, 4338.623498, 11193.835521, 262.918479, -0.128988, 0.991646, 0.007458
77.030000, 4339.077409, 11196.425469, 262.942328, -0.129062, 0.991637, 0.007457
77.040000, 4339.531087, 11199.015700, 262.966180, -0.129136, 0.991627, 0.007457
77.050000, 4339.984532, 11201.606214, 262.990036, -0.129210, 0.991617, 0.007457
77.060000, 4340.437744, 11204.197012, 263.013893, -0.129284, 0.991608, 0.007456
77.070000, 4340.890723, 11206.788092, 263.037753, -0.129358, 0.991598, 0.007456
77.080000, 4341.343469, 11209.379455, 263.061614, -0.129432, 0.991588, 0.007455
77.090000, 4341.795981, 11211.971101, 263.085479, -0.129506, 0.991579, 0.007455
77.100000, 4342.248260, 11214.563030, 263.109344, -0.129580, 0.991569, 0.007455
77.110000, 4342.700306, 11217.155242, 263.133213, -0.129654, 0.991559, 0.007454
77.120000, 4343.152118, 11219.747737, 263.157085, -0.129727, 0.991550, 0.007454
77.130000, 4343.603696, 11222.340515, 263.180958, -0.129801, 0.991540, 0.007454
77.140000, 4344.055041, 11224.933576, 263.204835, -0.129875, 0.991530, 0.007453
77.150000, 4344.506152, 11227.526921, 263.228713, -0.129949, 0.991521, 0.007453
77.160000, 4344.957029, 11230.120548, 263.252594, -0.130023, 0.991511, 0.007453
77.170000, 4345.407673, 11232.714458, 263.276478, -0.130097, 0.991501, 0.007452
77.180000, 4345.858082, 11235.308652, 263.300364, -0.130171, 0.991492, 0.007452
77.190000, 4346.308257, 11237.903128, 263.324253, -0.130245, 0.991482, 0.007452
77.200000, 4346.758198, 11240.497888, 263.348143, -0.130319, 0.991472, 0.007451
77.210000, 4347.207904, 11243.092931, 263.372036, -0.130392, 0.991462, 0.007451
77.220000, 4347.657377, 11245.688257, 263.395933, -0.130466, 0.991453, 0.007451
77.230000, 4348.106614, 11248.283866, 263.419830, -0.130540, 0.991443, 0.007450
77.240000, 4348.555618, 11250.879758, 263.443732, -0.130614, 0.991433, 0.007450
77.250000, 4349.004387, 11253.475933, 263.467634, -0.130688, 0.991424, 0.007450
77.260000, 4349.452921, 11256.072391, 263.491539, -0.130762, 0.991414, 0.007449
77.270000, 4349.901220, 11258.669133, 263.515448, -0.130836, 0.991404, 0.007449
77.280000, 4350.349284, 11261.266158, 263.539358, -0.130909, 0.991394, 0.007448
77.290000, 4350.797114, 11263.863466, 263.563272, -0.130983, 0.991385, 0.007448
77.300000, 4351.244708, 11266.461057, 263.587186, -0.131057, 0.991375, 0.007448
77.310000, 4351.692068, 11269.058931, 263.611104, -0.131131, 0.991365, 0.007447
77.320000, 4352.139192, 11271.657089, 263.635025, -0.131205, 0.991355, 0.007447
77.330000, 4352.586081, 11274.255529, 263.658947, -0.131279, 0.991346, 0.007447
77.340000, 4353.032734, 11276.854253, 263.682873, -0.131352, 0.991336, 0.007446
77.350000, 4353.479152, 11279.453261, 263.706800, -0.131426, 0.991326, 0.007446
77.360000, 4353.925335, 11282.052551, 263.730730, -0.131500, 0.991316, 0.007446
77.370000, 4354.371282, 11284.652125, 263.754664, -0.131574, 0.991306, 0.007445
77.380000, 4354.816994, 11287.251982, 263.778598, -0.131648, 0.991297, 0.007445
77.390000, 4355.262469, 11289.852122, 263.802536, -0.131721, 0.991287, 0.007444
77.400000, 4355.707709, 11292.452546, 263.826475, -0.131795, 0.991277, 0.007444
77.410000, 4356.152713, 11295.053252, 263.850418, -0.131869, 0.991267, 0.007444
77.420000, 4356.597481, 11297.654242, 263.874364, -0.131943, 0.991257, 0.007443
77.430000, 4357.042013, 11300.255516, 263.898311, -0.132017, 0.991248, 0.007443
77.440000, 4357.486308, 11302.857073, 263.922261, -0.132090, 0.991238, 0.007443
77.450000, 4357.930368, 11305.458913, 263.946212, -0.132164, 0.991228, 0.007442
77.460000, 4358.374191, 11308.061036, 263.970167, -0.132238, 0.991218, 0.007442
77.470000, 4358.817777, 11310.663443, 263.994125, -0.132312, 0.991208, 0.007442
77.480000, 4359.261127, 11313.266133, 264.018085, -0.132385, 0.991198, 0.007441
77.490000, 4359.704241, 11315.869106, 264.042048, -0.132459, 0.991188, 0.007441
77.500000, 4360.147118, 11318.472363, 264.066011, -0.132533, 0.991179, 0.007440
77.510000, 4360.589758, 11321.075903, 264.089978, -0.132607, 0.991169, 0.007440
77.520000, 4361.032161, 11323.679727, 264.113949, -0.132680, 0.991159, 0.007440
77.530000, 4361.474328, 11326.283834, 264.137921, -0.132754, 0.991149, 0.007439
77.540000, 4361.916257, 11328.888224, 264.161896, -0.132828, 0.991139, 0.007439
77.550000, 4362.357950, 11331.492898, 264.185872, -0.132902, 0.991129, 0.007439
77.560000, 4362.799405, 11334.097855, 264.209852, -0.132975, 0.991119, 0.007438
77.570000, 4363.240623, 11336.703095, 264.233835, -0.133049, 0.991109, 0.007438
77.580000, 4363.681604, 11339.308619, 264.257819, -0.133123, 0.991100, 0.007437
77.590000, 4364.122347, 11341.914427, 264.281807, -0.133196, 0.991090, 0.007437
77.600000, 4364.562853, 11344.520518, 264.305795, -0.133270, 0.991080, 0.007437
77.610000, 4365.003121, 11347.126892, 264.329787, -0.133344, 0.991070, 0.007436
77.620000, 4365.443152, 11349.733550, 264.353783, -0.133418, 0.991060, 0.007436
77.630000, 4365.882944, 11352.340492, 264.377779, -0.133491, 0.991050, 0.007436
77.640000, 4366.322499, 11354.947716, 264.401780, -0.133565, 0.991040, 0.007435
77.650000, 4366.761817, 11357.555225, 264.425781, -0.133639, 0.991030, 0.007435
77.660000, 4367.200896, 11360.163017, 264.449785, -0.133712, 0.991020, 0.007434
77.670000, 4367.639737, 11362.771092, 264.473793, -0.133786, 0.991010, 0.007434
77.680000, 4368.078340, 11365.379451, 264.497802, -0.133860, 0.991000, 0.007434
77.690000, 4368.516705, 11367.988093, 264.521815, -0.133933, 0.990990, 0.007433
77.700000, 4368.954831, 11370.597019, 264.545828, -0.134007, 0.990980, 0.007433
77.710000, 4369.392719, 11373.206229, 264.569845, -0.134081, 0.990970, 0.007432
77.720000, 4369.830369, 11375.815722, 264.593866, -0.134154, 0.990960, 0.007432
77.730000, 4370.267780, 11378.425499, 264.617887, -0.134228, 0.990950, 0.007432
77.740000, 4370.704952, 11381.035559, 264.641912, -0.134302, 0.990941, 0.007431
77.750000, 4371.141886, 11383.645903, 264.665941, -0.134375, 0.990931, 0.007431
77.760000, 4371.578581, 11386.256530, 264.689971, -0.134449, 0.990921, 0.007431
77.770000, 4372.015037, 11388.867441, 264.714004, -0.134522, 0.990911, 0.007430
77.780000, 4372.451254, 11391.478636, 264.738038, -0.134596, 0.990901, 0.007430
77.790000, 4372.887232, 11394.090114, 264.762075, -0.134670, 0.990891, 0.007429
77.800000, 4373.322971, 11396.701876, 264.786117, -0.134743, 0.990881, 0.007429
77.810000, 4373.758471, 11399.313922, 264.810159, -0.134817, 0.990871, 0.007429
77.820000, 4374.193731, 11401.926251, 264.834204, -0.134890, 0.990861, 0.007428
77.830000, 4374.628752, 11404.538864, 264.858251, -0.134964, 0.990850, 0.007428
77.840000, 4375.063534, 11407.151760, 264.882301, -0.135038, 0.990840, 0.007427
77.850000, 4375.498076, 11409.764940, 264.906355, -0.135111, 0.990830, 0.007427
77.860000, 4375.932378, 11412.378404, 264.930409, -0.135185, 0.990820, 0.007427
77.870000, 4376.366441, 11414.992152, 264.954468, -0.135258, 0.990810, 0.007426
77.880000, 4376.800264, 11417.606183, 264.978527, -0.135332, 0.990800, 0.007426
77.890000, 4377.233847, 11420.220498, 265.002590, -0.135406, 0.990790, 0.007425
77.900000, 4377.667190, 11422.835097, 265.026656, -0.135479, 0.990780, 0.007425
77.910000, 4378.100293, 11425.449979, 265.050723, -0.135553, 0.990770, 0.007425
77.920000, 4378.533156, 11428.065146, 265.074794, -0.135626, 0.990760, 0.007424
77.930000, 4378.965779, 11430.680596, 265.098868, -0.135700, 0.990750, 0.007424
77.940000, 4379.398161, 11433.296329, 265.122944, -0.135773, 0.990740, 0.007424
77.950000, 4379.830304, 11435.912347, 265.147023, -0.135847, 0.990730, 0.007423
77.960000, 4380.262205, 11438.528648, 265.171103, -0.135920, 0.990720, 0.007423
77.970000, 4380.693867, 11441.145233, 265.195186, -0.135994, 0.990710, 0.007422
77.980000, 4381.125287, 11443.762102, 265.219273, -0.136068, 0.990700, 0.007422
77.990000, 4381.556467, 11446.379255, 265.243361, -0.136141, 0.990689, 0.007422
78.000000, 4381.987406, 11448.996691, 265.267453, -0.136215, 0.990679, 0.007421
78.010000, 4382.418105, 11451.614411, 265.291545, -0.136288, 0.990669, 0.007421
78.020000, 4382.848562, 11454.232415, 265.315641, -0.136362, 0.990659, 0.007420
78.030000, 4383.278778, 11456.850703, 265.339741, -0.136435, 0.990649, 0.007420
78.040000, 4383.708754, 11459.469275, 265.363842, -0.136509, 0.990639, 0.007420
78.050000, 4384.138488, 11462.088131, 265.387946, -0.136582, 0.990629, 0.007419
78.060000, 4384.567981, 11464.707270, 265.412054, -0.136656, 0.990619, 0.007419
78.070000, 4384.997232, 11467.326694, 265.436162, -0.136729, 0.990608, 0.007418
78.080000, 4385.426242, 11469.946401, 265.460275, -0.136803, 0.990598, 0.007418
78.090000, 4385.855011, 11472.566392, 265.484388, -0.136876, 0.990588, 0.007417
78.100000, 4386.283538, 11475.186667, 265.508505, -0.136950, 0.990578, 0.007417
78.110000, 4386.711823, 11477.807226, 265.532626, -0.137023, 0.990568, 0.007417
78.120000, 4387.139867, 11480.428069, 265.556747, -0.137096, 0.990558, 0.007416
78.130000, 4387.567668, 11483.049196, 265.580872, -0.137170, 0.990548, 0.007416
78.140000, 4387.995228, 11485.670606, 265.605001, -0.137243, 0.990537, 0.007415
78.150000, 4388.422546, 11488.292301, 265.629131, -0.137317, 0.990527, 0.007415
78.160000, 4388.849622, 11490.914280, 265.653264, -0.137390, 0.990517, 0.007415
78.170000, 4389.276455, 11493.536542, 265.677398, -0.137464, 0.990507, 0.007414
78.180000, 4389.703047, 11496.159089, 265.701536, -0.137537, 0.990497, 0.007414
78.190000, 4390.129396, 11498.781919, 265.725677, -0.137611, 0.990486, 0.007413
78.200000, 4390.555502, 11501.405034, 265.749820, -0.137684, 0.990476, 0.007413
78.210000, 4390.981367, 11504.028432, 265.773966, -0.137757, 0.990466, 0.007413
78.220000, 4391.406988, 11506.652115, 265.798115, -0.137831, 0.990456, 0.007412
78.230000, 4391.832367, 11509.276082, 265.822266, -0.137904, 0.990446, 0.007412
78.240000, 4392.257503, 11511.900332, 265.846420, -0.137978, 0.990435, 0.007411
78.250000, 4392.682397, 11514.524867, 265.870575, -0.138051, 0.990425, 0.007411
78.260000, 4393.107047, 11517.149685, 265.894734, -0.138124, 0.990415, 0.007411
78.270000, 4393.531455, 11519.774788, 265.918897, -0.138198, 0.990405, 0.007410
78.280000, 4393.955619, 11522.400175, 265.943060, -0.138271, 0.990394, 0.007410
78.290000, 4394.379540, 11525.025846, 265.967227, -0.138345, 0.990384, 0.007409
78.300000, 4394.803218, 11527.651801, 265.991398, -0.138418, 0.990374, 0.007409
78.310000, 4395.226653, 11530.278040, 266.015569, -0.138491, 0.990364, 0.007408
78.320000, 4395.649844, 11532.904563, 266.039744, -0.138565, 0.990353, 0.007408
78.330000, 4396.072792, 11535.531370, 266.063921, -0.138638, 0.990343, 0.007408
78.340000, 4396.495497, 11538.158461, 266.088100, -0.138711, 0.990333, 0.007407
78.350000, 4396.917957, 11540.785837, 266.112284, -0.138785, 0.990323, 0.007407
78.360000, 4397.340174, 11543.413496, 266.136468, -0.138858, 0.990312, 0.007406
78.370000, 4397.762148, 11546.041440, 266.160656, -0.138931, 0.990302, 0.007406
78.380000, 4398.183877, 11548.669668, 266.184848, -0.139005, 0.990292, 0.007406
78.390000, 4398.605362, 11551.298180, 266.209041, -0.139078, 0.990281, 0.007405
78.400000, 4399.026604, 11553.926976, 266.233237, -0.139151, 0.990271, 0.007405
78.410000, 4399.447601, 11556.556056, 266.257434, -0.139225, 0.990261, 0.007404
78.420000, 4399.868354, 11559.185421, 266.281635, -0.139298, 0.990250, 0.007404
78.430000, 4400.288863, 11561.815070, 266.305840, -0.139371, 0.990240, 0.007403
78.440000, 4400.709127, 11564.445002, 266.330045, -0.139445, 0.990230, 0.007403
78.450000, 4401.129147, 11567.075220, 266.354254, -0.139518, 0.990220, 0.007403
78.460000, 4401.548922, 11569.705721, 266.378467, -0.139591, 0.990209, 0.007402
78.470000, 4401.968453, 11572.336507, 266.402681, -0.139665, 0.990199, 0.007402
78.480000, 4402.387739, 11574.967576, 266.426898, -0.139738, 0.990189, 0.007401
78.490000, 4402.806780, 11577.598930, 266.451117, -0.139811, 0.990178, 0.007401
78.500000, 4403.225576, 11580.230569, 266.475339, -0.139884, 0.990168, 0.007400
78.510000, 4403.644128, 11582.862491, 266.499564, -0.139958, 0.990157, 0.007400
78.520000, 4404.062434, 11585.494698, 266.523791, -0.140031, 0.990147, 0.007400
78.530000, 4404.480496, 11588.127189, 266.548021, -0.140104, 0.990137, 0.007399
78.540000, 4404.898312, 11590.759965, 266.572255, -0.140177, 0.990126, 0.007399
78.550000, 4405.315883, 11593.393024, 266.596490, -0.140251, 0.990116, 0.007398
78.560000, 4405.733208, 11596.026368, 266.620729, -0.140324, 0.990106, 0.007398
78.570000, 4406.150288, 11598.659997, 266.644971, -0.140397, 0.990095, 0.007397
78.580000, 4406.567123, 11601.293909, 266.669215, -0.140470, 0.990085, 0.007397
78.590000, 4406.983712, 11603.928107, 266.693461, -0.140544, 0.990074, 0.007397
78.600000, 4407.400055, 11606.562588, 266.717709, -0.140617, 0.990064, 0.007396
78.610000, 4407.816153, 11609.197354, 266.741961, -0.140690, 0.990054, 0.007396
78.620000, 4408.232004, 11611.832404, 266.766216, -0.140763, 0.990043, 0.007395
78.630000, 4408.647610, 11614.467738, 266.790472, -0.140837, 0.990033, 0.007395
78.640000, 4409.062970, 11617.103357, 266.814732, -0.140910, 0.990022, 0.007394
78.650000, 4409.478083, 11619.739260, 266.838996, -0.140983, 0.990012, 0.007394
78.660000, 4409.892951, 11622.375448, 266.863260, -0.141056, 0.990002, 0.007393
78.670000, 4410.307572, 11625.011920, 266.887529, -0.141129, 0.989991, 0.007393
78.680000, 4410.721947, 11627.648676, 266.911801, -0.141203, 0.989981, 0.007393
78.690000, 4411.136076, 11630.285717, 266.936073, -0.141276, 0.989970, 0.007392
78.700000, 4411.549958, 11632.923042, 266.960350, -0.141349, 0.989960, 0.007392
78.710000, 4411.963593, 11635.560652, 266.984628, -0.141422, 0.989949, 0.007391
78.720000, 4412.376982, 11638.198546, 267.008909, -0.141495, 0.989939, 0.007391
78.730000, 4412.790124, 11640.836724, 267.033194, -0.141568, 0.989928, 0.007390
78.740000, 4413.203019, 11643.475188, 267.057480, -0.141642, 0.989918, 0.007390
78.750000, 4413.615667, 11646.113935, 267.081769, -0.141715, 0.989908, 0.007390
78.760000, 4414.028069, 11648.752967, 267.106062, -0.141788, 0.989897, 0.007389
78.770000, 4414.440223, 11651.392284, 267.130357, -0.141861, 0.989887, 0.007389
78.780000, 4414.852130, 11654.031885, 267.154655, -0.141934, 0.989876, 0.007388
78.790000, 4415.263790, 11656.671770, 267.178956, -0.142007, 0.989866, 0.007388
78.800000, 4415.675202, 11659.311940, 267.203259, -0.142080, 0.989855, 0.007387
78.810000, 4416.086367, 11661.952395, 267.227565, -0.142153, 0.989845, 0.007387
78.820000, 4416.497285, 11664.593134, 267.251872, -0.142227, 0.989834, 0.007386
78.830000, 4416.907955, 11667.234157, 267.276183, -0.142300, 0.989824, 0.007386
78.840000, 4417.318378, 11669.875466, 267.300498, -0.142373, 0.989813, 0.007386
78.850000, 4417.728552, 11672.517058, 267.324814, -0.142446, 0.989803, 0.007385
78.860000, 4418.138479, 11675.158936, 267.349133, -0.142519, 0.989792, 0.007385
78.870000, 4418.548159, 11677.801098, 267.373456, -0.142592, 0.989782, 0.007384
78.880000, 4418.957590, 11680.443544, 267.397780, -0.142665, 0.989771, 0.007384
78.890000, 4419.366773, 11683.086275, 267.422108, -0.142738, 0.989760, 0.007383
78.900000, 4419.775708, 11685.729291, 267.446440, -0.142811, 0.989750, 0.007383
78.910000, 4420.184394, 11688.372591, 267.470772, -0.142884, 0.989739, 0.007382
78.920000, 4420.592833, 11691.016176, 267.495108, -0.142957, 0.989729, 0.007382
78.930000, 4421.001023, 11693.660046, 267.519448, -0.143031, 0.989718, 0.007381
78.940000, 4421.408964, 11696.304200, 267.543789, -0.143104, 0.989708, 0.007381
78.950000, 4421.816658, 11698.948639, 267.568134, -0.143177, 0.989697, 0.007381
78.960000, 4422.224102, 11701.593362, 267.592479, -0.143250, 0.989687, 0.007380
78.970000, 4422.631298, 11704.238371, 267.616829, -0.143323, 0.989676, 0.007380
78.980000, 4423.038245, 11706.883663, 267.641182, -0.143396, 0.989665, 0.007379
78.990000, 4423.444943, 11709.529241, 267.665536, -0.143469, 0.989655, 0.007379
79.000000, 4423.851392, 11712.175103, 267.689893, -0.143542, 0.989644, 0.007378
79.010000, 4424.257592, 11714.821250, 267.714255, -0.143615, 0.989634, 0.007378
79.020000, 4424.663543, 11717.467682, 267.738617, -0.143688, 0.989623, 0.007377
79.030000, 4425.069245, 11720.114398, 267.762983, -0.143761, 0.989612, 0.007377
79.040000, 4425.474698, 11722.761399, 267.787353, -0.143834, 0.989602, 0.007376
79.050000, 4425.879901, 11725.408685, 267.811724, -0.143907, 0.989591, 0.007376
79.060000, 4426.284855, 11728.056256, 267.836099, -0.143980, 0.989581, 0.007376
79.070000, 4426.689559, 11730.704111, 267.860477, -0.144053, 0.989570, 0.007375
79.080000, 4427.094014, 11733.352251, 267.884856, -0.144126, 0.989559, 0.007375
79.090000, 4427.498219, 11736.000676, 267.909239, -0.144199, 0.989549, 0.007374
79.100000, 4427.902174, 11738.649386, 267.933626, -0.144272, 0.989538, 0.007374
79.110000, 4428.305879, 11741.298380, 267.958014, -0.144345, 0.989527, 0.007373
79.120000, 4428.709335, 11743.947660, 267.982406, -0.144418, 0.989517, 0.007373
79.130000, 4429.112540, 11746.597224, 268.006798, -0.144491, 0.989506, 0.007372
79.140000, 4429.515496, 11749.247072, 268.031194, -0.144563, 0.989496, 0.007372
79.150000, 4429.918201, 11751.897206, 268.055594, -0.144636, 0.989485, 0.007371
79.160000, 4430.320656, 11754.547625, 268.079995, -0.144709, 0.989474, 0.007371
79.170000, 4430.722860, 11757.198328, 268.104400, -0.144782, 0.989464, 0.007370
79.180000, 4431.124815, 11759.849316, 268.128809, -0.144855, 0.989453, 0.007370
79.190000, 4431.526518, 11762.500589, 268.153218, -0.144928, 0.989442, 0.007370
79.200000, 4431.927972, 11765.152147, 268.177631, -0.145001, 0.989432, 0.007369
79.210000, 4432.329174, 11767.803990, 268.202048, -0.145074, 0.989421, 0.007369
79.220000, 4432.730126, 11770.456118, 268.226466, -0.145147, 0.989410, 0.007368
79.230000, 4433.130827, 11773.108530, 268.250888, -0.145220, 0.989399, 0.007368
79.240000, 4433.531277, 11775.761228, 268.275314, -0.145293, 0.989389, 0.007367
79.250000, 4433.931476, 11778.414210, 268.299740, -0.145365, 0.989378, 0.007367
79.260000, 4434.331424, 11781.067478, 268.324170, -0.145438, 0.989367, 0.007366
79.270000, 4434.731121, 11783.721030, 268.348604, -0.145511, 0.989357, 0.007366
79.280000, 4435.130567, 11786.374867, 268.373039, -0.145584, 0.989346, 0.007365
79.290000, 4435.529761, 11789.028989, 268.397478, -0.145657, 0.989335, 0.007365
79.300000, 4435.928704, 11791.683397, 268.421921, -0.145730, 0.989324, 0.007364
79.310000, 4436.327395, 11794.338089, 268.446364, -0.145803, 0.989314, 0.007364
79.320000, 4436.725835, 11796.993066, 268.470811, -0.145876, 0.989303, 0.007363
79.330000, 4437.124024, 11799.648328, 268.495260, -0.145948, 0.989292, 0.007363
79.340000, 4437.521960, 11802.303875, 268.519712, -0.146021, 0.989281, 0.007362
79.350000, 4437.919645, 11804.959707, 268.544168, -0.146094, 0.989271, 0.007362
79.360000, 4438.317078, 11807.615824, 268.568625, -0.146167, 0.989260, 0.007362
79.370000, 4438.714259, 11810.272226, 268.593085, -0.146240, 0.989249, 0.007361
79.380000, 4439.111188, 11812.928913, 268.617549, -0.146313, 0.989238, 0.007361
79.390000, 4439.507865, 11815.585885, 268.642015, -0.146385, 0.989228, 0.007360
79.400000, 4439.904289, 11818.243142, 268.666484, -0.146458, 0.989217, 0.007360
79.410000, 4440.300462, 11820.900684, 268.690957, -0.146531, 0.989206, 0.007359
79.420000, 4440.696382, 11823.558512, 268.715431, -0.146604, 0.989195, 0.007359
79.430000, 4441.092049, 11826.216624, 268.739909, -0.146676, 0.989185, 0.007358
79.440000, 4441.487464, 11828.875021, 268.764390, -0.146749, 0.989174, 0.007358
79.450000, 4441.882626, 11831.533704, 268.788873, -0.146822, 0.989163, 0.007357
79.460000, 4442.277536, 11834.192671, 268.813359, -0.146895, 0.989152, 0.007357
79.470000, 4442.672193, 11836.851924, 268.837849, -0.146968, 0.989141, 0.007356
79.480000, 4443.066597, 11839.511462, 268.862340, -0.147040, 0.989130, 0.007356
79.490000, 4443.460748, 11842.171285, 268.886835, -0.147113, 0.989120, 0.007355
79.500000, 4443.854646, 11844.831393, 268.911333, -0.147186, 0.989109, 0.007355
79.510000, 4444.248291, 11847.491786, 268.935833, -0.147259, 0.989098, 0.007354
79.520000, 4444.641683, 11850.152464, 268.960337, -0.147331, 0.989087, 0.007354
79.530000, 4445.034822, 11852.813428, 268.984844, -0.147404, 0.989076, 0.007353
79.540000, 4445.427707, 11855.474676, 269.009352, -0.147477, 0.989066, 0.007353
79.550000, 4445.820339, 11858.136210, 269.033864, -0.147549, 0.989055, 0.007352
79.560000, 4446.212717, 11860.798029, 269.058380, -0.147622, 0.989044, 0.007352
79.570000, 4446.604842, 11863.460134, 269.082897, -0.147695, 0.989033, 0.007351
79.580000, 4446.996713, 11866.122523, 269.107417, -0.147768, 0.989022, 0.007351
79.590000, 4447.388330, 11868.785197, 269.131942, -0.147840, 0.989011, 0.007350
79.600000, 4447.779694, 11871.448157, 269.156467, -0.147913, 0.989000, 0.007350
79.610000, 4448.170803, 11874.111402, 269.180996, -0.147986, 0.988990, 0.007349
79.620000, 4448.561659, 11876.774933, 269.205529, -0.148058, 0.988979, 0.007349
79.630000, 4448.952261, 11879.438748, 269.230063, -0.148131, 0.988968, 0.007348
79.640000, 4449.342608, 11882.102849, 269.254601, -0.148204, 0.988957, 0.007348
79.650000, 4449.732701, 11884.767235, 269.279143, -0.148276, 0.988946, 0.007347
79.660000, 4450.122540, 11887.431906, 269.303685, -0.148349, 0.988935, 0.007347
79.670000, 4450.512124, 11890.096863, 269.328232, -0.148422, 0.988924, 0.007347
79.680000, 4450.901454, 11892.762105, 269.352782, -0.148494, 0.988913, 0.007346
79.690000, 4451.290530, 11895.427632, 269.377333, -0.148567, 0.988902, 0.007346
79.700000, 4451.679350, 11898.093444, 269.401889, -0.148640, 0.988891, 0.007345
79.710000, 4452.067917, 11900.759542, 269.426447, -0.148712, 0.988881, 0.007345
79.720000, 4452.456228, 11903.425925, 269.451007, -0.148785, 0.988870, 0.007344
79.730000, 4452.844284, 11906.092594, 269.475571, -0.148857, 0.988859, 0.007344
79.740000, 4453.232086, 11908.759548, 269.500139, -0.148930, 0.988848, 0.007343
79.750000, 4453.619632, 11911.426787, 269.524707, -0.149003, 0.988837, 0.007343
79.760000, 4454.006923, 11914.094311, 269.549280, -0.149075, 0.988826, 0.007342
79.770000, 4454.393959, 11916.762121, 269.573856, -0.149148, 0.988815, 0.007342
79.780000, 4454.780740, 11919.430216, 269.598433, -0.149220, 0.988804, 0.007341
79.790000, 4455.167265, 11922.098597, 269.623014, -0.149293, 0.988793, 0.007341
79.800000, 4455.553535, 11924.767263, 269.647599, -0.149366, 0.988782, 0.007340
79.810000, 4455.939550, 11927.436214, 269.672185, -0.149438, 0.988771, 0.007340
79.820000, 4456.325308, 11930.105451, 269.696774, -0.149511, 0.988760, 0.007339
79.830000, 4456.710811, 11932.774973, 269.721368, -0.149583, 0.988749, 0.007339
79.840000, 4457.096059, 11935.444781, 269.745963, -0.149656, 0.988738, 0.007338
79.850000, 4457.481050, 11938.114874, 269.770561, -0.149728, 0.988727, 0.007338
79.860000, 4457.865786, 11940.785253, 269.795163, -0.149801, 0.988716, 0.007337
79.870000, 4458.250265, 11943.455917, 269.819766, -0.149874, 0.988705, 0.007337
79.880000, 4458.634489, 11946.126866, 269.844374, -0.149946, 0.988694, 0.007336
79.890000, 4459.018456, 11948.798101, 269.868984, -0.150019, 0.988683, 0.007336
79.900000, 4459.402167, 11951.469621, 269.893596, -0.150091, 0.988672, 0.007335
79.910000, 4459.785621, 11954.141427, 269.918212, -0.150164, 0.988661, 0.007335
79.920000, 4460.168820, 11956.813519, 269.942832, -0.150236, 0.988650, 0.007334
79.930000, 4460.551761, 11959.485896, 269.967452, -0.150309, 0.988639, 0.007334
79.940000, 4460.934446, 11962.158558, 269.992077, -0.150381, 0.988628, 0.007333
79.950000, 4461.316875, 11964.831506, 270.016705, -0.150454, 0.988617, 0.007332
79.960000, 4461.699047, 11967.504739, 270.041335, -0.150526, 0.988606, 0.007332
79.970000, 4462.080961, 11970.178258, 270.065968, -0.150599, 0.988595, 0.007331
79.980000, 4462.462619, 11972.852063, 270.090605, -0.150671, 0.988584, 0.007331
79.990000, 4462.844020, 11975.526153, 270.115243, -0.150744, 0.988573, 0.007330
80.000000, 4463.225164, 11978.200529, 270.139885, -0.150816, 0.988562, 0.007330
80.010000, 4463.606051, 11980.875190, 270.164531, -0.150888, 0.988551, 0.007329
80.020000, 4463.986680, 11983.550137, 270.189177, -0.150961, 0.988540, 0.007329
80.030000, 4464.367053, 11986.225369, 270.213828, -0.151033, 0.988529, 0.007328
80.040000, 4464.747167, 11988.900887, 270.238482, -0.151106, 0.988518, 0.007328
80.050000, 4465.127025, 11991.576691, 270.263138, -0.151178, 0.988507, 0.007327
80.060000, 4465.506624, 11994.252780, 270.287798, -0.151251, 0.988495, 0.007327
80.070000, 4465.885967, 11996.929155, 270.312461, -0.151323, 0.988484, 0.007326
80.080000, 4466.265051, 11999.605815, 270.337125, -0.151395, 0.988473, 0.007326
80.090000, 4466.643878, 12002.282761, 270.361793, -0.151468, 0.988462, 0.007325
80.100000, 4467.022446, 12004.959993, 270.386465, -0.151540, 0.988451, 0.007325
80.110000, 4467.400757, 12007.637510, 270.411138, -0.151613, 0.988440, 0.007324
80.120000, 4467.778810, 12010.315313, 270.435815, -0.151685, 0.988429, 0.007324
80.130000, 4468.156604, 12012.993402, 270.460496, -0.151757, 0.988418, 0.007323
80.140000, 4468.534141, 12015.671776, 270.485178, -0.151830, 0.988407, 0.007323
80.150000, 4468.911419, 12018.350436, 270.509863, -0.151902, 0.988396, 0.007322
80.160000, 4469.288439, 12021.029382, 270.534553, -0.151975, 0.988384, 0.007322
80.170000, 4469.665200, 12023.708614, 270.559246, -0.152047, 0.988373, 0.007321
80.180000, 4470.041703, 12026.388131, 270.583941, -0.152119, 0.988362, 0.007321
80.190000, 4470.417947, 12029.067934, 270.608639, -0.152192, 0.988351, 0.007320
80.200000, 4470.793932, 12031.748023, 270.633341, -0.152264, 0.988340, 0.007320
80.210000, 4471.169659, 12034.428397, 270.658044, -0.152336, 0.988329, 0.007319
80.220000, 4471.545127, 12037.109057, 270.682751, -0.152409, 0.988318, 0.007319
80.230000, 4471.920336, 12039.790003, 270.707462, -0.152481, 0.988306, 0.007318
80.240000, 4472.295285, 12042.471235, 270.732174, -0.152553, 0.988295, 0.007318
80.250000, 4472.669976, 12045.152753, 270.756890, -0.152626, 0.988284, 0.007317
80.260000, 4473.044408, 12047.834556, 270.781610, -0.152698, 0.988273, 0.007316
80.270000, 4473.418580, 12050.516645, 270.806330, -0.152770, 0.988262, 0.007316
80.280000, 4473.792493, 12053.199020, 270.831055, -0.152843, 0.988251, 0.007315
80.290000, 4474.166147, 12055.881681, 270.855783, -0.152915, 0.988239, 0.007315
80.300000, 4474.539541, 12058.564627, 270.880513, -0.152987, 0.988228, 0.007314
80.310000, 4474.912675, 12061.247859, 270.905247, -0.153059, 0.988217, 0.007314
80.320000, 4475.285550, 12063.931378, 270.929984, -0.153132, 0.988206, 0.007313
80.330000, 4475.658165, 12066.615182, 270.954722, -0.153204, 0.988195, 0.007313
80.340000, 4476.030521, 12069.299272, 270.979465, -0.153276, 0.988183, 0.007312
80.350000, 4476.402616, 12071.983647, 271.004211, -0.153348, 0.988172, 0.007312
80.360000, 4476.774451, 12074.668309, 271.028958, -0.153421, 0.988161, 0.007311
80.370000, 4477.146027, 12077.353256, 271.053709, -0.153493, 0.988150, 0.007311
80.380000, 4477.517342, 12080.038490, 271.078464, -0.153565, 0.988139, 0.007310
80.390000, 4477.888397, 12082.724009, 271.103223, -0.153637, 0.988127, 0.007310
80.400000, 4478.259192, 12085.409814, 271.127983, -0.153710, 0.988116, 0.007309
80.410000, 4478.629726, 12088.095906, 271.152747, -0.153782, 0.988105, 0.007309
80.420000, 4479.000000, 12090.782283, 271.177514, -0.153854, 0.988094, 0.007308
80.430000, 4479.370013, 12093.468946, 271.202283, -0.153926, 0.988082, 0.007307
80.440000, 4479.739766, 12096.155895, 271.227056, -0.153998, 0.988071, 0.007307
80.450000, 4480.109257, 12098.843129, 271.251832, -0.154071, 0.988060, 0.007306
80.460000, 4480.478489, 12101.530650, 271.276610, -0.154143, 0.988049, 0.007306
80.470000, 4480.847459, 12104.218457, 271.301391, -0.154215, 0.988037, 0.007305
80.480000, 4481.216168, 12106.906550, 271.326176, -0.154287, 0.988026, 0.007305
80.490000, 4481.584616, 12109.594929, 271.350963, -0.154359, 0.988015, 0.007304
80.500000, 4481.952804, 12112.283593, 271.375753, -0.154431, 0.988004, 0.007304
80.510000, 4482.320729, 12114.972544, 271.400548, -0.154504, 0.987992, 0.007303
80.520000, 4482.688394, 12117.661781, 271.425343, -0.154576, 0.987981, 0.007303
80.530000, 4483.055797, 12120.351304, 271.450142, -0.154648, 0.987970, 0.007302
80.540000, 4483.422939, 12123.041112, 271.474945, -0.154720, 0.987958, 0.007302
80.550000, 4483.789820, 12125.731207, 271.499752, -0.154792, 0.987947, 0.007301
80.560000, 4484.156438, 12128.421588, 271.524560, -0.154864, 0.987936, 0.007301
80.570000, 4484.522796, 12131.112255, 271.549372, -0.154936, 0.987924, 0.007300
80.580000, 4484.888891, 12133.803208, 271.574188, -0.155009, 0.987913, 0.007299
80.590000, 4485.254724, 12136.494447, 271.599005, -0.155081, 0.987902, 0.007299
80.600000, 4485.620296, 12139.185972, 271.623826, -0.155153, 0.987890, 0.007298
80.610000, 4485.985605, 12141.877784, 271.648651, -0.155225, 0.987879, 0.007298
80.620000, 4486.350653, 12144.569881, 271.673477, -0.155297, 0.987868, 0.007297
80.630000, 4486.715438, 12147.262265, 271.698307, -0.155369, 0.987857, 0.007297
80.640000, 4487.079961, 12149.954934, 271.723140, -0.155441, 0.987845, 0.007296
80.650000, 4487.444222, 12152.647890, 271.747975, -0.155513, 0.987834, 0.007296
80.660000, 4487.808220, 12155.341132, 271.772814, -0.155585, 0.987822, 0.007295
80.670000, 4488.171956, 12158.034660, 271.797656, -0.155657, 0.987811, 0.007295
80.680000, 4488.535429, 12160.728474, 271.822503, -0.155729, 0.987800, 0.007294
80.690000, 4488.898640, 12163.422574, 271.847350, -0.155801, 0.987788, 0.007293
80.700000, 4489.261588, 12166.116960, 271.872202, -0.155873, 0.987777, 0.007293
80.710000, 4489.624273, 12168.811633, 271.897057, -0.155945, 0.987766, 0.007292
80.720000, 4489.986695, 12171.506592, 271.921914, -0.156017, 0.987754, 0.007292
80.730000, 4490.348854, 12174.201837, 271.946774, -0.156089, 0.987743, 0.007291
80.740000, 4490.710751, 12176.897368, 271.971638, -0.156161, 0.987732, 0.007291
80.750000, 4491.072384, 12179.593185, 271.996504, -0.156234, 0.987720, 0.007290
80.760000, 4491.433753, 12182.289289, 272.021373, -0.156306, 0.987709, 0.007290
80.770000, 4491.794860, 12184.985679, 272.046246, -0.156377, 0.987697, 0.007289
80.780000, 4492.155703, 12187.682355, 272.071121, -0.156449, 0.987686, 0.007289
80.790000, 4492.516283, 12190.379317, 272.095999, -0.156521, 0.987675, 0.007288
80.800000, 4492.876599, 12193.076566, 272.120881, -0.156593, 0.987663, 0.007287
80.810000, 4493.236652, 12195.774100, 272.145767, -0.156665, 0.987652, 0.007287
80.820000, 4493.596440, 12198.471921, 272.170655, -0.156737, 0.987640, 0.007286
80.830000, 4493.955966, 12201.170029, 272.195546, -0.156809, 0.987629, 0.007286
80.840000, 4494.315227, 12203.868422, 272.220441, -0.156881, 0.987617, 0.007285
80.850000, 4494.674224, 12206.567102, 272.245337, -0.156953, 0.987606, 0.007285
80.860000, 4495.032957, 12209.266069, 272.270237, -0.157025, 0.987595, 0.007284
80.870000, 4495.391427, 12211.965321, 272.295141, -0.157097, 0.987583, 0.007284
80.880000, 4495.749632, 12214.664860, 272.320046, -0.157169, 0.987572, 0.007283
80.890000, 4496.107572, 12217.364685, 272.344955, -0.157241, 0.987560, 0.007282
80.900000, 4496.465249, 12220.064797, 272.369868, -0.157313, 0.987549, 0.007282
80.910000, 4496.822661, 12222.765194, 272.394785, -0.157385, 0.987537, 0.007281
80.920000, 4497.179808, 12225.465879, 272.419703, -0.157457, 0.987526, 0.007281
80.930000, 4497.536691, 12228.166849, 272.444625, -0.157529, 0.987514, 0.007280
80.940000, 4497.893309, 12230.868106, 272.469551, -0.157600, 0.987503, 0.007280
80.950000, 4498.249663, 12233.569649, 272.494478, -0.157672, 0.987491, 0.007279
80.960000, 4498.605751, 12236.271479, 272.519409, -0.157744, 0.987480, 0.007278
80.970000, 4498.961575, 12238.973595, 272.544344, -0.157816, 0.987469, 0.007278
80.980000, 4499.317134, 12241.675998, 272.569280, -0.157888, 0.987457, 0.007277
80.990000, 4499.672428, 12244.378687, 272.594220, -0.157960, 0.987446, 0.007277
81.000000, 4500.027456, 12247.081662, 272.619164, -0.158032, 0.987434, 0.007276
81.010000, 4500.382220, 12249.784924, 272.644112, -0.158103, 0.987423, 0.007276
81.020000, 4500.736718, 12252.488472, 272.669061, -0.158175, 0.987411, 0.007275
81.030000, 4501.090950, 12255.192307, 272.694014, -0.158247, 0.987400, 0.007275
81.040000, 4501.444918, 12257.896428, 272.718970, -0.158319, 0.987388, 0.007274
81.050000, 4501.798619, 12260.600835, 272.743928, -0.158391, 0.987377, 0.007273
81.060000, 4502.152055, 12263.305529, 272.768890, -0.158463, 0.987365, 0.007273
81.070000, 4502.505226, 12266.010510, 272.793856, -0.158534, 0.987353, 0.007272
81.080000, 4502.858130, 12268.715777, 272.818826, -0.158606, 0.987342, 0.007272
81.090000, 4503.210769, 12271.421330, 272.843797, -0.158678, 0.987330, 0.007271
81.100000, 4503.563142, 12274.127170, 272.868772, -0.158750, 0.987319, 0.007271
81.110000, 4503.915248, 12276.833297, 272.893750, -0.158822, 0.987307, 0.007270
81.120000, 4504.267089, 12279.539710, 272.918730, -0.158893, 0.987296, 0.007269
81.130000, 4504.618663, 12282.246409, 272.943714, -0.158965, 0.987284, 0.007269
81.140000, 4504.969971, 12284.953395, 272.968702, -0.159037, 0.987273, 0.007268
81.150000, 4505.321013, 12287.660668, 272.993691, -0.159109, 0.987261, 0.007268
81.160000, 4505.671788, 12290.368227, 273.018684, -0.159180, 0.987250, 0.007267
81.170000, 4506.022297, 12293.076073, 273.043681, -0.159252, 0.987238, 0.007267
81.180000, 4506.372539, 12295.784205, 273.068682, -0.159324, 0.987226, 0.007266
81.190000, 4506.722515, 12298.492624, 273.093684, -0.159396, 0.987215, 0.007265
81.200000, 4507.072224, 12301.201330, 273.118690, -0.159467, 0.987203, 0.007265
81.210000, 4507.421666, 12303.910322, 273.143700, -0.159539, 0.987192, 0.007264
81.220000, 4507.770841, 12306.619601, 273.168711, -0.159611, 0.987180, 0.007264
81.230000, 4508.119749, 12309.329166, 273.193726, -0.159682, 0.987168, 0.007263
81.240000, 4508.468390, 12312.039018, 273.218745, -0.159754, 0.987157, 0.007263
81.250000, 4508.816764, 12314.749157, 273.243767, -0.159826, 0.987145, 0.007262
81.260000, 4509.164870, 12317.459582, 273.268792, -0.159897, 0.987134, 0.007261
81.270000, 4509.512710, 12320.170294, 273.293820, -0.159969, 0.987122, 0.007261
81.280000, 4509.860282, 12322.881292, 273.318851, -0.160041, 0.987110, 0.007260
81.290000, 4510.207586, 12325.592578, 273.343885, -0.160112, 0.987099, 0.007260
81.300000, 4510.554623, 12328.304150, 273.368922, -0.160184, 0.987087, 0.007259
81.310000, 4510.901392, 12331.016008, 273.393963, -0.160256, 0.987076, 0.007259
81.320000, 4511.247894, 12333.728153, 273.419008, -0.160327, 0.987064, 0.007258
81.330000, 4511.594127, 12336.440585, 273.444054, -0.160399, 0.987052, 0.007257
81.340000, 4511.940093, 12339.153304, 273.469104, -0.160471, 0.987041, 0.007257
81.350000, 4512.285791, 12341.866310, 273.494158, -0.160542, 0.987029, 0.007256
81.360000, 4512.631221, 12344.579602, 273.519213, -0.160614, 0.987017, 0.007256
81.370000, 4512.976383, 12347.293181, 273.544273, -0.160685, 0.987006, 0.007255
81.380000, 4513.321276, 12350.007046, 273.569336, -0.160757, 0.986994, 0.007254
81.390000, 4513.665902, 12352.721199, 273.594403, -0.160829, 0.986982, 0.007254
81.400000, 4514.010259, 12355.435638, 273.619471, -0.160900, 0.986971, 0.007253
81.410000, 4514.354347, 12358.150364, 273.644544, -0.160972, 0.986959, 0.007253
81.420000, 4514.698167, 12360.865376, 273.669620, -0.161043, 0.986947, 0.007252
81.430000, 4515.041718, 12363.580676, 273.694697, -0.161115, 0.986936, 0.007252
81.440000, 4515.385001, 12366.296262, 273.719779, -0.161187, 0.986924, 0.007251
81.450000, 4515.728015, 12369.012135, 273.744864, -0.161258, 0.986912, 0.007250
81.460000, 4516.070760, 12371.728295, 273.769953, -0.161330, 0.986901, 0.007250
81.470000, 4516.413236, 12374.444742, 273.795044, -0.161401, 0.986889, 0.007249
81.480000, 4516.755443, 12377.161475, 273.820139, -0.161473, 0.986877, 0.007249
81.490000, 4517.097381, 12379.878496, 273.845237, -0.161544, 0.986865, 0.007248
81.500000, 4517.439050, 12382.595803, 273.870337, -0.161616, 0.986854, 0.007247
81.510000, 4517.780450, 12385.313397, 273.895440, -0.161687, 0.986842, 0.007247
81.520000, 4518.121580, 12388.031278, 273.920548, -0.161759, 0.986830, 0.007246
81.530000, 4518.462441, 12390.749446, 273.945660, -0.161830, 0.986819, 0.007246
81.540000, 4518.803033, 12393.467900, 273.970772, -0.161902, 0.986807, 0.007245
81.550000, 4519.143355, 12396.186642, 273.995889, -0.161973, 0.986795, 0.007244
81.560000, 4519.483407, 12398.905670, 274.021010, -0.162045, 0.986783, 0.007244
81.570000, 4519.823190, 12401.624986, 274.046132, -0.162116, 0.986772, 0.007243
81.580000, 4520.162703, 12404.344588, 274.071258, -0.162188, 0.986760, 0.007243
81.590000, 4520.501945, 12407.064477, 274.096388, -0.162259, 0.986748, 0.007242
81.600000, 4520.840918, 12409.784653, 274.121522, -0.162331, 0.986736, 0.007241
81.610000, 4521.179621, 12412.505116, 274.146657, -0.162402, 0.986725, 0.007241
81.620000, 4521.518054, 12415.225866, 274.171796, -0.162474, 0.986713, 0.007240
81.630000, 4521.856217, 12417.946903, 274.196939, -0.162545, 0.986701, 0.007240
81.640000, 4522.194109, 12420.668227, 274.222083, -0.162616, 0.986689, 0.007239
81.650000, 4522.531731, 12423.389838, 274.247232, -0.162688, 0.986678, 0.007239
81.660000, 4522.869082, 12426.111736, 274.272384, -0.162759, 0.986666, 0.007238
81.670000, 4523.206163, 12428.833921, 274.297540, -0.162831, 0.986654, 0.007237
81.680000, 4523.542974, 12431.556393, 274.322698, -0.162902, 0.986642, 0.007237
81.690000, 4523.879513, 12434.279152, 274.347859, -0.162973, 0.986630, 0.007236
81.700000, 4524.215782, 12437.002197, 274.373024, -0.163045, 0.986619, 0.007236
81.710000, 4524.551781, 12439.725530, 274.398194, -0.163116, 0.986607, 0.007235
81.720000, 4524.887508, 12442.449150, 274.423364, -0.163188, 0.986595, 0.007234
81.730000, 4525.222964, 12445.173057, 274.448539, -0.163259, 0.986583, 0.007234
81.740000, 4525.558149, 12447.897251, 274.473718, -0.163330, 0.986571, 0.007233
81.750000, 4525.893063, 12450.621732, 274.498897, -0.163402, 0.986560, 0.007233
81.760000, 4526.227706, 12453.346500, 274.524081, -0.163473, 0.986548, 0.007232
81.770000, 4526.562077, 12456.071556, 274.549269, -0.163544, 0.986536, 0.007231
81.780000, 4526.896177, 12458.796898, 274.574461, -0.163616, 0.986524, 0.007231
81.790000, 4527.230005, 12461.522527, 274.599654, -0.163687, 0.986512, 0.007230
81.800000, 4527.563562, 12464.248444, 274.624851, -0.163758, 0.986500, 0.007230
81.810000, 4527.896848, 12466.974647, 274.650052, -0.163830, 0.986489, 0.007229
81.820000, 4528.229861, 12469.701138, 274.675254, -0.163901, 0.986477, 0.007228
81.830000, 4528.562603, 12472.427916, 274.700461, -0.163972, 0.986465, 0.007228
81.840000, 4528.895073, 12475.154981, 274.725671, -0.164044, 0.986453, 0.007227
81.850000, 4529.227271, 12477.882333, 274.750885, -0.164115, 0.986441, 0.007226
81.860000, 4529.559197, 12480.609972, 274.776101, -0.164186, 0.986429, 0.007226
81.870000, 4529.890851, 12483.337899, 274.801320, -0.164257, 0.986418, 0.007225
81.880000, 4530.222232, 12486.066112, 274.826544, -0.164329, 0.986406, 0.007225
81.890000, 4530.553341, 12488.794613, 274.851771, -0.164400, 0.986394, 0.007224
81.900000, 4530.884178, 12491.523401, 274.877000, -0.164471, 0.986382, 0.007223
81.910000, 4531.214743, 12494.252476, 274.902233, -0.164542, 0.986370, 0.007223
81.920000, 4531.545035, 12496.981838, 274.927469, -0.164614, 0.986358, 0.007222
81.930000, 4531.875054, 12499.711488, 274.952708, -0.164685, 0.986346, 0.007222
81.940000, 4532.204801, 12502.441424, 274.977950, -0.164756, 0.986334, 0.007221
81.950000, 4532.534275, 12505.171648, 275.003196, -0.164827, 0.986322, 0.007220
81.960000, 4532.863476, 12507.902159, 275.028446, -0.164898, 0.986311, 0.007220
81.970000, 4533.192404, 12510.632958, 275.053697, -0.164970, 0.986299, 0.007219
81.980000, 4533.521059, 12513.364043, 275.078952, -0.165041, 0.986287, 0.007219
81.990000, 4533.849441, 12516.095416, 275.104212, -0.165112, 0.986275, 0.007218
82.000000, 4534.177550, 12518.827077, 275.129475, -0.165183, 0.986263, 0.007217
82.010000, 4534.505386, 12521.559024, 275.154739, -0.165254, 0.986251, 0.007217
82.020000, 4534.832949, 12524.291259, 275.180008, -0.165326, 0.986239, 0.007216
82.030000, 4535.160238, 12527.023781, 275.205280, -0.165397, 0.986227, 0.007215
82.040000, 4535.487253, 12529.756590, 275.230557, -0.165468, 0.986215, 0.007215
82.050000, 4535.813995, 12532.489687, 275.255835, -0.165539, 0.986203, 0.007214
82.060000, 4536.140463, 12535.223071, 275.281117, -0.165610, 0.986191, 0.007214
82.070000, 4536.466658, 12537.956742, 275.306403, -0.165681, 0.986179, 0.007213
82.080000, 4536.792579, 12540.690700, 275.331690, -0.165752, 0.986167, 0.007212
82.090000, 4537.118226, 12543.424946, 275.356981, -0.165824, 0.986155, 0.007212
82.100000, 4537.443599, 12546.159480, 275.382276, -0.165895, 0.986143, 0.007211
82.110000, 4537.768698, 12548.894300, 275.407575, -0.165966, 0.986132, 0.007211
82.120000, 4538.093522, 12551.629408, 275.432876, -0.166037, 0.986120, 0.007210
82.130000, 4538.418073, 12554.364804, 275.458180, -0.166108, 0.986108, 0.007209
82.140000, 4538.742349, 12557.100486, 275.483489, -0.166179, 0.986096, 0.007209
82.150000, 4539.066351, 12559.836457, 275.508801, -0.166250, 0.986084, 0.007208
82.160000, 4539.390079, 12562.572714, 275.534115, -0.166321, 0.986072, 0.007207
82.170000, 4539.713532, 12565.309259, 275.559433, -0.166392, 0.986060, 0.007207
82.180000, 4540.036710, 12568.046091, 275.584755, -0.166463, 0.986048, 0.007206
82.190000, 4540.359614, 12570.783211, 275.610081, -0.166534, 0.986036, 0.007206
82.200000, 4540.682243, 12573.520618, 275.635408, -0.166605, 0.986024, 0.007205
82.210000, 4541.004597, 12576.258313, 275.660739, -0.166676, 0.986012, 0.007204
82.220000, 4541.326677, 12578.996295, 275.686074, -0.166747, 0.986000, 0.007204
82.230000, 4541.648481, 12581.734565, 275.711411, -0.166819, 0.985988, 0.007203
82.240000, 4541.970010, 12584.473122, 275.736752, -0.166890, 0.985976, 0.007202
82.250000, 4542.291264, 12587.211966, 275.762096, -0.166961, 0.985964, 0.007202
82.260000, 4542.612243, 12589.951098, 275.787445, -0.167032, 0.985952, 0.007201
82.270000, 4542.932947, 12592.690518, 275.812795, -0.167103, 0.985940, 0.007201
82.280000, 4543.253375, 12595.430225, 275.838149, -0.167174, 0.985927, 0.007200
82.290000, 4543.573528, 12598.170219, 275.863507, -0.167245, 0.985915, 0.007199
82.300000, 4543.893405, 12600.910501, 275.888868, -0.167315, 0.985903, 0.007199
82.310000, 4544.213006, 12603.651071, 275.914232, -0.167386, 0.985891, 0.007198
82.320000, 4544.532332, 12606.391928, 275.939599, -0.167457, 0.985879, 0.007197
82.330000, 4544.851382, 12609.133072, 275.964970, -0.167528, 0.985867, 0.007197
82.340000, 4545.170156, 12611.874504, 275.990346, -0.167599, 0.985855, 0.007196
82.350000, 4545.488654, 12614.616224, 276.015723, -0.167670, 0.985843, 0.007196
82.360000, 4545.806876, 12617.358231, 276.041103, -0.167741, 0.985831, 0.007195
82.370000, 4546.124822, 12620.100526, 276.066488, -0.167812, 0.985819, 0.007194
82.380000, 4546.442492, 12622.843109, 276.091877, -0.167883, 0.985807, 0.007194
82.390000, 4546.759886, 12625.585979, 276.117267, -0.167954, 0.985795, 0.007193
82.400000, 4547.077003, 12628.329136, 276.142661, -0.168025, 0.985783, 0.007192
82.410000, 4547.393844, 12631.072581, 276.168059, -0.168096, 0.985771, 0.007192
82.420000, 4547.710408, 12633.816314, 276.193461, -0.168167, 0.985759, 0.007191
82.430000, 4548.026696, 12636.560335, 276.218865, -0.168237, 0.985746, 0.007190
82.440000, 4548.342707, 12639.304643, 276.244272, -0.168308, 0.985734, 0.007190
82.450000, 4548.658441, 12642.049239, 276.269684, -0.168379, 0.985722, 0.007189
82.460000, 4548.973899, 12644.794122, 276.295100, -0.168450, 0.985710, 0.007189
82.470000, 4549.289079, 12647.539293, 276.320517, -0.168521, 0.985698, 0.007188
82.480000, 4549.603983, 12650.284752, 276.345938, -0.168592, 0.985686, 0.007187
82.490000, 4549.918609, 12653.030498, 276.371363, -0.168663, 0.985674, 0.007187
82.500000, 4550.232959, 12655.776532, 276.396792, -0.168733, 0.985662, 0.007186
82.510000, 4550.547031, 12658.522854, 276.422222, -0.168804, 0.985650, 0.007185
82.520000, 4550.860826, 12661.269463, 276.447657, -0.168875, 0.985637, 0.007185
82.530000, 4551.174343, 12664.016360, 276.473095, -0.168946, 0.985625, 0.007184
82.540000, 4551.487583, 12666.763545, 276.498538, -0.169017, 0.985613, 0.007183
82.550000, 4551.800546, 12669.511018, 276.523982, -0.169087, 0.985601, 0.007183
82.560000, 4552.113231, 12672.258778, 276.549430, -0.169158, 0.985589, 0.007182
82.570000, 4552.425638, 12675.006826, 276.574881, -0.169229, 0.985577, 0.007181
82.580000, 4552.737767, 12677.755162, 276.600337, -0.169300, 0.985565, 0.007181
82.590000, 4553.049619, 12680.503786, 276.625795, -0.169371, 0.985552, 0.007180
82.600000, 4553.361192, 12683.252697, 276.651256, -0.169441, 0.985540, 0.007180
82.610000, 4553.672488, 12686.001896, 276.676722, -0.169512, 0.985528, 0.007179
82.620000, 4553.983505, 12688.751383, 276.702191, -0.169583, 0.985516, 0.007178
82.630000, 4554.294245, 12691.501158, 276.727662, -0.169654, 0.985504, 0.007178
82.640000, 4554.604706, 12694.251220, 276.753137, -0.169724, 0.985492, 0.007177
82.650000, 4554.914889, 12697.001571, 276.778616, -0.169795, 0.985479, 0.007176
82.660000, 4555.224793, 12699.752209, 276.804099, -0.169866, 0.985467, 0.007176
82.670000, 4555.534419, 12702.503135, 276.829584, -0.169936, 0.985455, 0.007175
82.680000, 4555.843766, 12705.254349, 276.855072, -0.170007, 0.985443, 0.007174
82.690000, 4556.152835, 12708.005850, 276.880564, -0.170078, 0.985431, 0.007174
82.700000, 4556.461625, 12710.757640, 276.906061, -0.170149, 0.985418, 0.007173
82.710000, 4556.770136, 12713.509717, 276.931559, -0.170219, 0.985406, 0.007172
82.720000, 4557.078368, 12716.262082, 276.957061, -0.170290, 0.985394, 0.007172
82.730000, 4557.386321, 12719.014735, 276.982567, -0.170361, 0.985382, 0.007171
82.740000, 4557.693995, 12721.767676, 277.008077, -0.170431, 0.985370, 0.007170
82.750000, 4558.001390, 12724.520905, 277.033589, -0.170502, 0.985357, 0.007170
82.760000, 4558.308506, 12727.274422, 277.059104, -0.170572, 0.985345, 0.007169
82.770000, 4558.615343, 12730.028227, 277.084624, -0.170643, 0.985333, 0.007169
82.780000, 4558.921900, 12732.782319, 277.110147, -0.170714, 0.985321, 0.007168
82.790000, 4559.228177, 12735.536700, 277.135672, -0.170784, 0.985308, 0.007167
82.800000, 4559.534176, 12738.291368, 277.161202, -0.170855, 0.985296, 0.007167
82.810000, 4559.839894, 12741.046325, 277.186735, -0.170926, 0.985284, 0.007166
82.820000, 4560.145333, 12743.801569, 277.212272, -0.170996, 0.985272, 0.007165
82.830000, 4560.450492, 12746.557101, 277.237810, -0.171067, 0.985259, 0.007165
82.840000, 4560.755372, 12749.312922, 277.263353, -0.171137, 0.985247, 0.007164
82.850000, 4561.059971, 12752.069030, 277.288900, -0.171208, 0.985235, 0.007163
82.860000, 4561.364291, 12754.825426, 277.314451, -0.171278, 0.985223, 0.007163
82.870000, 4561.668330, 12757.582110, 277.340003, -0.171349, 0.985210, 0.007162
82.880000, 4561.972089, 12760.339083, 277.365559, -0.171420, 0.985198, 0.007161
82.890000, 4562.275568, 12763.096343, 277.391120, -0.171490, 0.985186, 0.007161
82.900000, 4562.578767, 12765.853891, 277.416684, -0.171561, 0.985174, 0.007160
82.910000, 4562.881685, 12768.611727, 277.442250, -0.171631, 0.985161, 0.007159
82.920000, 4563.184322, 12771.369851, 277.467820, -0.171702, 0.985149, 0.007159
82.930000, 4563.486680, 12774.128264, 277.493394, -0.171772, 0.985137, 0.007158
82.940000, 4563.788756, 12776.886964, 277.518972, -0.171843, 0.985124, 0.007157
82.950000, 4564.090552, 12779.645953, 277.544551, -0.171913, 0.985112, 0.007157
82.960000, 4564.392067, 12782.405229, 277.570135, -0.171984, 0.985100, 0.007156
82.970000, 4564.693301, 12785.164794, 277.595722, -0.172054, 0.985087, 0.007155
82.980000, 4564.994255, 12787.924646, 277.621314, -0.172125, 0.985075, 0.007155
82.990000, 4565.294927, 12790.684787, 277.646907, -0.172195, 0.985063, 0.007154
83.000000, 4565.595318, 12793.445216, 277.672504, -0.172266, 0.985051, 0.007153
83.010000, 4565.895428, 12796.205933, 277.698105, -0.172336, 0.985038, 0.007153
83.020000, 4566.195256, 12798.966938, 277.723711, -0.172407, 0.985026, 0.007152
83.030000, 4566.494804, 12801.728231, 277.749317, -0.172477, 0.985014, 0.007151
83.040000, 4566.794069, 12804.489812, 277.774928, -0.172547, 0.985001, 0.007151
83.050000, 4567.093054, 12807.251681, 277.800543, -0.172618, 0.984989, 0.007150
83.060000, 4567.391757, 12810.013839, 277.826162, -0.172688, 0.984977, 0.007149
83.070000, 4567.690178, 12812.776285, 277.851785, -0.172759, 0.984964, 0.007149
83.080000, 4567.988317, 12815.539019, 277.877409, -0.172829, 0.984952, 0.007148
83.090000, 4568.286175, 12818.302041, 277.903038, -0.172900, 0.984939, 0.007147
83.100000, 4568.583750, 12821.065351, 277.928671, -0.172970, 0.984927, 0.007147
83.110000, 4568.881044, 12823.828949, 277.954307, -0.173040, 0.984915, 0.007146
83.120000, 4569.178055, 12826.592836, 277.979945, -0.173111, 0.984902, 0.007145
83.130000, 4569.474785, 12829.357011, 278.005588, -0.173181, 0.984890, 0.007145
83.140000, 4569.771232, 12832.121474, 278.031234, -0.173251, 0.984878, 0.007144
83.150000, 4570.067397, 12834.886225, 278.056884, -0.173322, 0.984865, 0.007143
83.160000, 4570.363280, 12837.651264, 278.082536, -0.173392, 0.984853, 0.007143
83.170000, 4570.658880, 12840.416592, 278.108192, -0.173462, 0.984840, 0.007142
83.180000, 4570.954197, 12843.182208, 278.133852, -0.173533, 0.984828, 0.007141
83.190000, 4571.249232, 12845.948112, 278.159516, -0.173603, 0.984816, 0.007141
83.200000, 4571.543985, 12848.714304, 278.185182, -0.173673, 0.984803, 0.007140
83.210000, 4571.838454, 12851.480785, 278.210851, -0.173744, 0.984791, 0.007139
83.220000, 4572.132641, 12854.247554, 278.236525, -0.173814, 0.984778, 0.007139
83.230000, 4572.426545, 12857.014611, 278.262203, -0.173884, 0.984766, 0.007138
83.240000, 4572.720165, 12859.781957, 278.287884, -0.173955, 0.984754, 0.007137
83.250000, 4573.013503, 12862.549591, 278.313568, -0.174025, 0.984741, 0.007137
83.260000, 4573.306557, 12865.317513, 278.339255, -0.174095, 0.984729, 0.007136
83.270000, 4573.599329, 12868.085724, 278.364947, -0.174165, 0.984716, 0.007135
83.280000, 4573.891817, 12870.854222, 278.390642, -0.174236, 0.984704, 0.007135
83.290000, 4574.184021, 12873.623010, 278.416339, -0.174306, 0.984692, 0.007134
83.300000, 4574.475942, 12876.392085, 278.442041, -0.174376, 0.984679, 0.007133
83.310000, 4574.767580, 12879.161449, 278.467746, -0.174446, 0.984667, 0.007133
83.320000, 4575.058933, 12881.931101, 278.493455, -0.174517, 0.984654, 0.007132
83.330000, 4575.350004, 12884.701042, 278.519166, -0.174587, 0.984642, 0.007131
83.340000, 4575.640790, 12887.471271, 278.544881, -0.174657, 0.984629, 0.007131
83.350000, 4575.931292, 12890.241788, 278.570600, -0.174727, 0.984617, 0.007130
83.360000, 4576.221511, 12893.012594, 278.596323, -0.174797, 0.984604, 0.007129
83.370000, 4576.511445, 12895.783688, 278.622050, -0.174868, 0.984592, 0.007129
83.380000, 4576.801096, 12898.555070, 278.647779, -0.174938, 0.984579, 0.007128
83.390000, 4577.090462, 12901.326741, 278.673512, -0.175008, 0.984567, 0.007127
83.400000, 4577.379544, 12904.098701, 278.699249, -0.175078, 0.984555, 0.007126
83.410000, 4577.668341, 12906.870949, 278.724990, -0.175148, 0.984542, 0.007126
83.420000, 4577.956854, 12909.643485, 278.750732, -0.175218, 0.984530, 0.007125
83.430000, 4578.245083, 12912.416309, 278.776479, -0.175289, 0.984517, 0.007124
83.440000, 4578.533027, 12915.189423, 278.802229, -0.175359, 0.984505, 0.007124
83.450000, 4578.820686, 12917.962824, 278.827984, -0.175429, 0.984492, 0.007123
83.460000, 4579.108061, 12920.736514, 278.853741, -0.175499, 0.984480, 0.007122
83.470000, 4579.395150, 12923.510493, 278.879501, -0.175569, 0.984467, 0.007122
83.480000, 4579.681955, 12926.284760, 278.905265, -0.175639, 0.984455, 0.007121
83.490000, 4579.968475, 12929.059316, 278.931034, -0.175709, 0.984442, 0.007120
83.500000, 4580.254710, 12931.834160, 278.956807, -0.175779, 0.984430, 0.007120
83.510000, 4580.540660, 12934.609292, 278.982581, -0.175849, 0.984417, 0.007119
83.520000, 4580.826324, 12937.384713, 279.008359, -0.175920, 0.984405, 0.007118
83.530000, 4581.111703, 12940.160423, 279.034142, -0.175990, 0.984392, 0.007118
83.540000, 4581.396797, 12942.936421, 279.059928, -0.176060, 0.984380, 0.007117
83.550000, 4581.681606, 12945.712708, 279.085716, -0.176130, 0.984367, 0.007116
83.560000, 4581.966128, 12948.489283, 279.111508, -0.176200, 0.984354, 0.007115
83.570000, 4582.250366, 12951.266147, 279.137305, -0.176270, 0.984342, 0.007115
83.580000, 4582.534317, 12954.043299, 279.163105, -0.176340, 0.984329, 0.007114
83.590000, 4582.817983, 12956.820740, 279.188909, -0.176410, 0.984317, 0.007113
83.600000, 4583.101363, 12959.598470, 279.214715, -0.176480, 0.984304, 0.007113
83.610000, 4583.384457, 12962.376488, 279.240526, -0.176550, 0.984292, 0.007112
83.620000, 4583.667265, 12965.154795, 279.266340, -0.176620, 0.984279, 0.007111
83.630000, 4583.949786, 12967.933390, 279.292158, -0.176690, 0.984267, 0.007111
83.640000, 4584.232022, 12970.712274, 279.317978, -0.176760, 0.984254, 0.007110
83.650000, 4584.513972, 12973.491447, 279.343802, -0.176830, 0.984241, 0.007109
83.660000, 4584.795635, 12976.270908, 279.369630, -0.176900, 0.984229, 0.007109
83.670000, 4585.077012, 12979.050658, 279.395462, -0.176970, 0.984216, 0.007108
83.680000, 4585.358102, 12981.830697, 279.421299, -0.177040, 0.984204, 0.007107
83.690000, 4585.638906, 12984.611024, 279.447136, -0.177110, 0.984191, 0.007106
83.700000, 4585.919423, 12987.391640, 279.472978, -0.177179, 0.984179, 0.007106
83.710000, 4586.199653, 12990.172544, 279.498825, -0.177249, 0.984166, 0.007105
83.720000, 4586.479597, 12992.953737, 279.524675, -0.177319, 0.984153, 0.007104
83.730000, 4586.759253, 12995.735219, 279.550527, -0.177389, 0.984141, 0.007104
83.740000, 4587.038623, 12998.516990, 279.576382, -0.177459, 0.984128, 0.007103
83.750000, 4587.317706, 13001.299049, 279.602242, -0.177529, 0.984116, 0.007102
83.760000, 4587.596501, 13004.081397, 279.628107, -0.177599, 0.984103, 0.007102
83.770000, 4587.875010, 13006.864034, 279.653975, -0.177669, 0.984090, 0.007101
83.780000, 4588.153231, 13009.646960, 279.679845, -0.177739, 0.984078, 0.007100
83.790000, 4588.431165, 13012.430174, 279.705719, -0.177809, 0.984065, 0.007099
83.800000, 4588.708811, 13015.213677, 279.731597, -0.177878, 0.984052, 0.007099
83.810000, 4588.986170, 13017.997469, 279.757479, -0.177948, 0.984040, 0.007098
83.820000, 4589.263241, 13020.781549, 279.783362, -0.178018, 0.984027, 0.007097
83.830000, 4589.540025, 13023.565919, 279.809250, -0.178088, 0.984015, 0.007097
83.840000, 4589.816521, 13026.350577, 279.835142, -0.178158, 0.984002, 0.007096
83.850000, 4590.092729, 13029.135524, 279.861038, -0.178228, 0.983989, 0.007095
83.860000, 4590.368649, 13031.920759, 279.886939, -0.178297, 0.983977, 0.007095
83.870000, 4590.644282, 13034.706284, 279.912841, -0.178367, 0.983964, 0.007094
83.880000, 4590.919626, 13037.492097, 279.938746, -0.178437, 0.983951, 0.007093
83.890000, 4591.194682, 13040.278199, 279.964657, -0.178507, 0.983939, 0.007092
83.900000, 4591.469450, 13043.064590, 279.990571, -0.178577, 0.983926, 0.007092
83.910000, 4591.743929, 13045.851270, 280.016489, -0.178646, 0.983913, 0.007091
83.920000, 4592.018121, 13048.638239, 280.042409, -0.178716, 0.983901, 0.007090
83.930000, 4592.292023, 13051.425496, 280.068333, -0.178786, 0.983888, 0.007090
83.940000, 4592.565638, 13054.213043, 280.094261, -0.178856, 0.983875, 0.007089
83.950000, 4592.838963, 13057.000878, 280.120193, -0.178925, 0.983863, 0.007088
83.960000, 4593.112000, 13059.789002, 280.146130, -0.178995, 0.983850, 0.007087
83.970000, 4593.384748, 13062.577415, 280.172068, -0.179065, 0.983837, 0.007087
83.980000, 4593.657208, 13065.366117, 280.198010, -0.179134, 0.983825, 0.007086
83.990000, 4593.929378, 13068.155108, 280.223956, -0.179204, 0.983812, 0.007085
84.000000, 4594.201260, 13070.944388, 280.249907, -0.179274, 0.983799, 0.007085
84.010000, 4594.472852, 13073.733956, 280.275859, -0.179344, 0.983787, 0.007084
84.020000, 4594.744155, 13076.523814, 280.301815, -0.179413, 0.983774, 0.007083
84.030000, 4595.015169, 13079.313960, 280.327775, -0.179483, 0.983761, 0.007082
84.040000, 4595.285894, 13082.104396, 280.353740, -0.179553, 0.983748, 0.007082
84.050000, 4595.556329, 13084.895120, 280.379708, -0.179622, 0.983736, 0.007081
84.060000, 4595.826475, 13087.686134, 280.405678, -0.179692, 0.983723, 0.007080
84.070000, 4596.096332, 13090.477436, 280.431653, -0.179762, 0.983710, 0.007080
84.080000, 4596.365898, 13093.269027, 280.457631, -0.179831, 0.983697, 0.007079
84.090000, 4596.635175, 13096.060907, 280.483614, -0.179901, 0.983685, 0.007078
84.100000, 4596.904163, 13098.853077, 280.509600, -0.179970, 0.983672, 0.007077
84.110000, 4597.172860, 13101.645535, 280.535589, -0.180040, 0.983659, 0.007077
84.120000, 4597.441267, 13104.438282, 280.561581, -0.180110, 0.983647, 0.007076
84.130000, 4597.709385, 13107.231319, 280.587578, -0.180179, 0.983634, 0.007075
84.140000, 4597.977212, 13110.024644, 280.613579, -0.180249, 0.983621, 0.007075
84.150000, 4598.244749, 13112.818259, 280.639584, -0.180318, 0.983608, 0.007074
84.160000, 4598.511996, 13115.612162, 280.665590, -0.180388, 0.983596, 0.007073
84.170000, 4598.778953, 13118.406354, 280.691601, -0.180458, 0.983583, 0.007072
84.180000, 4599.045619, 13121.200836, 280.717616, -0.180527, 0.983570, 0.007072
84.190000, 4599.311995, 13123.995607, 280.743635, -0.180597, 0.983557, 0.007071
84.200000, 4599.578080, 13126.790666, 280.769656, -0.180666, 0.983544, 0.007070
84.210000, 4599.843874, 13129.586015, 280.795680, -0.180736, 0.983532, 0.007070
84.220000, 4600.109378, 13132.381653, 280.821709, -0.180805, 0.983519, 0.007069
84.230000, 4600.374591, 13135.177580, 280.847742, -0.180875, 0.983506, 0.007068
84.240000, 4600.639513, 13137.973796, 280.873780, -0.180944, 0.983493, 0.007067
84.250000, 4600.904144, 13140.770301, 280.899818, -0.181014, 0.983481, 0.007067
84.260000, 4601.168484, 13143.567095, 280.925862, -0.181083, 0.983468, 0.007066
84.270000, 4601.432533, 13146.364179, 280.951909, -0.181153, 0.983455, 0.007065
84.280000, 4601.696291, 13149.161551, 280.977960, -0.181222, 0.983442, 0.007065
84.290000, 4601.959758, 13151.959213, 281.004015, -0.181292, 0.983429, 0.007064
84.300000, 4602.222933, 13154.757164, 281.030073, -0.181361, 0.983417, 0.007063
84.310000, 4602.485817, 13157.555404, 281.056134, -0.181431, 0.983404, 0.007062
84.320000, 4602.748409, 13160.353933, 281.082199, -0.181500, 0.983391, 0.007062
84.330000, 4603.010710, 13163.152751, 281.108269, -0.181569, 0.983378, 0.007061
84.340000, 4603.272719, 13165.951859, 281.134343, -0.181639, 0.983365, 0.007060
84.350000, 4603.534436, 13168.751256, 281.160418, -0.181708, 0.983352, 0.007059
84.360000, 4603.795862, 13171.550942, 281.186498, -0.181778, 0.983340, 0.007059
84.370000, 4604.056995, 13174.350917, 281.212582, -0.181847, 0.983327, 0.007058
84.380000, 4604.317837, 13177.151181, 281.238669, -0.181917, 0.983314, 0.007057
84.390000, 4604.578387, 13179.951735, 281.264762, -0.181986, 0.983301, 0.007057
84.400000, 4604.838644, 13182.752578, 281.290855, -0.182055, 0.983288, 0.007056
84.410000, 4605.098609, 13185.553710, 281.316953, -0.182125, 0.983275, 0.007055
84.420000, 4605.358282, 13188.355131, 281.343055, -0.182194, 0.983263, 0.007054
84.430000, 4605.617663, 13191.156842, 281.369161, -0.182263, 0.983250, 0.007054
84.440000, 4605.876751, 13193.958842, 281.395272, -0.182333, 0.983237, 0.007053
84.450000, 4606.135547, 13196.761131, 281.421384, -0.182402, 0.983224, 0.007052
84.460000, 4606.394050, 13199.563709, 281.447500, -0.182471, 0.983211, 0.007051
84.470000, 4606.652260, 13202.366577, 281.473621, -0.182541, 0.983198, 0.007051
84.480000, 4606.910178, 13205.169734, 281.499745, -0.182610, 0.983185, 0.007050
84.490000, 4607.167803, 13207.973180, 281.525874, -0.182679, 0.983173, 0.007049
84.500000, 4607.425134, 13210.776916, 281.552004, -0.182749, 0.983160, 0.007048
84.510000, 4607.682173, 13213.580941, 281.578139, -0.182818, 0.983147, 0.007048
84.520000, 4607.938919, 13216.385255, 281.604278, -0.182887, 0.983134, 0.007047
84.530000, 4608.195372, 13219.189858, 281.630420, -0.182957, 0.983121, 0.007046
84.540000, 4608.451531, 13221.994751, 281.656568, -0.183026, 0.983108, 0.007046
84.550000, 4608.707398, 13224.799934, 281.682716, -0.183095, 0.983095, 0.007045
84.560000, 4608.962970, 13227.605405, 281.708869, -0.183164, 0.983082, 0.007044
84.570000, 4609.218250, 13230.411166, 281.735026, -0.183234, 0.983069, 0.007043
84.580000, 4609.473236, 13233.217217, 281.761188, -0.183303, 0.983057, 0.007043
84.590000, 4609.727928, 13236.023557, 281.787353, -0.183372, 0.983044, 0.007042
84.600000, 4609.982326, 13238.830186, 281.813523, -0.183441, 0.983031, 0.007041
84.610000, 4610.236431, 13241.637104, 281.839694, -0.183510, 0.983018, 0.007040
84.620000, 4610.490242, 13244.444313, 281.865870, -0.183580, 0.983005, 0.007040
84.630000, 4610.743759, 13247.251810, 281.892049, -0.183649, 0.982992, 0.007039
84.640000, 4610.996982, 13250.059597, 281.918233, -0.183718, 0.982979, 0.007038
84.650000, 4611.249911, 13252.867673, 281.944421, -0.183787, 0.982966, 0.007037
84.660000, 4611.502545, 13255.676039, 281.970611, -0.183856, 0.982953, 0.007037
84.670000, 4611.754886, 13258.484694, 281.996805, -0.183925, 0.982940, 0.007036
84.680000, 4612.006932, 13261.293639, 282.023003, -0.183995, 0.982927, 0.007035
84.690000, 4612.258684, 13264.102873, 282.049205, -0.184064, 0.982914, 0.007034
84.700000, 4612.510141, 13266.912397, 282.075412, -0.184133, 0.982901, 0.007034
84.710000, 4612.761304, 13269.722210, 282.101620, -0.184202, 0.982888, 0.007033
84.720000, 4613.012172, 13272.532312, 282.127833, -0.184271, 0.982875, 0.007032
84.730000, 4613.262746, 13275.342704, 282.154049, -0.184340, 0.982862, 0.007031
84.740000, 4613.513024, 13278.153386, 282.180270, -0.184409, 0.982850, 0.007031
84.750000, 4613.763008, 13280.964357, 282.206495, -0.184478, 0.982837, 0.007030
84.760000, 4614.012697, 13283.775618, 282.232722, -0.184548, 0.982824, 0.007029
84.770000, 4614.262091, 13286.587168, 282.258952, -0.184617, 0.982811, 0.007029
84.780000, 4614.511189, 13289.399008, 282.285187, -0.184686, 0.982798, 0.007028
84.790000, 4614.759993, 13292.211137, 282.311427, -0.184755, 0.982785, 0.007027
84.800000, 4615.008501, 13295.023556, 282.337670, -0.184824, 0.982772, 0.007026
84.810000, 4615.256714, 13297.836264, 282.363918, -0.184893, 0.982759, 0.007026
84.820000, 4615.504632, 13300.649262, 282.390167, -0.184962, 0.982746, 0.007025
84.830000, 4615.752254, 13303.462550, 282.416421, -0.185031, 0.982733, 0.007024
84.840000, 4615.999581, 13306.276127, 282.442678, -0.185100, 0.982720, 0.007023
84.850000, 4616.246612, 13309.089993, 282.468940, -0.185169, 0.982707, 0.007023
84.860000, 4616.493347, 13311.904150, 282.495206, -0.185238, 0.982694, 0.007022
84.870000, 4616.739786, 13314.718596, 282.521474, -0.185307, 0.982681, 0.007021
84.880000, 4616.985930, 13317.533331, 282.547746, -0.185376, 0.982668, 0.007020
84.890000, 4617.231777, 13320.348356, 282.574023, -0.185445, 0.982655, 0.007020
84.900000, 4617.477329, 13323.163671, 282.600303, -0.185514, 0.982642, 0.007019
84.910000, 4617.722584, 13325.979276, 282.626588, -0.185583, 0.982629, 0.007018
84.920000, 4617.967544, 13328.795170, 282.652874, -0.185652, 0.982616, 0.007017
84.930000, 4618.212207, 13331.611354, 282.679165, -0.185721, 0.982603, 0.007017
84.940000, 4618.456573, 13334.427827, 282.705460, -0.185790, 0.982590, 0.007016
84.950000, 4618.700644, 13337.244590, 282.731759, -0.185859, 0.982576, 0.007015
84.960000, 4618.944417, 13340.061643, 282.758062, -0.185928, 0.982563, 0.007014
84.970000, 4619.187894, 13342.878985, 282.784369, -0.185996, 0.982550, 0.007013
84.980000, 4619.431075, 13345.696618, 282.810678, -0.186065, 0.982537, 0.007013
84.990000, 4619.673959, 13348.514540, 282.836992, -0.186134, 0.982524, 0.007012
85.000000, 4619.916546, 13351.332751, 282.863309, -0.186203, 0.982511, 0.007011
85.010000, 4620.158836, 13354.151253, 282.889631, -0.186272, 0.982498, 0.007010
85.020000, 4620.400829, 13356.970044, 282.915957, -0.186341, 0.982485, 0.007010
85.030000, 4620.642525, 13359.789124, 282.942285, -0.186410, 0.982472, 0.007009
85.040000, 4620.883924, 13362.608495, 282.968617, -0.186479, 0.982459, 0.007008
85.050000, 4621.125026, 13365.428155, 282.994953, -0.186547, 0.982446, 0.007007
85.060000, 4621.365830, 13368.248105, 283.021293, -0.186616, 0.982433, 0.007007
85.070000, 4621.606338, 13371.068345, 283.047638, -0.186685, 0.982420, 0.007006
85.080000, 4621.846547, 13373.888875, 283.073986, -0.186754, 0.982407, 0.007005
85.090000, 4622.086460, 13376.709694, 283.100337, -0.186823, 0.982394, 0.007004
85.100000, 4622.326074, 13379.530803, 283.126692, -0.186892, 0.982381, 0.007004
85.110000, 4622.565391, 13382.352202, 283.153051, -0.186960, 0.982367, 0.007003
85.120000, 4622.804411, 13385.173891, 283.179414, -0.187029, 0.982354, 0.007002
85.130000, 4623.043132, 13387.995870, 283.205781, -0.187098, 0.982341, 0.007001
85.140000, 4623.281556, 13390.818138, 283.232151, -0.187167, 0.982328, 0.007001
85.150000, 4623.519681, 13393.640697, 283.258524, -0.187235, 0.982315, 0.007000
85.160000, 4623.757509, 13396.463545, 283.284902, -0.187304, 0.982302, 0.006999
85.170000, 4623.995038, 13399.286683, 283.311283, -0.187373, 0.982289, 0.006998
85.180000, 4624.232269, 13402.110111, 283.337670, -0.187442, 0.982276, 0.006998
85.190000, 4624.469202, 13404.933828, 283.364060, -0.187510, 0.982263, 0.006997
85.200000, 4624.705837, 13407.757836, 283.390452, -0.187579, 0.982250, 0.006996
85.210000, 4624.942173, 13410.582134, 283.416848, -0.187648, 0.982236, 0.006995
85.220000, 4625.178210, 13413.406721, 283.443249, -0.187717, 0.982223, 0.006994
85.230000, 4625.413949, 13416.231598, 283.469653, -0.187785, 0.982210, 0.006994
85.240000, 4625.649390, 13419.056765, 283.496062, -0.187854, 0.982197, 0.006993
85.250000, 4625.884531, 13421.882222, 283.522475, -0.187923, 0.982184, 0.006992
85.260000, 4626.119374, 13424.707969, 283.548890, -0.187991, 0.982171, 0.006991
85.270000, 4626.353918, 13427.534006, 283.575310, -0.188060, 0.982158, 0.006991
85.280000, 4626.588163, 13430.360333, 283.601733, -0.188129, 0.982144, 0.006990
85.290000, 4626.822109, 13433.186950, 283.628161, -0.188197, 0.982131, 0.006989
85.300000, 4627.055755, 13436.013857, 283.654592, -0.188266, 0.982118, 0.006988
85.310000, 4627.289103, 13438.841054, 283.681029, -0.188334, 0.982105, 0.006988
85.320000, 4627.522151, 13441.668540, 283.707466, -0.188403, 0.982092, 0.006987
85.330000, 4627.754900, 13444.496317, 283.733909, -0.188472, 0.982079, 0.006986
85.340000, 4627.987349, 13447.324384, 283.760355, -0.188540, 0.982065, 0.006985
85.350000, 4628.219499, 13450.152740, 283.786806, -0.188609, 0.982052, 0.006984
85.360000, 4628.451349, 13452.981387, 283.813260, -0.188677, 0.982039, 0.006984
85.370000, 4628.682900, 13455.810324, 283.839717, -0.188746, 0.982026, 0.006983
85.380000, 4628.914151, 13458.639551, 283.866178, -0.188815, 0.982013, 0.006982
85.390000, 4629.145102, 13461.469067, 283.892643, -0.188883, 0.982000, 0.006981
85.400000, 4629.375753, 13464.298874, 283.919112, -0.188952, 0.981986, 0.006981
85.410000, 4629.606104, 13467.128971, 283.945586, -0.189020, 0.981973, 0.006980
85.420000, 4629.836155, 13469.959358, 283.972064, -0.189089, 0.981960, 0.006979
85.430000, 4630.065906, 13472.790035, 283.998543, -0.189157, 0.981947, 0.006978
85.440000, 4630.295356, 13475.621002, 284.025027, -0.189226, 0.981934, 0.006978
85.450000, 4630.524507, 13478.452259, 284.051515, -0.189294, 0.981920, 0.006977
85.460000, 4630.753357, 13481.283806, 284.078008, -0.189363, 0.981907, 0.006976
85.470000, 4630.981906, 13484.115643, 284.104504, -0.189431, 0.981894, 0.006975
85.480000, 4631.210155, 13486.947770, 284.131005, -0.189500, 0.981881, 0.006974
85.490000, 4631.438103, 13489.780188, 284.157508, -0.189568, 0.981868, 0.006974
85.500000, 4631.665751, 13492.612895, 284.184014, -0.189637, 0.981854, 0.006973
85.510000, 4631.893098, 13495.445893, 284.210526, -0.189705, 0.981841, 0.006972
85.520000, 4632.120144, 13498.279181, 284.237041, -0.189774, 0.981828, 0.006971
85.530000, 4632.346889, 13501.112759, 284.263561, -0.189842, 0.981815, 0.006970
85.540000, 4632.573334, 13503.946627, 284.290084, -0.189910, 0.981801, 0.006970
85.550000, 4632.799477, 13506.780785, 284.316610, -0.189979, 0.981788, 0.006969
85.560000, 4633.025319, 13509.615233, 284.343140, -0.190047, 0.981775, 0.006968
85.570000, 4633.250859, 13512.449972, 284.369674, -0.190116, 0.981762, 0.006967
85.580000, 4633.476099, 13515.285001, 284.396213, -0.190184, 0.981748, 0.006967
85.590000, 4633.701037, 13518.120319, 284.422755, -0.190253, 0.981735, 0.006966
85.600000, 4633.925673, 13520.955929, 284.449302, -0.190321, 0.981722, 0.006965
85.610000, 4634.150008, 13523.791828, 284.475851, -0.190389, 0.981709, 0.006964
85.620000, 4634.374042, 13526.628017, 284.502404, -0.190458, 0.981695, 0.006963
85.630000, 4634.597774, 13529.464497, 284.528961, -0.190526, 0.981682, 0.006963
85.640000, 4634.821204, 13532.301267, 284.555523, -0.190594, 0.981669, 0.006962
85.650000, 4635.044332, 13535.138327, 284.582089, -0.190663, 0.981656, 0.006961
85.660000, 4635.267158, 13537.975678, 284.608659, -0.190731, 0.981642, 0.006960
85.670000, 4635.489682, 13540.813318, 284.635231, -0.190799, 0.981629, 0.006960
85.680000, 4635.711904, 13543.651249, 284.661807, -0.190868, 0.981616, 0.006959
85.690000, 4635.933824, 13546.489470, 284.688387, -0.190936, 0.981603, 0.006958
85.700000, 4636.155442, 13549.327982, 284.714972, -0.191004, 0.981589, 0.006957
85.710000, 4636.376758, 13552.166783, 284.741561, -0.191072, 0.981576, 0.006956
85.720000, 4636.597771, 13555.005875, 284.768154, -0.191141, 0.981563, 0.006956
85.730000, 4636.818481, 13557.845258, 284.794751, -0.191209, 0.981549, 0.006955
85.740000, 4637.038889, 13560.684930, 284.821351, -0.191277, 0.981536, 0.006954
85.750000, 4637.258995, 13563.524893, 284.847954, -0.191346, 0.981523, 0.006953
85.760000, 4637.478797, 13566.365146, 284.874562, -0.191414, 0.981509, 0.006952
85.770000, 4637.698297, 13569.205690, 284.901174, -0.191482, 0.981496, 0.006952
85.780000, 4637.917494, 13572.046524, 284.927790, -0.191550, 0.981483, 0.006951
85.790000, 4638.136389, 13574.887648, 284.954411, -0.191618, 0.981470, 0.006950
85.800000, 4638.354980, 13577.729063, 284.981034, -0.191687, 0.981456, 0.006949
85.810000, 4638.573268, 13580.570768, 285.007660, -0.191755, 0.981443, 0.006948
85.820000, 4638.791253, 13583.412763, 285.034291, -0.191823, 0.981430, 0.006948
85.830000, 4639.008935, 13586.255049, 285.060927, -0.191891, 0.981416, 0.006947
85.840000, 4639.226313, 13589.097625, 285.087566, -0.191959, 0.981403, 0.006946
85.850000, 4639.443388, 13591.940491, 285.114210, -0.192028, 0.981390, 0.006945
85.860000, 4639.660160, 13594.783648, 285.140856, -0.192096, 0.981376, 0.006945
85.870000, 4639.876628, 13597.627095, 285.167506, -0.192164, 0.981363, 0.006944
85.880000, 4640.092792, 13600.470833, 285.194160, -0.192232, 0.981350, 0.006943
85.890000, 4640.308653, 13603.314861, 285.220818, -0.192300, 0.981336, 0.006942
85.900000, 4640.524210, 13606.159179, 285.247481, -0.192368, 0.981323, 0.006941
85.910000, 4640.739463, 13609.003788, 285.274148, -0.192436, 0.981309, 0.006941
85.920000, 4640.954412, 13611.848688, 285.300819, -0.192504, 0.981296, 0.006940
85.930000, 4641.169057, 13614.693878, 285.327493, -0.192572, 0.981283, 0.006939
85.940000, 4641.383398, 13617.539358, 285.354170, -0.192641, 0.981269, 0.006938
85.950000, 4641.597435, 13620.385129, 285.380852, -0.192709, 0.981256, 0.006937
85.960000, 4641.811168, 13623.231190, 285.407538, -0.192777, 0.981243, 0.006937
85.970000, 4642.024596, 13626.077542, 285.434228, -0.192845, 0.981229, 0.006936
85.980000, 4642.237720, 13628.924184, 285.460923, -0.192913, 0.981216, 0.006935
85.990000, 4642.450539, 13631.771117, 285.487619, -0.192981, 0.981203, 0.006934
86.000000, 4642.663054, 13634.618340, 285.514320, -0.193049, 0.981189, 0.006933
86.010000, 4642.875265, 13637.465854, 285.541025, -0.193117, 0.981176, 0.006933
86.020000, 4643.087170, 13640.313658, 285.567734, -0.193185, 0.981162, 0.006932
86.030000, 4643.298771, 13643.161753, 285.594448, -0.193253, 0.981149, 0.006931
86.040000, 4643.510067, 13646.010138, 285.621166, -0.193321, 0.981136, 0.006930
86.050000, 4643.721058, 13648.858814, 285.647888, -0.193389, 0.981122, 0.006929
86.060000, 4643.931744, 13651.707780, 285.674612, -0.193457, 0.981109, 0.006929
86.070000, 4644.142125, 13654.557037, 285.701341, -0.193525, 0.981095, 0.006928
86.080000, 4644.352201, 13657.406585, 285.728073, -0.193593, 0.981082, 0.006927
86.090000, 4644.561972, 13660.256423, 285.754810, -0.193661, 0.981069, 0.006926
86.100000, 4644.771437, 13663.106552, 285.781551, -0.193729, 0.981055, 0.006925
86.110000, 4644.980597, 13665.956971, 285.808297, -0.193797, 0.981042, 0.006925
86.120000, 4645.189451, 13668.807681, 285.835044, -0.193865, 0.981028, 0.006924
86.130000, 4645.398000, 13671.658682, 285.861796, -0.193932, 0.981015, 0.006923
86.140000, 4645.606243, 13674.509973, 285.888552, -0.194000, 0.981001, 0.006922
86.150000, 4645.814181, 13677.361554, 285.915312, -0.194068, 0.980988, 0.006921
86.160000, 4646.021812, 13680.213427, 285.942077, -0.194136, 0.980975, 0.006921
86.170000, 4646.229138, 13683.065590, 285.968846, -0.194204, 0.980961, 0.006920
86.180000, 4646.436158, 13685.918044, 285.995619, -0.194272, 0.980948, 0.006919
86.190000, 4646.642872, 13688.770788, 286.022394, -0.194340, 0.980934, 0.006918
86.200000, 4646.849280, 13691.623823, 286.049173, -0.194408, 0.980921, 0.006917
86.210000, 4647.055382, 13694.477149, 286.075957, -0.194475, 0.980907, 0.006916
86.220000, 4647.261177, 13697.330765, 286.102745, -0.194543, 0.980894, 0.006916
86.230000, 4647.466667, 13700.184672, 286.129537, -0.194611, 0.980880, 0.006915
86.240000, 4647.671849, 13703.038870, 286.156334, -0.194679, 0.980867, 0.006914
86.250000, 4647.876726, 13705.893358, 286.183135, -0.194747, 0.980854, 0.006913
86.260000, 4648.081295, 13708.748137, 286.209938, -0.194815, 0.980840, 0.006912
86.270000, 4648.285559, 13711.603207, 286.236745, -0.194882, 0.980827, 0.006912
86.280000, 4648.489515, 13714.458568, 286.263556, -0.194950, 0.980813, 0.006911
86.290000, 4648.693165, 13717.314219, 286.290372, -0.195018, 0.980800, 0.006910
86.300000, 4648.896508, 13720.170161, 286.317192, -0.195086, 0.980786, 0.006909
86.310000, 4649.099543, 13723.026394, 286.344016, -0.195153, 0.980773, 0.006908
86.320000, 4649.302272, 13725.882918, 286.370845, -0.195221, 0.980759, 0.006908
86.330000, 4649.504694, 13728.739732, 286.397675, -0.195289, 0.980746, 0.006907
86.340000, 4649.706809, 13731.596837, 286.424510, -0.195357, 0.980732, 0.006906
86.350000, 4649.908616, 13734.454233, 286.451349, -0.195424, 0.980719, 0.006905
86.360000, 4650.110116, 13737.311920, 286.478193, -0.195492, 0.980705, 0.006904
86.370000, 4650.311309, 13740.169897, 286.505040, -0.195560, 0.980692, 0.006903
86.380000, 4650.512194, 13743.028165, 286.531893, -0.195627, 0.980678, 0.006903
86.390000, 4650.712772, 13745.886725, 286.558749, -0.195695, 0.980665, 0.006902
86.400000, 4650.913042, 13748.745575, 286.585607, -0.195763, 0.980651, 0.006901
86.410000, 4651.113004, 13751.604715, 286.612470, -0.195830, 0.980638, 0.006900
86.420000, 4651.312659, 13754.464147, 286.639337, -0.195898, 0.980624, 0.006899
86.430000, 4651.512006, 13757.323869, 286.666208, -0.195966, 0.980611, 0.006899
86.440000, 4651.711045, 13760.183883, 286.693084, -0.196033, 0.980597, 0.006898
86.450000, 4651.909776, 13763.044187, 286.719964, -0.196101, 0.980584, 0.006897
86.460000, 4652.108198, 13765.904782, 286.746848, -0.196169, 0.980570, 0.006896
86.470000, 4652.306313, 13768.765668, 286.773734, -0.196236, 0.980557, 0.006895
86.480000, 4652.504119, 13771.626844, 286.800625, -0.196304, 0.980543, 0.006894
86.490000, 4652.701617, 13774.488312, 286.827519, -0.196372, 0.980530, 0.006894
86.500000, 4652.898807, 13777.350071, 286.854419, -0.196439, 0.980516, 0.006893
86.510000, 4653.095688, 13780.212120, 286.881322, -0.196507, 0.980502, 0.006892
86.520000, 4653.292261, 13783.074460, 286.908230, -0.196574, 0.980489, 0.006891
86.530000, 4653.488525, 13785.937092, 286.935142, -0.196642, 0.980475, 0.006890
86.540000, 4653.684480, 13788.800014, 286.962056, -0.196709, 0.980462, 0.006890
86.550000, 4653.880127, 13791.663227, 286.988974, -0.196777, 0.980448, 0.006889
86.560000, 4654.075465, 13794.526731, 287.015897, -0.196844, 0.980435, 0.006888
86.570000, 4654.270494, 13797.390526, 287.042824, -0.196912, 0.980421, 0.006887
86.580000, 4654.465214, 13800.254612, 287.069755, -0.196979, 0.980408, 0.006886
86.590000, 4654.659624, 13803.118989, 287.096691, -0.197047, 0.980394, 0.006885
86.600000, 4654.853726, 13805.983657, 287.123631, -0.197114, 0.980380, 0.006885
86.610000, 4655.047518, 13808.848616, 287.150573, -0.197182, 0.980367, 0.006884
86.620000, 4655.241001, 13811.713866, 287.177519, -0.197249, 0.980353, 0.006883
86.630000, 4655.434175, 13814.579407, 287.204470, -0.197317, 0.980340, 0.006882
86.640000, 4655.627039, 13817.445239, 287.231425, -0.197384, 0.980326, 0.006881
86.650000, 4655.819594, 13820.311362, 287.258384, -0.197452, 0.980313, 0.006880
86.660000, 4656.011839, 13823.177776, 287.285348, -0.197519, 0.980299, 0.006880
86.670000, 4656.203775, 13826.044481, 287.312316, -0.197587, 0.980285, 0.006879
86.680000, 4656.395400, 13828.911477, 287.339288, -0.197654, 0.980272, 0.006878
86.690000, 4656.586716, 13831.778764, 287.366262, -0.197722, 0.980258, 0.006877
86.700000, 4656.777722, 13834.646342, 287.393241, -0.197789, 0.980245, 0.006876
86.710000, 4656.968418, 13837.514211, 287.420224, -0.197856, 0.980231, 0.006875
86.720000, 4657.158804, 13840.382371, 287.447211, -0.197924, 0.980217, 0.006875
86.730000, 4657.348880, 13843.250823, 287.474203, -0.197991, 0.980204, 0.006874
86.740000, 4657.538645, 13846.119565, 287.501198, -0.198058, 0.980190, 0.006873
86.750000, 4657.728100, 13848.988598, 287.528199, -0.198126, 0.980177, 0.006872
86.760000, 4657.917245, 13851.857923, 287.555201, -0.198193, 0.980163, 0.006871
86.770000, 4658.106079, 13854.727539, 287.582208, -0.198260, 0.980149, 0.006870
86.780000, 4658.294603, 13857.597446, 287.609218, -0.198328, 0.980136, 0.006870
86.790000, 4658.482816, 13860.467643, 287.636234, -0.198395, 0.980122, 0.006869
86.800000, 4658.670719, 13863.338133, 287.663253, -0.198462, 0.980108, 0.006868
86.810000, 4658.858311, 13866.208913, 287.690277, -0.198530, 0.980095, 0.006867
86.820000, 4659.045592, 13869.079984, 287.717306, -0.198597, 0.980081, 0.006866
86.830000, 4659.232562, 13871.951347, 287.744338, -0.198664, 0.980068, 0.006865
86.840000, 4659.419221, 13874.823000, 287.771373, -0.198732, 0.980054, 0.006865
86.850000, 4659.605569, 13877.694945, 287.798412, -0.198799, 0.980040, 0.006864
86.860000, 4659.791606, 13880.567181, 287.825455, -0.198866, 0.980027, 0.006863
86.870000, 4659.977331, 13883.439708, 287.852503, -0.198933, 0.980013, 0.006862
86.880000, 4660.162746, 13886.312527, 287.879555, -0.199001, 0.979999, 0.006861
86.890000, 4660.347849, 13889.185636, 287.906611, -0.199068, 0.979986, 0.006860
86.900000, 4660.532640, 13892.059037, 287.933672, -0.199135, 0.979972, 0.006860
86.910000, 4660.717120, 13894.932729, 287.960737, -0.199202, 0.979958, 0.006859
86.920000, 4660.901289, 13897.806712, 287.987804, -0.199270, 0.979945, 0.006858
86.930000, 4661.085146, 13900.680987, 288.014876, -0.199337, 0.979931, 0.006857
86.940000, 4661.268691, 13903.555552, 288.041951, -0.199404, 0.979917, 0.006856
86.950000, 4661.451924, 13906.430409, 288.069032, -0.199471, 0.979904, 0.006855
86.960000, 4661.634845, 13909.305557, 288.096116, -0.199538, 0.979890, 0.006855
86.970000, 4661.817454, 13912.180997, 288.123205, -0.199605, 0.979876, 0.006854
86.980000, 4661.999752, 13915.056727, 288.150298, -0.199673, 0.979863, 0.006853
86.990000, 4662.181737, 13917.932749, 288.177396, -0.199740, 0.979849, 0.006852
87.000000, 4662.363410, 13920.809063, 288.204495, -0.199807, 0.979835, 0.006851
87.010000, 4662.544770, 13923.685667, 288.231599, -0.199874, 0.979822, 0.006850
87.020000, 4662.725819, 13926.562563, 288.258707, -0.199941, 0.979808, 0.006850
87.030000, 4662.906555, 13929.439750, 288.285820, -0.200008, 0.979794, 0.006849
87.040000, 4663.086978, 13932.317229, 288.312937, -0.200075, 0.979781, 0.006848
87.050000, 4663.267089, 13935.194999, 288.340058, -0.200142, 0.979767, 0.006847
87.060000, 4663.446887, 13938.073060, 288.367184, -0.200209, 0.979753, 0.006846
87.070000, 4663.626372, 13940.951412, 288.394314, -0.200276, 0.979739, 0.006845
87.080000, 4663.805545, 13943.830056, 288.421446, -0.200344, 0.979726, 0.006844
87.090000, 4663.984404, 13946.708991, 288.448583, -0.200411, 0.979712, 0.006844
87.100000, 4664.162951, 13949.588218, 288.475724, -0.200478, 0.979698, 0.006843
87.110000, 4664.341185, 13952.467736, 288.502869, -0.200545, 0.979685, 0.006842
87.120000, 4664.519105, 13955.347545, 288.530019, -0.200612, 0.979671, 0.006841
87.130000, 4664.696713, 13958.227646, 288.557172, -0.200679, 0.979657, 0.006840
87.140000, 4664.874007, 13961.108038, 288.584331, -0.200746, 0.979643, 0.006839
87.150000, 4665.050987, 13963.988721, 288.611493, -0.200813, 0.979630, 0.006839
87.160000, 4665.227655, 13966.869696, 288.638658, -0.200880, 0.979616, 0.006838
87.170000, 4665.404008, 13969.750962, 288.665827, -0.200947, 0.979602, 0.006837
87.180000, 4665.580049, 13972.632520, 288.693001, -0.201014, 0.979588, 0.006836
87.190000, 4665.755775, 13975.514369, 288.720179, -0.201081, 0.979575, 0.006835
87.200000, 4665.931188, 13978.396510, 288.747361, -0.201148, 0.979561, 0.006834
87.210000, 4666.106287, 13981.278942, 288.774547, -0.201214, 0.979547, 0.006833
87.220000, 4666.281072, 13984.161665, 288.801738, -0.201281, 0.979533, 0.006833
87.230000, 4666.455543, 13987.044680, 288.828934, -0.201348, 0.979520, 0.006832
87.240000, 4666.629700, 13989.927986, 288.856133, -0.201415, 0.979506, 0.006831
87.250000, 4666.803544, 13992.811584, 288.883335, -0.201482, 0.979492, 0.006830
87.260000, 4666.977072, 13995.695474, 288.910541, -0.201549, 0.979478, 0.006829
87.270000, 4667.150287, 13998.579654, 288.937752, -0.201616, 0.979465, 0.006828
87.280000, 4667.323187, 14001.464127, 288.964966, -0.201683, 0.979451, 0.006827
87.290000, 4667.495773, 14004.348891, 288.992186, -0.201750, 0.979437, 0.006827
87.300000, 4667.668045, 14007.233946, 289.019409, -0.201816, 0.979423, 0.006826
87.310000, 4667.840001, 14010.119293, 289.046637, -0.201883, 0.979410, 0.006825
87.320000, 4668.011643, 14013.004931, 289.073870, -0.201950, 0.979396, 0.006824
87.330000, 4668.182971, 14015.890861, 289.101106, -0.202017, 0.979382, 0.006823
87.340000, 4668.353984, 14018.777083, 289.128345, -0.202084, 0.979368, 0.006822
87.350000, 4668.524681, 14021.663596, 289.155589, -0.202151, 0.979354, 0.006822
87.360000, 4668.695064, 14024.550401, 289.182836, -0.202217, 0.979341, 0.006821
87.370000, 4668.865132, 14027.437497, 289.210088, -0.202284, 0.979327, 0.006820
87.380000, 4669.034885, 14030.324885, 289.237344, -0.202351, 0.979313, 0.006819
87.390000, 4669.204322, 14033.212564, 289.264605, -0.202418, 0.979299, 0.006818
87.400000, 4669.373445, 14036.100535, 289.291870, -0.202484, 0.979285, 0.006817
87.410000, 4669.542252, 14038.988797, 289.319140, -0.202551, 0.979272, 0.006816
87.420000, 4669.710743, 14041.877352, 289.346411, -0.202618, 0.979258, 0.006816
87.430000, 4669.878919, 14044.766197, 289.373687, -0.202685, 0.979244, 0.006815
87.440000, 4670.046780, 14047.655335, 289.400968, -0.202751, 0.979230, 0.006814
87.450000, 4670.214325, 14050.544764, 289.428253, -0.202818, 0.979216, 0.006813
87.460000, 4670.381554, 14053.434484, 289.455542, -0.202885, 0.979203, 0.006812
87.470000, 4670.548468, 14056.324497, 289.482835, -0.202952, 0.979189, 0.006811
87.480000, 4670.715065, 14059.214801, 289.510133, -0.203018, 0.979175, 0.006810
87.490000, 4670.881347, 14062.105396, 289.537436, -0.203085, 0.979161, 0.006809
87.500000, 4671.047313, 14064.996284, 289.564742, -0.203152, 0.979147, 0.006809
87.510000, 4671.212962, 14067.887463, 289.592051, -0.203218, 0.979133, 0.006808
87.520000, 4671.378296, 14070.778933, 289.619364, -0.203285, 0.979120, 0.006807
87.530000, 4671.543313, 14073.670695, 289.646682, -0.203352, 0.979106, 0.006806
87.540000, 4671.708014, 14076.562750, 289.674004, -0.203418, 0.979092, 0.006805
87.550000, 4671.872398, 14079.455095, 289.701330, -0.203485, 0.979078, 0.006804
87.560000, 4672.036466, 14082.347733, 289.728661, -0.203551, 0.979064, 0.006803
87.570000, 4672.200218, 14085.240662, 289.755996, -0.203618, 0.979050, 0.006803
87.580000, 4672.363653, 14088.133883, 289.783336, -0.203685, 0.979037, 0.006802
87.590000, 4672.526771, 14091.027395, 289.810680, -0.203751, 0.979023, 0.006801
87.600000, 4672.689572, 14093.921200, 289.838028, -0.203818, 0.979009, 0.006800
87.610000, 4672.852057, 14096.815296, 289.865379, -0.203884, 0.978995, 0.006799
87.620000, 4673.014225, 14099.709684, 289.892734, -0.203951, 0.978981, 0.006798
87.630000, 4673.176075, 14102.604364, 289.920093, -0.204017, 0.978967, 0.006797
87.640000, 4673.337609, 14105.499335, 289.947456, -0.204084, 0.978953, 0.006797
87.650000, 4673.498826, 14108.394598, 289.974825, -0.204150, 0.978940, 0.006796
87.660000, 4673.659725, 14111.290153, 290.002197, -0.204217, 0.978926, 0.006795
87.670000, 4673.820307, 14114.186000, 290.029574, -0.204283, 0.978912, 0.006794
87.680000, 4673.980572, 14117.082139, 290.056955, -0.204350, 0.978898, 0.006793
87.690000, 4674.140519, 14119.978569, 290.084341, -0.204416, 0.978884, 0.006792
87.700000, 4674.300148, 14122.875291, 290.111729, -0.204483, 0.978870, 0.006791
87.710000, 4674.459460, 14125.772305, 290.139121, -0.204549, 0.978856, 0.006790
87.720000, 4674.618455, 14128.669611, 290.166518, -0.204616, 0.978842, 0.006790
87.730000, 4674.777132, 14131.567209, 290.193919, -0.204682, 0.978828, 0.006789
87.740000, 4674.935490, 14134.465099, 290.221324, -0.204749, 0.978815, 0.006788
87.750000, 4675.093531, 14137.363280, 290.248734, -0.204815, 0.978801, 0.006787
87.760000, 4675.251254, 14140.261754, 290.276148, -0.204882, 0.978787, 0.006786
87.770000, 4675.408659, 14143.160519, 290.303567, -0.204948, 0.978773, 0.006785
87.780000, 4675.565746, 14146.059576, 290.330990, -0.205014, 0.978759, 0.006784
87.790000, 4675.722515, 14148.958925, 290.358418, -0.205081, 0.978745, 0.006783
87.800000, 4675.878965, 14151.858566, 290.385848, -0.205147, 0.978731, 0.006783
87.810000, 4676.035097, 14154.758499, 290.413282, -0.205214, 0.978717, 0.006782
87.820000, 4676.190910, 14157.658723, 290.440720, -0.205280, 0.978703, 0.006781
87.830000, 4676.346405, 14160.559240, 290.468163, -0.205346, 0.978689, 0.006780
87.840000, 4676.501582, 14163.460048, 290.495610, -0.205413, 0.978675, 0.006779
87.850000, 4676.656440, 14166.361149, 290.523062, -0.205479, 0.978662, 0.006778
87.860000, 4676.810979, 14169.262541, 290.550518, -0.205545, 0.978648, 0.006777
87.870000, 4676.965199, 14172.164226, 290.577979, -0.205612, 0.978634, 0.006776
87.880000, 4677.119100, 14175.066202, 290.605444, -0.205678, 0.978620, 0.006776
87.890000, 4677.272683, 14177.968470, 290.632913, -0.205744, 0.978606, 0.006775
87.900000, 4677.425946, 14180.871031, 290.660385, -0.205811, 0.978592, 0.006774
87.910000, 4677.578891, 14183.773883, 290.687861, -0.205877, 0.978578, 0.006773
87.920000, 4677.731516, 14186.677027, 290.715341, -0.205943, 0.978564, 0.006772
87.930000, 4677.883822, 14189.580464, 290.742826, -0.206009, 0.978550, 0.006771
87.940000, 4678.035808, 14192.484192, 290.770315, -0.206076, 0.978536, 0.006770
87.950000, 4678.187475, 14195.388212, 290.797809, -0.206142, 0.978522, 0.006769
87.960000, 4678.338823, 14198.292524, 290.825307, -0.206208, 0.978508, 0.006769
87.970000, 4678.489851, 14201.197129, 290.852810, -0.206274, 0.978494, 0.006768
87.980000, 4678.640559, 14204.102025, 290.880317, -0.206340, 0.978480, 0.006767
87.990000, 4678.790948, 14207.007213, 290.907828, -0.206407, 0.978466, 0.006766
88.000000, 4678.941017, 14209.912694, 290.935344, -0.206473, 0.978452, 0.006765
88.010000, 4679.090766, 14212.818466, 290.962862, -0.206539, 0.978438, 0.006764
88.020000, 4679.240195, 14215.724531, 290.990384, -0.206605, 0.978424, 0.006763
88.030000, 4679.389304, 14218.630888, 291.017911, -0.206671, 0.978410, 0.006762
88.040000, 4679.538094, 14221.537536, 291.045443, -0.206738, 0.978396, 0.006762
88.050000, 4679.686562, 14224.444477, 291.072978, -0.206804, 0.978382, 0.006761
88.060000, 4679.834711, 14227.351710, 291.100518, -0.206870, 0.978368, 0.006760
88.070000, 4679.982539, 14230.259235, 291.128063, -0.206936, 0.978354, 0.006759
88.080000, 4680.130047, 14233.167052, 291.155612, -0.207002, 0.978340, 0.006758
88.090000, 4680.277235, 14236.075161, 291.183166, -0.207068, 0.978327, 0.006757
88.100000, 4680.424102, 14238.983563, 291.210723, -0.207134, 0.978313, 0.006756
88.110000, 4680.570648, 14241.892256, 291.238284, -0.207200, 0.978299, 0.006755
88.120000, 4680.716874, 14244.801242, 291.265848, -0.207266, 0.978285, 0.006754
88.130000, 4680.862779, 14247.710520, 291.293417, -0.207333, 0.978271, 0.006754
88.140000, 4681.008363, 14250.620090, 291.320990, -0.207399, 0.978257, 0.006753
88.150000, 4681.153626, 14253.529952, 291.348568, -0.207465, 0.978243, 0.006752
88.160000, 4681.298568, 14256.440106, 291.376150, -0.207531, 0.978229, 0.006751
88.170000, 4681.443189, 14259.350552, 291.403737, -0.207597, 0.978214, 0.006750
88.180000, 4681.587489, 14262.261291, 291.431328, -0.207663, 0.978200, 0.006749
88.190000, 4681.731468, 14265.172322, 291.458924, -0.207729, 0.978186, 0.006748
88.200000, 4681.875125, 14268.083645, 291.486524, -0.207795, 0.978172, 0.006747
88.210000, 4682.018462, 14270.995260, 291.514128, -0.207861, 0.978158, 0.006746
88.220000, 4682.161476, 14273.907168, 291.541735, -0.207927, 0.978144, 0.006746
88.230000, 4682.304169, 14276.819367, 291.569346, -0.207993, 0.978130, 0.006745
88.240000, 4682.446541, 14279.731859, 291.596962, -0.208059, 0.978116, 0.006744
88.250000, 4682.588591, 14282.644644, 291.624582, -0.208125, 0.978102, 0.006743
88.260000, 4682.730319, 14285.557720, 291.652206, -0.208191, 0.978088, 0.006742
88.270000, 4682.871725, 14288.471089, 291.679835, -0.208256, 0.978074, 0.006741
88.280000, 4683.012810, 14291.384749, 291.707469, -0.208322, 0.978060, 0.006740
88.290000, 4683.153572, 14294.298703, 291.735106, -0.208388, 0.978046, 0.006739
88.300000, 4683.294013, 14297.212948, 291.762749, -0.208454, 0.978032, 0.006738
88.310000, 4683.434131, 14300.127486, 291.790395, -0.208520, 0.978018, 0.006738
88.320000, 4683.573927, 14303.042316, 291.818046, -0.208586, 0.978004, 0.006737
88.330000, 4683.713401, 14305.957438, 291.845702, -0.208652, 0.977990, 0.006736
88.340000, 4683.852552, 14308.872853, 291.873360, -0.208718, 0.977976, 0.006735
88.350000, 4683.991381, 14311.788560, 291.901022, -0.208784, 0.977962, 0.006734
88.360000, 4684.129888, 14314.704559, 291.928689, -0.208849, 0.977948, 0.006733
88.370000, 4684.268072, 14317.620851, 291.956360, -0.208915, 0.977934, 0.006732
88.380000, 4684.405933, 14320.537435, 291.984036, -0.208981, 0.977920, 0.006731
88.390000, 4684.543472, 14323.454311, 292.011716, -0.209047, 0.977906, 0.006730
88.400000, 4684.680688, 14326.371480, 292.039400, -0.209113, 0.977892, 0.006729
88.410000, 4684.817581, 14329.288941, 292.067089, -0.209179, 0.977877, 0.006729
88.420000, 4684.954151, 14332.206694, 292.094783, -0.209244, 0.977863, 0.006728
88.430000, 4685.090398, 14335.124740, 292.122481, -0.209310, 0.977849, 0.006727
88.440000, 4685.226322, 14338.043078, 292.150183, -0.209376, 0.977835, 0.006726
88.450000, 4685.361923, 14340.961709, 292.177890, -0.209442, 0.977821, 0.006725
88.460000, 4685.497200, 14343.880632, 292.205599, -0.209507, 0.977807, 0.006724
88.470000, 4685.632155, 14346.799847, 292.233313, -0.209573, 0.977793, 0.006723
88.480000, 4685.766785, 14349.719355, 292.261031, -0.209639, 0.977779, 0.006722
88.490000, 4685.901093, 14352.639155, 292.288753, -0.209705, 0.977765, 0.006721
88.500000, 4686.035077, 14355.559248, 292.316480, -0.209770, 0.977751, 0.006720
88.510000, 4686.168737, 14358.479633, 292.344212, -0.209836, 0.977737, 0.006720
88.520000, 4686.302073, 14361.400310, 292.371947, -0.209902, 0.977723, 0.006719
88.530000, 4686.435086, 14364.321280, 292.399688, -0.209967, 0.977708, 0.006718
88.540000, 4686.567775, 14367.242542, 292.427433, -0.210033, 0.977694, 0.006717
88.550000, 4686.700140, 14370.164097, 292.455182, -0.210099, 0.977680, 0.006716
88.560000, 4686.832181, 14373.085945, 292.482936, -0.210164, 0.977666, 0.006715
88.570000, 4686.963898, 14376.008084, 292.510694, -0.210230, 0.977652, 0.006714
88.580000, 4687.095291, 14378.930517, 292.538457, -0.210296, 0.977638, 0.006713
88.590000, 4687.226359, 14381.853242, 292.566222, -0.210361, 0.977624, 0.006712
88.600000, 4687.357103, 14384.776259, 292.593991, -0.210427, 0.977610, 0.006711
88.610000, 4687.487523, 14387.699569, 292.621765, -0.210492, 0.977595, 0.006711
88.620000, 4687.617619, 14390.623171, 292.649543, -0.210558, 0.977581, 0.006710
88.630000, 4687.747390, 14393.547066, 292.677326, -0.210624, 0.977567, 0.006709
88.640000, 4687.876836, 14396.471253, 292.705113, -0.210689, 0.977553, 0.006708
88.650000, 4688.005958, 14399.395733, 292.732905, -0.210755, 0.977539, 0.006707
88.660000, 4688.134755, 14402.320506, 292.760701, -0.210820, 0.977525, 0.006706
88.670000, 4688.263227, 14405.245571, 292.788502, -0.210886, 0.977511, 0.006705
88.680000, 4688.391374, 14408.170929, 292.816307, -0.210951, 0.977497, 0.006704
88.690000, 4688.519197, 14411.096579, 292.844117, -0.211017, 0.977482, 0.006703
88.700000, 4688.646694, 14414.022522, 292.871931, -0.211082, 0.977468, 0.006702
88.710000, 4688.773866, 14416.948757, 292.899750, -0.211148, 0.977454, 0.006701
88.720000, 4688.900713, 14419.875285, 292.927571, -0.211213, 0.977440, 0.006701
88.730000, 4689.027235, 14422.802105, 292.955396, -0.211279, 0.977426, 0.006700
88.740000, 4689.153431, 14425.729219, 292.983226, -0.211344, 0.977412, 0.006699
88.750000, 4689.279302, 14428.656624, 293.011060, -0.211410, 0.977398, 0.006698
88.760000, 4689.404847, 14431.584323, 293.038899, -0.211475, 0.977383, 0.006697
88.770000, 4689.530067, 14434.512314, 293.066742, -0.211541, 0.977369, 0.006696
88.780000, 4689.654961, 14437.440598, 293.094590, -0.211606, 0.977355, 0.006695
88.790000, 4689.779530, 14440.369174, 293.122443, -0.211672, 0.977341, 0.006694
88.800000, 4689.903773, 14443.298043, 293.150299, -0.211737, 0.977327, 0.006693
88.810000, 4690.027690, 14446.227205, 293.178161, -0.211802, 0.977313, 0.006692
88.820000, 4690.151281, 14449.156659, 293.206026, -0.211868, 0.977298, 0.006691
88.830000, 4690.274545, 14452.086406, 293.233897, -0.211933, 0.977284, 0.006691
88.840000, 4690.397484, 14455.016446, 293.261771, -0.211999, 0.977270, 0.006690
88.850000, 4690.520097, 14457.946778, 293.289651, -0.212064, 0.977256, 0.006689
88.860000, 4690.642384, 14460.877403, 293.317532, -0.212129, 0.977242, 0.006688
88.870000, 4690.764344, 14463.808321, 293.345418, -0.212195, 0.977227, 0.006687
88.880000, 4690.885977, 14466.739531, 293.373309, -0.212260, 0.977213, 0.006686
88.890000, 4691.007285, 14469.671035, 293.401204, -0.212325, 0.977199, 0.006685
88.900000, 4691.128266, 14472.602831, 293.429103, -0.212391, 0.977185, 0.006684
88.910000, 4691.248920, 14475.534919, 293.457007, -0.212456, 0.977171, 0.006683
88.920000, 4691.369247, 14478.467301, 293.484916, -0.212521, 0.977156, 0.006682
88.930000, 4691.489248, 14481.399975, 293.512829, -0.212587, 0.977142, 0.006681
88.940000, 4691.608922, 14484.332942, 293.540746, -0.212652, 0.977128, 0.006680
88.950000, 4691.728269, 14487.266202, 293.568668, -0.212717, 0.977114, 0.006680
88.960000, 4691.847289, 14490.199754, 293.596594, -0.212782, 0.977100, 0.006679
88.970000, 4691.965982, 14493.133599, 293.624525, -0.212848, 0.977085, 0.006678
88.980000, 4692.084348, 14496.067737, 293.652461, -0.212913, 0.977071, 0.006677
88.990000, 4692.202386, 14499.002168, 293.680401, -0.212978, 0.977057, 0.006676
89.000000, 4692.320098, 14501.936892, 293.708345, -0.213043, 0.977043, 0.006675
89.010000, 4692.437482, 14504.871909, 293.736292, -0.213108, 0.977029, 0.006674
89.020000, 4692.554538, 14507.807218, 293.764243, -0.213174, 0.977014, 0.006673
89.030000, 4692.671267, 14510.742820, 293.792199, -0.213239, 0.977000, 0.006672
89.040000, 4692.787669, 14513.678715, 293.820159, -0.213304, 0.976986, 0.006671
89.050000, 4692.903743, 14516.614903, 293.848124, -0.213369, 0.976972, 0.006670
89.060000, 4693.019489, 14519.551383, 293.876093, -0.213434, 0.976957, 0.006669
89.070000, 4693.134907, 14522.488157, 293.904067, -0.213499, 0.976943, 0.006669
89.080000, 4693.249997, 14525.425223, 293.932045, -0.213565, 0.976929, 0.006668
89.090000, 4693.364760, 14528.362583, 293.960028, -0.213630, 0.976915, 0.006667
89.100000, 4693.479194, 14531.300235, 293.988016, -0.213695, 0.976900, 0.006666
89.110000, 4693.593301, 14534.238180, 294.016007, -0.213760, 0.976886, 0.006665
89.120000, 4693.707079, 14537.176418, 294.044004, -0.213825, 0.976872, 0.006664
89.130000, 4693.820529, 14540.114949, 294.072005, -0.213890, 0.976858, 0.006663
89.140000, 4693.933650, 14543.053772, 294.100010, -0.213955, 0.976843, 0.006662
89.150000, 4694.046444, 14545.992889, 294.128020, -0.214020, 0.976829, 0.006661
89.160000, 4694.158908, 14548.932299, 294.156032, -0.214085, 0.976815, 0.006660
89.170000, 4694.271045, 14551.872001, 294.184049, -0.214150, 0.976801, 0.006659
89.180000, 4694.382852, 14554.811997, 294.212070, -0.214215, 0.976786, 0.006658
89.190000, 4694.494331, 14557.752285, 294.240096, -0.214280, 0.976772, 0.006657
89.200000, 4694.605481, 14560.692866, 294.268126, -0.214346, 0.976758, 0.006657
89.210000, 4694.716303, 14563.633741, 294.296161, -0.214411, 0.976744, 0.006656
89.220000, 4694.826795, 14566.574908, 294.324200, -0.214476, 0.976729, 0.006655
89.230000, 4694.936958, 14569.516368, 294.352244, -0.214541, 0.976715, 0.006654
89.240000, 4695.046793, 14572.458121, 294.380292, -0.214605, 0.976701, 0.006653
89.250000, 4695.156298, 14575.400168, 294.408345, -0.214670, 0.976687, 0.006652
89.260000, 4695.265474, 14578.342507, 294.436402, -0.214735, 0.976672, 0.006651
89.270000, 4695.374321, 14581.285139, 294.464464, -0.214800, 0.976658, 0.006650
89.280000, 4695.482838, 14584.228064, 294.492530, -0.214865, 0.976644, 0.006649
89.290000, 4695.591026, 14587.171283, 294.520601, -0.214930, 0.976629, 0.006648
89.300000, 4695.698884, 14590.114794, 294.548677, -0.214995, 0.976615, 0.006647
89.310000, 4695.806413, 14593.058598, 294.576757, -0.215060, 0.976601, 0.006646
89.320000, 4695.913612, 14596.002696, 294.604841, -0.215125, 0.976587, 0.006645
89.330000, 4696.020482, 14598.947086, 294.632930, -0.215190, 0.976572, 0.006644
89.340000, 4696.127021, 14601.891770, 294.661022, -0.215255, 0.976558, 0.006644
89.350000, 4696.233231, 14604.836746, 294.689118, -0.215320, 0.976544, 0.006643
89.360000, 4696.339111, 14607.782016, 294.717218, -0.215384, 0.976529, 0.006642
89.370000, 4696.444661, 14610.727579, 294.745323, -0.215449, 0.976515, 0.006641
89.380000, 4696.549880, 14613.673434, 294.773432, -0.215514, 0.976501, 0.006640
89.390000, 4696.654770, 14616.619583, 294.801546, -0.215579, 0.976486, 0.006639
89.400000, 4696.759329, 14619.566025, 294.829665, -0.215644, 0.976472, 0.006638
89.410000, 4696.863558, 14622.512760, 294.857788, -0.215709, 0.976458, 0.006637
89.420000, 4696.967456, 14625.459789, 294.885915, -0.215773, 0.976443, 0.006636
89.430000, 4697.071024, 14628.407110, 294.914048, -0.215838, 0.976429, 0.006635
89.440000, 4697.174262, 14631.354725, 294.942184, -0.215903, 0.976415, 0.006634
89.450000, 4697.277169, 14634.302632, 294.970325, -0.215968, 0.976401, 0.006633
89.460000, 4697.379745, 14637.250833, 294.998471, -0.216032, 0.976386, 0.006632
89.470000, 4697.481990, 14640.199327, 295.026621, -0.216097, 0.976372, 0.006631
89.480000, 4697.583905, 14643.148114, 295.054776, -0.216162, 0.976358, 0.006630
89.490000, 4697.685488, 14646.097194, 295.082936, -0.216227, 0.976343, 0.006629
89.500000, 4697.786741, 14649.046568, 295.111099, -0.216291, 0.976329, 0.006629
89.510000, 4697.887662, 14651.996235, 295.139268, -0.216356, 0.976315, 0.006628
89.520000, 4697.988253, 14654.946194, 295.167439, -0.216421, 0.976300, 0.006627
89.530000, 4698.088512, 14657.896447, 295.195614, -0.216485, 0.976286, 0.006626
89.540000, 4698.188440, 14660.846994, 295.223794, -0.216550, 0.976271, 0.006625
89.550000, 4698.288036, 14663.797833, 295.251978, -0.216615, 0.976257, 0.006624
89.560000, 4698.387302, 14666.748966, 295.280167, -0.216679, 0.976243, 0.006623
89.570000, 4698.486235, 14669.700392, 295.308360, -0.216744, 0.976228, 0.006622
89.580000, 4698.584837, 14672.652111, 295.336558, -0.216809, 0.976214, 0.006621
89.590000, 4698.683107, 14675.604123, 295.364761, -0.216873, 0.976200, 0.006620
89.600000, 4698.781046, 14678.556429, 295.392968, -0.216938, 0.976185, 0.006619
89.610000, 4698.878653, 14681.509028, 295.421180, -0.217003, 0.976171, 0.006618
89.620000, 4698.975928, 14684.461920, 295.449396, -0.217067, 0.976157, 0.006617
89.630000, 4699.072871, 14687.415106, 295.477617, -0.217132, 0.976142, 0.006616
89.640000, 4699.169482, 14690.368584, 295.505842, -0.217196, 0.976128, 0.006615
89.650000, 4699.265761, 14693.322356, 295.534072, -0.217261, 0.976114, 0.006614
89.660000, 4699.361707, 14696.276422, 295.562306, -0.217326, 0.976099, 0.006614
89.670000, 4699.457322, 14699.230780, 295.590545, -0.217390, 0.976085, 0.006613
89.680000, 4699.552604, 14702.185432, 295.618789, -0.217455, 0.976070, 0.006612
89.690000, 4699.647554, 14705.140377, 295.647037, -0.217519, 0.976056, 0.006611
89.700000, 4699.742171, 14708.095616, 295.675289, -0.217584, 0.976042, 0.006610
89.710000, 4699.836455, 14711.051148, 295.703547, -0.217648, 0.976027, 0.006609
89.720000, 4699.930407, 14714.006973, 295.731808, -0.217713, 0.976013, 0.006608
89.730000, 4700.024027, 14716.963092, 295.760075, -0.217777, 0.975999, 0.006607
89.740000, 4700.117313, 14719.919504, 295.788343, -0.217842, 0.975984, 0.006606
89.750000, 4700.210267, 14722.876209, 295.816616, -0.217906, 0.975970, 0.006605
89.760000, 4700.302888, 14725.833208, 295.844894, -0.217970, 0.975955, 0.006604
89.770000, 4700.395176, 14728.790500, 295.873176, -0.218035, 0.975941, 0.006603
89.780000, 4700.487131, 14731.748086, 295.901463, -0.218099, 0.975927, 0.006602
89.790000, 4700.578752, 14734.705965, 295.929755, -0.218164, 0.975912, 0.006601
89.800000, 4700.670041, 14737.664137, 295.958051, -0.218228, 0.975898, 0.006600
89.810000, 4700.760996, 14740.622603, 295.986351, -0.218293, 0.975883, 0.006599
89.820000, 4700.851618, 14743.581362, 296.014656, -0.218357, 0.975869, 0.006598
89.830000, 4700.941906, 14746.540414, 296.042966, -0.218421, 0.975855, 0.006597
89.840000, 4701.031861, 14749.499760, 296.071280, -0.218486, 0.975840, 0.006596
89.850000, 4701.121482, 14752.459399, 296.099599, -0.218550, 0.975826, 0.006596
89.860000, 4701.210770, 14755.419332, 296.127922, -0.218614, 0.975811, 0.006595
89.870000, 4701.299724, 14758.379559, 296.156250, -0.218679, 0.975797, 0.006594
89.880000, 4701.388344, 14761.340078, 296.184583, -0.218743, 0.975782, 0.006593
89.890000, 4701.476630, 14764.300892, 296.212920, -0.218807, 0.975768, 0.006592
89.900000, 4701.564582, 14767.261998, 296.241261, -0.218872, 0.975754, 0.006591
89.910000, 4701.652201, 14770.223398, 296.269607, -0.218936, 0.975739, 0.006590
89.920000, 4701.739485, 14773.185092, 296.297958, -0.219000, 0.975725, 0.006589
89.930000, 4701.826435, 14776.147079, 296.326314, -0.219065, 0.975710, 0.006588
89.940000, 4701.913051, 14779.109360, 296.354673, -0.219129, 0.975696, 0.006587
89.950000, 4701.999332, 14782.071934, 296.383038, -0.219193, 0.975681, 0.006586
89.960000, 4702.085279, 14785.034802, 296.411407, -0.219257, 0.975667, 0.006585
89.970000, 4702.170892, 14787.997963, 296.439781, -0.219322, 0.975653, 0.006584
89.980000, 4702.256170, 14790.961418, 296.468157, -0.219386, 0.975638, 0.006583
89.990000, 4702.341113, 14793.925166, 296.496537, -0.219450, 0.975624, 0.006582
90.000000, 4702.425722, 14796.889208, 296.524922, -0.219514, 0.975609, 0.006581
90.010000, 4702.509996, 14799.853544, 296.553312, -0.219579, 0.975595, 0.006580
90.020000, 4702.593935, 14802.818173, 296.581706, -0.219643, 0.975580, 0.006579
90.030000, 4702.677539, 14805.783095, 296.610105, -0.219707, 0.975566, 0.006578
90.040000, 4702.760809, 14808.748311, 296.638508, -0.219771, 0.975551, 0.006577
90.050000, 4702.843743, 14811.713821, 296.666916, -0.219835, 0.975537, 0.006576
90.060000, 4702.926342, 14814.679624, 296.695329, -0.219899, 0.975523, 0.006576
90.070000, 4703.008606, 14817.645721, 296.723746, -0.219963, 0.975508, 0.006575
90.080000, 4703.090534, 14820.612112, 296.752168, -0.220028, 0.975494, 0.006574
90.090000, 4703.172128, 14823.578796, 296.780594, -0.220092, 0.975479, 0.006573
90.100000, 4703.253386, 14826.545774, 296.809025, -0.220156, 0.975465, 0.006572
90.110000, 4703.334308, 14829.513045, 296.837461, -0.220220, 0.975450, 0.006571
90.120000, 4703.414895, 14832.480610, 296.865901, -0.220284, 0.975436, 0.006570
90.130000, 4703.495146, 14835.448469, 296.894345, -0.220348, 0.975421, 0.006569
90.140000, 4703.575061, 14838.416621, 296.922795, -0.220412, 0.975407, 0.006568
90.150000, 4703.654641, 14841.385067, 296.951249, -0.220476, 0.975392, 0.006567
90.160000, 4703.733885, 14844.353807, 296.979707, -0.220540, 0.975378, 0.006566
90.170000, 4703.812793, 14847.322840, 297.008170, -0.220604, 0.975363, 0.006565
90.180000, 4703.891365, 14850.292167, 297.036638, -0.220668, 0.975349, 0.006564
90.190000, 4703.969600, 14853.261788, 297.065110, -0.220732, 0.975334, 0.006563
90.200000, 4704.047500, 14856.231702, 297.093587, -0.220796, 0.975320, 0.006562
90.210000, 4704.125063, 14859.201910, 297.122068, -0.220860, 0.975305, 0.006561
90.220000, 4704.202290, 14862.172412, 297.150554, -0.220924, 0.975291, 0.006560
90.230000, 4704.279181, 14865.143208, 297.179045, -0.220988, 0.975276, 0.006559
90.240000, 4704.355735, 14868.114297, 297.207540, -0.221052, 0.975262, 0.006558
90.250000, 4704.431953, 14871.085680, 297.236039, -0.221116, 0.975247, 0.006557
90.260000, 4704.507834, 14874.057357, 297.264544, -0.221180, 0.975233, 0.006556
90.270000, 4704.583379, 14877.029327, 297.293053, -0.221244, 0.975218, 0.006555
90.280000, 4704.658586, 14880.001592, 297.321566, -0.221308, 0.975204, 0.006554
90.290000, 4704.733457, 14882.974150, 297.350084, -0.221372, 0.975189, 0.006553
90.300000, 4704.807991, 14885.947002, 297.378605, -0.221436, 0.975175, 0.006552
90.310000, 4704.882188, 14888.920147, 297.407130, -0.221500, 0.975160, 0.006551
90.320000, 4704.956049, 14891.893587, 297.435660, -0.221564, 0.975146, 0.006551
90.330000, 4705.029571, 14894.867320, 297.464194, -0.221627, 0.975131, 0.006550
90.340000, 4705.102757, 14897.841347, 297.492733, -0.221691, 0.975117, 0.006549
90.350000, 4705.175606, 14900.815667, 297.521276, -0.221755, 0.975102, 0.006548
90.360000, 4705.248117, 14903.790282, 297.549824, -0.221819, 0.975088, 0.006547
90.370000, 4705.320291, 14906.765190, 297.578377, -0.221883, 0.975073, 0.006546
90.380000, 4705.392127, 14909.740393, 297.606934, -0.221947, 0.975059, 0.006545
90.390000, 4705.463626, 14912.715889, 297.635496, -0.222010, 0.975044, 0.006544
90.400000, 4705.534787, 14915.691679, 297.664063, -0.222074, 0.975030, 0.006543
90.410000, 4705.605610, 14918.667762, 297.692634, -0.222138, 0.975015, 0.006542
90.420000, 4705.676096, 14921.644140, 297.721210, -0.222202, 0.975001, 0.006541
90.430000, 4705.746244, 14924.620811, 297.749790, -0.222265, 0.974986, 0.006540
90.440000, 4705.816054, 14927.597777, 297.778375, -0.222329, 0.974972, 0.006539
90.450000, 4705.885525, 14930.575036, 297.806964, -0.222393, 0.974957, 0.006538
90.460000, 4705.954659, 14933.552589, 297.835558, -0.222457, 0.974943, 0.006537
90.470000, 4706.023455, 14936.530436, 297.864157, -0.222520, 0.974928, 0.006536
90.480000, 4706.091912, 14939.508577, 297.892761, -0.222584, 0.974913, 0.006535
90.490000, 4706.160032, 14942.487012, 297.921368, -0.222648, 0.974899, 0.006534
90.500000, 4706.227813, 14945.465741, 297.949981, -0.222712, 0.974884, 0.006533
90.510000, 4706.295255, 14948.444763, 297.978598, -0.222775, 0.974870, 0.006532
90.520000, 4706.362359, 14951.424080, 298.007220, -0.222839, 0.974855, 0.006531
90.530000, 4706.429124, 14954.403690, 298.035846, -0.222903, 0.974841, 0.006530
90.540000, 4706.495551, 14957.383595, 298.064477, -0.222966, 0.974826, 0.006529
90.550000, 4706.561639, 14960.363793, 298.093113, -0.223030, 0.974812, 0.006528
90.560000, 4706.627388, 14963.344286, 298.121753, -0.223093, 0.974797, 0.006527
90.570000, 4706.692799, 14966.325072, 298.150398, -0.223157, 0.974782, 0.006526
90.580000, 4706.757870, 14969.306152, 298.179048, -0.223221, 0.974768, 0.006525
90.590000, 4706.822602, 14972.287527, 298.207702, -0.223284, 0.974753, 0.006524
90.600000, 4706.886996, 14975.269195, 298.236360, -0.223348, 0.974739, 0.006523
90.610000, 4706.951050, 14978.251158, 298.265024, -0.223411, 0.974724, 0.006522
90.620000, 4707.014765, 14981.233414, 298.293692, -0.223475, 0.974710, 0.006521
90.630000, 4707.078140, 14984.215964, 298.322364, -0.223539, 0.974695, 0.006520
90.640000, 4707.141177, 14987.198809, 298.351041, -0.223602, 0.974681, 0.006519
90.650000, 4707.203874, 14990.181947, 298.379723, -0.223666, 0.974666, 0.006518
90.660000, 4707.266231, 14993.165380, 298.408410, -0.223729, 0.974651, 0.006517
90.670000, 4707.328248, 14996.149106, 298.437101, -0.223793, 0.974637, 0.006517
90.680000, 4707.389926, 14999.133127, 298.465796, -0.223856, 0.974622, 0.006516
90.690000, 4707.451265, 15002.117441, 298.494497, -0.223920, 0.974608, 0.006515
90.700000, 4707.512263, 15005.102050, 298.523202, -0.223983, 0.974593, 0.006514
90.710000, 4707.572922, 15008.086953, 298.551911, -0.224047, 0.974578, 0.006513
90.720000, 4707.633240, 15011.072150, 298.580625, -0.224110, 0.974564, 0.006512
90.730000, 4707.693219, 15014.057641, 298.609344, -0.224174, 0.974549, 0.006511
90.740000, 4707.752857, 15017.043426, 298.638067, -0.224237, 0.974535, 0.006510
90.750000, 4707.812156, 15020.029505, 298.666795, -0.224300, 0.974520, 0.006509
90.760000, 4707.871114, 15023.015879, 298.695528, -0.224364, 0.974505, 0.006508
90.770000, 4707.929731, 15026.002546, 298.724265, -0.224427, 0.974491, 0.006507
90.780000, 4707.988009, 15028.989508, 298.753007, -0.224491, 0.974476, 0.006506
90.790000, 4708.045946, 15031.976764, 298.781752, -0.224554, 0.974462, 0.006505
90.800000, 4708.103542, 15034.964313, 298.810501, -0.224617, 0.974447, 0.006504
90.810000, 4708.160798, 15037.952157, 298.839254, -0.224681, 0.974432, 0.006503
90.820000, 4708.217713, 15040.940296, 298.868013, -0.224744, 0.974418, 0.006502
90.830000, 4708.274287, 15043.928728, 298.896775, -0.224807, 0.974403, 0.006501
90.840000, 4708.330520, 15046.917454, 298.925543, -0.224871, 0.974389, 0.006500
90.850000, 4708.386413, 15049.906475, 298.954315, -0.224934, 0.974374, 0.006499
90.860000, 4708.441964, 15052.895790, 298.983092, -0.224997, 0.974359, 0.006498
90.870000, 4708.497175, 15055.885399, 299.011873, -0.225061, 0.974345, 0.006497
90.880000, 4708.552044, 15058.875302, 299.040659, -0.225124, 0.974330, 0.006496
90.890000, 4708.606572, 15061.865499, 299.069450, -0.225187, 0.974315, 0.006495
90.900000, 4708.660759, 15064.855991, 299.098245, -0.225251, 0.974301, 0.006494
90.910000, 4708.714605, 15067.846777, 299.127045, -0.225314, 0.974286, 0.006493
90.920000, 4708.768109, 15070.837857, 299.155850, -0.225377, 0.974272, 0.006492
90.930000, 4708.821271, 15073.829231, 299.184659, -0.225440, 0.974257, 0.006491
90.940000, 4708.874092, 15076.820899, 299.213473, -0.225504, 0.974242, 0.006490
90.950000, 4708.926572, 15079.812862, 299.242291, -0.225567, 0.974228, 0.006489
90.960000, 4708.978709, 15082.805119, 299.271115, -0.225630, 0.974213, 0.006488
90.970000, 4709.030505, 15085.797670, 299.299942, -0.225693, 0.974198, 0.006487
90.980000, 4709.081959, 15088.790516, 299.328775, -0.225756, 0.974184, 0.006486
90.990000, 4709.133071, 15091.783655, 299.357612, -0.225820, 0.974169, 0.006485
91.000000, 4709.183842, 15094.777089, 299.386454, -0.225883, 0.974155, 0.006484
91.010000, 4709.234270, 15097.770818, 299.415300, -0.225946, 0.974140, 0.006483
91.020000, 4709.284356, 15100.764840, 299.444151, -0.226009, 0.974125, 0.006482
91.030000, 4709.334099, 15103.759157, 299.473007, -0.226072, 0.974111, 0.006481
91.040000, 4709.383501, 15106.753768, 299.501867, -0.226135, 0.974096, 0.006480
91.050000, 4709.432560, 15109.748674, 299.530732, -0.226198, 0.974081, 0.006479
91.060000, 4709.481276, 15112.743874, 299.559602, -0.226261, 0.974067, 0.006478
91.070000, 4709.529650, 15115.739368, 299.588476, -0.226325, 0.974052, 0.006477
91.080000, 4709.577682, 15118.735157, 299.617355, -0.226388, 0.974037, 0.006476
91.090000, 4709.625371, 15121.731239, 299.646238, -0.226451, 0.974023, 0.006475
91.100000, 4709.672717, 15124.727617, 299.675126, -0.226514, 0.974008, 0.006474
91.110000, 4709.719720, 15127.724288, 299.704019, -0.226577, 0.973993, 0.006473
91.120000, 4709.766381, 15130.721254, 299.732917, -0.226640, 0.973979, 0.006472
91.130000, 4709.812698, 15133.718514, 299.761819, -0.226703, 0.973964, 0.006471
91.140000, 4709.858673, 15136.716069, 299.790726, -0.226766, 0.973949, 0.006470
91.150000, 4709.904304, 15139.713918, 299.819637, -0.226829, 0.973935, 0.006469
91.160000, 4709.949592, 15142.712062, 299.848553, -0.226892, 0.973920, 0.006468
91.170000, 4709.994538, 15145.710500, 299.877474, -0.226955, 0.973905, 0.006467
91.180000, 4710.039139, 15148.709232, 299.906400, -0.227018, 0.973891, 0.006466
91.190000, 4710.083398, 15151.708259, 299.935330, -0.227081, 0.973876, 0.006465
91.200000, 4710.127312, 15154.707580, 299.964264, -0.227144, 0.973861, 0.006464
91.210000, 4710.170884, 15157.707196, 299.993204, -0.227207, 0.973847, 0.006463
91.220000, 4710.214112, 15160.707106, 300.022148, -0.227270, 0.973832, 0.006462
91.230000, 4710.256996, 15163.707310, 300.051097, -0.227333, 0.973817, 0.006461
91.240000, 4710.299536, 15166.707809, 300.080050, -0.227395, 0.973802, 0.006460
91.250000, 4710.341733, 15169.708602, 300.109008, -0.227458, 0.973788, 0.006459
91.260000, 4710.383585, 15172.709690, 300.137971, -0.227521, 0.973773, 0.006458
91.270000, 4710.425094, 15175.711073, 300.166938, -0.227584, 0.973758, 0.006457
91.280000, 4710.466259, 15178.712750, 300.195910, -0.227647, 0.973744, 0.006456
91.290000, 4710.507079, 15181.714721, 300.224887, -0.227710, 0.973729, 0.006455
91.300000, 4710.547556, 15184.716987, 300.253868, -0.227773, 0.973714, 0.006454
91.310000, 4710.587688, 15187.719547, 300.282854, -0.227836, 0.973700, 0.006453
91.320000, 4710.627476, 15190.722402, 300.311845, -0.227898, 0.973685, 0.006452
91.330000, 4710.666919, 15193.725551, 300.340840, -0.227961, 0.973670, 0.006451
91.340000, 4710.706018, 15196.728995, 300.369840, -0.228024, 0.973656, 0.006450
91.350000, 4710.744772, 15199.732734, 300.398845, -0.228087, 0.973641, 0.006449
91.360000, 4710.783182, 15202.736767, 300.427854, -0.228150, 0.973626, 0.006448
91.370000, 4710.821247, 15205.741094, 300.456868, -0.228212, 0.973611, 0.006447
91.380000, 4710.858968, 15208.745716, 300.485887, -0.228275, 0.973597, 0.006446
91.390000, 4710.896343, 15211.750633, 300.514910, -0.228338, 0.973582, 0.006445
91.400000, 4710.933374, 15214.755844, 300.543938, -0.228401, 0.973567, 0.006444
91.410000, 4710.970060, 15217.761350, 300.572971, -0.228463, 0.973553, 0.006443
91.420000, 4711.006400, 15220.767150, 300.602008, -0.228526, 0.973538, 0.006442
91.430000, 4711.042396, 15223.773245, 300.631050, -0.228589, 0.973523, 0.006441
91.440000, 4711.078046, 15226.779635, 300.660097, -0.228651, 0.973508, 0.006440
91.450000, 4711.113351, 15229.786319, 300.689148, -0.228714, 0.973494, 0.006439
91.460000, 4711.148311, 15232.793298, 300.718204, -0.228777, 0.973479, 0.006438
91.470000, 4711.182925, 15235.800572, 300.747265, -0.228839, 0.973464, 0.006437
91.480000, 4711.217194, 15238.808140, 300.776330, -0.228902, 0.973449, 0.006436
91.490000, 4711.251118, 15241.816002, 300.805400, -0.228965, 0.973435, 0.006435
91.500000, 4711.284695, 15244.824160, 300.834475, -0.229027, 0.973420, 0.006434
91.510000, 4711.317927, 15247.832612, 300.863554, -0.229090, 0.973405, 0.006433
91.520000, 4711.350813, 15250.841358, 300.892639, -0.229153, 0.973391, 0.006432
91.530000, 4711.383354, 15253.850400, 300.921727, -0.229215, 0.973376, 0.006431
91.540000, 4711.415548, 15256.859736, 300.950821, -0.229278, 0.973361, 0.006430
91.550000, 4711.447397, 15259.869366, 300.979919, -0.229340, 0.973346, 0.006429
91.560000, 4711.478899, 15262.879292, 301.009022, -0.229403, 0.973332, 0.006428
91.570000, 4711.510056, 15265.889512, 301.038129, -0.229466, 0.973317, 0.006427
91.580000, 4711.540866, 15268.900027, 301.067241, -0.229528, 0.973302, 0.006426
91.590000, 4711.571330, 15271.910836, 301.096358, -0.229591, 0.973287, 0.006425
91.600000, 4711.601447, 15274.921940, 301.125480, -0.229653, 0.973273, 0.006424
91.610000, 4711.631218, 15277.933339, 301.154606, -0.229716, 0.973258, 0.006423
91.620000, 4711.660643, 15280.945033, 301.183737, -0.229778, 0.973243, 0.006422
91.630000, 4711.689721, 15283.957021, 301.212872, -0.229841, 0.973228, 0.006421
91.640000, 4711.718452, 15286.969304, 301.242013, -0.229903, 0.973214, 0.006420
91.650000, 4711.746837, 15289.981882, 301.271158, -0.229966, 0.973199, 0.006419
91.660000, 4711.774875, 15292.994755, 301.300307, -0.230028, 0.973184, 0.006418
91.670000, 4711.802566, 15296.007922, 301.329462, -0.230091, 0.973169, 0.006417
91.680000, 4711.829910, 15299.021384, 301.358623, -0.230153, 0.973154, 0.006416
91.690000, 4711.856907, 15302.035141, 301.387789, -0.230215, 0.973140, 0.006415
91.700000, 4711.883557, 15305.049193, 301.416959, -0.230278, 0.973125, 0.006414
91.710000, 4711.909860, 15308.063540, 301.446135, -0.230340, 0.973110, 0.006413
91.720000, 4711.935816, 15311.078181, 301.475315, -0.230403, 0.973095, 0.006412
91.730000, 4711.961425, 15314.093117, 301.504499, -0.230465, 0.973081, 0.006411
91.740000, 4711.986686, 15317.108348, 301.533688, -0.230527, 0.973066, 0.006410
91.750000, 4712.011599, 15320.123874, 301.562882, -0.230590, 0.973051, 0.006409
91.760000, 4712.036166, 15323.139695, 301.592081, -0.230652, 0.973036, 0.006408
91.770000, 4712.060384, 15326.155811, 301.621285, -0.230714, 0.973022, 0.006407
91.780000, 4712.084255, 15329.172221, 301.650493, -0.230777, 0.973007, 0.006406
91.790000, 4712.107779, 15332.188926, 301.679705, -0.230839, 0.972992, 0.006405
91.800000, 4712.130954, 15335.205927, 301.708923, -0.230901, 0.972977, 0.006404
91.810000, 4712.153782, 15338.223222, 301.738145, -0.230964, 0.972962, 0.006403
91.820000, 4712.176262, 15341.240812, 301.767372, -0.231026, 0.972948, 0.006402
91.830000, 4712.198393, 15344.258697, 301.796604, -0.231088, 0.972933, 0.006401
91.840000, 4712.220177, 15347.276876, 301.825840, -0.231151, 0.972918, 0.006400
91.850000, 4712.241612, 15350.295351, 301.855081, -0.231213, 0.972903, 0.006399
91.860000, 4712.262700, 15353.314121, 301.884326, -0.231275, 0.972888, 0.006398
91.870000, 4712.283439, 15356.333185, 301.913577, -0.231337, 0.972874, 0.006397
91.880000, 4712.303829, 15359.352545, 301.942832, -0.231399, 0.972859, 0.006396
91.890000, 4712.323872, 15362.372199, 301.972092, -0.231462, 0.972844, 0.006395
91.900000, 4712.343565, 15365.392148, 302.001356, -0.231524, 0.972829, 0.006394
91.910000, 4712.362910, 15368.412393, 302.030625, -0.231586, 0.972814, 0.006393
91.920000, 4712.381907, 15371.432932, 302.059899, -0.231648, 0.972800, 0.006392
91.930000, 4712.400555, 15374.453766, 302.089178, -0.231710, 0.972785, 0.006391
91.940000, 4712.418854, 15377.474895, 302.118461, -0.231773, 0.972770, 0.006390
91.950000, 4712.436804, 15380.496320, 302.147749, -0.231835, 0.972755, 0.006389
91.960000, 4712.454405, 15383.518039, 302.177042, -0.231897, 0.972740, 0.006388
91.970000, 4712.471657, 15386.540053, 302.206339, -0.231959, 0.972726, 0.006387
91.980000, 4712.488560, 15389.562362, 302.235641, -0.232021, 0.972711, 0.006386
91.990000, 4712.505114, 15392.584966, 302.264948, -0.232083, 0.972696, 0.006385
92.000000, 4712.521319, 15395.607865, 302.294260, -0.232145, 0.972681, 0.006384
92.010000, 4712.537174, 15398.631060, 302.323576, -0.232207, 0.972666, 0.006383
92.020000, 4712.552681, 15401.654549, 302.352897, -0.232269, 0.972651, 0.006382
92.030000, 4712.567837, 15404.678333, 302.382222, -0.232332, 0.972637, 0.006381
92.040000, 4712.582644, 15407.702412, 302.411553, -0.232394, 0.972622, 0.006380
92.050000, 4712.597102, 15410.726787, 302.440888, -0.232456, 0.972607, 0.006379
92.060000, 4712.611210, 15413.751456, 302.470228, -0.232518, 0.972592, 0.006377
92.070000, 4712.624968, 15416.776420, 302.499572, -0.232580, 0.972577, 0.006376
92.080000, 4712.638376, 15419.801680, 302.528921, -0.232642, 0.972563, 0.006375
92.090000, 4712.651435, 15422.827234, 302.558275, -0.232704, 0.972548, 0.006374
92.100000, 4712.664144, 15425.853084, 302.587634, -0.232766, 0.972533, 0.006373
92.110000, 4712.676502, 15428.879229, 302.616997, -0.232828, 0.972518, 0.006372
92.120000, 4712.688511, 15431.905669, 302.646365, -0.232890, 0.972503, 0.006371
92.130000, 4712.700169, 15434.932404, 302.675738, -0.232952, 0.972488, 0.006370
92.140000, 4712.711477, 15437.959434, 302.705116, -0.233013, 0.972474, 0.006369
92.150000, 4712.722435, 15440.986759, 302.734498, -0.233075, 0.972459, 0.006368
92.160000, 4712.733042, 15444.014379, 302.763885, -0.233137, 0.972444, 0.006367
92.170000, 4712.743300, 15447.042294, 302.793279, -0.233199, 0.972429, 0.006366
92.180000, 4712.753206, 15450.070505, 302.822677, -0.233261, 0.972414, 0.006365
92.190000, 4712.762762, 15453.099011, 302.852080, -0.233323, 0.972399, 0.006364
92.200000, 4712.771967, 15456.127812, 302.881488, -0.233385, 0.972384, 0.006363
92.210000, 4712.780822, 15459.156908, 302.910901, -0.233447, 0.972370, 0.006362
92.220000, 4712.789326, 15462.186299, 302.940318, -0.233509, 0.972355, 0.006361
92.230000, 4712.797479, 15465.215985, 302.969740, -0.233570, 0.972340, 0.006360
92.240000, 4712.805280, 15468.245967, 302.999167, -0.233632, 0.972325, 0.006359
92.250000, 4712.812731, 15471.276244, 303.028599, -0.233694, 0.972310, 0.006358
92.260000, 4712.819831, 15474.306816, 303.058035, -0.233756, 0.972295, 0.006357
92.270000, 4712.826580, 15477.337683, 303.087476, -0.233818, 0.972280, 0.006356
92.280000, 4712.832978, 15480.368846, 303.116922, -0.233879, 0.972266, 0.006355
92.290000, 4712.839024, 15483.400303, 303.146372, -0.233941, 0.972251, 0.006354
92.300000, 4712.844719, 15486.432056, 303.175828, -0.234003, 0.972236, 0.006353
92.310000, 4712.850062, 15489.464104, 303.205287, -0.234065, 0.972221, 0.006352
92.320000, 4712.855054, 15492.496448, 303.234752, -0.234127, 0.972206, 0.006351
92.330000, 4712.859694, 15495.529086, 303.264222, -0.234188, 0.972191, 0.006350
92.340000, 4712.863983, 15498.562020, 303.293696, -0.234250, 0.972176, 0.006349
92.350000, 4712.867920, 15501.595250, 303.323174, -0.234312, 0.972162, 0.006348
92.360000, 4712.871505, 15504.628774, 303.352658, -0.234373, 0.972147, 0.006347
92.370000, 4712.874738, 15507.662594, 303.382146, -0.234435, 0.972132, 0.006346
92.380000, 4712.877619, 15510.696709, 303.411639, -0.234497, 0.972117, 0.006345
92.390000, 4712.880149, 15513.731119, 303.441137, -0.234558, 0.972102, 0.006344
92.400000, 4712.882326, 15516.765825, 303.470640, -0.234620, 0.972087, 0.006343
92.410000, 4712.884151, 15519.800826, 303.500147, -0.234682, 0.972072, 0.006342
92.420000, 4712.885624, 15522.836122, 303.529659, -0.234743, 0.972057, 0.006341
92.430000, 4712.886744, 15525.871713, 303.559175, -0.234805, 0.972043, 0.006339
92.440000, 4712.887513, 15528.907600, 303.588697, -0.234867, 0.972028, 0.006338
92.450000, 4712.887928, 15531.943783, 303.618223, -0.234928, 0.972013, 0.006337
92.460000, 4712.887992, 15534.980260, 303.647754, -0.234990, 0.971998, 0.006336
92.470000, 4712.887702, 15538.017033, 303.677290, -0.235051, 0.971983, 0.006335
92.480000, 4712.887060, 15541.054101, 303.706832, -0.235113, 0.971968, 0.006334
92.490000, 4712.886065, 15544.091465, 303.736379, -0.235174, 0.971953, 0.006333
92.500000, 4712.884718, 15547.129124, 303.765931, -0.235236, 0.971938, 0.006332
92.510000, 4712.883018, 15550.167078, 303.795488, -0.235298, 0.971923, 0.006331
92.520000, 4712.880964, 15553.205328, 303.825050, -0.235359, 0.971908, 0.006330
92.530000, 4712.878558, 15556.243873, 303.854616, -0.235421, 0.971894, 0.006329
92.540000, 4712.875799, 15559.282714, 303.884187, -0.235482, 0.971879, 0.006328
92.550000, 4712.872686, 15562.321850, 303.913762, -0.235544, 0.971864, 0.006327
92.560000, 4712.869220, 15565.361281, 303.943343, -0.235605, 0.971849, 0.006326
92.570000, 4712.865401, 15568.401008, 303.972928, -0.235667, 0.971834, 0.006325
92.580000, 4712.861229, 15571.441031, 304.002518, -0.235728, 0.971819, 0.006324
92.590000, 4712.856703, 15574.481348, 304.032113, -0.235789, 0.971804, 0.006323
92.600000, 4712.851823, 15577.521962, 304.061712, -0.235851, 0.971789, 0.006322
92.610000, 4712.846591, 15580.562870, 304.091316, -0.235912, 0.971774, 0.006321
92.620000, 4712.841004, 15583.604074, 304.120925, -0.235974, 0.971759, 0.006320
92.630000, 4712.835064, 15586.645574, 304.150539, -0.236035, 0.971745, 0.006319
92.640000, 4712.828769, 15589.687369, 304.180157, -0.236097, 0.971730, 0.006318
92.650000, 4712.822121, 15592.729459, 304.209780, -0.236158, 0.971715, 0.006317
92.660000, 4712.815120, 15595.771846, 304.239408, -0.236219, 0.971700, 0.006316
92.670000, 4712.807764, 15598.814527, 304.269041, -0.236281, 0.971685, 0.006315
92.680000, 4712.800054, 15601.857504, 304.298678, -0.236342, 0.971670, 0.006314
92.690000, 4712.791990, 15604.900777, 304.328320, -0.236403, 0.971655, 0.006313
92.700000, 4712.783571, 15607.944345, 304.357967, -0.236465, 0.971640, 0.006311
92.710000, 4712.774799, 15610.988208, 304.387619, -0.236526, 0.971625, 0.006310
92.720000, 4712.765672, 15614.032367, 304.417275, -0.236587, 0.971610, 0.006309
92.730000, 4712.756190, 15617.076822, 304.446939, -0.236649, 0.971595, 0.006308
92.740000, 4712.746354, 15620.121572, 304.476607, -0.236710, 0.971580, 0.006307
92.750000, 4712.736164, 15623.166618, 304.506280, -0.236771, 0.971565, 0.006306
92.760000, 4712.725619, 15626.211959, 304.535957, -0.236832, 0.971551, 0.006305
92.770000, 4712.714719, 15629.257596, 304.565639, -0.236894, 0.971536, 0.006304
92.780000, 4712.703464, 15632.303528, 304.595326, -0.236955, 0.971521, 0.006303
92.790000, 4712.691855, 15635.349756, 304.625018, -0.237016, 0.971506, 0.006302
92.800000, 4712.679890, 15638.396280, 304.654715, -0.237077, 0.971491, 0.006301
92.810000, 4712.667571, 15641.443099, 304.684416, -0.237138, 0.971476, 0.006300
92.820000, 4712.654896, 15644.490214, 304.714122, -0.237200, 0.971461, 0.006299
92.830000, 4712.641867, 15647.537625, 304.743833, -0.237261, 0.971446, 0.006298
92.840000, 4712.628482, 15650.585331, 304.773549, -0.237322, 0.971431, 0.006297
92.850000, 4712.614742, 15653.633333, 304.803269, -0.237383, 0.971416, 0.006296
92.860000, 4712.600646, 15656.681630, 304.832994, -0.237444, 0.971401, 0.006295
92.870000, 4712.586195, 15659.730223, 304.862724, -0.237505, 0.971386, 0.006294
92.880000, 4712.571389, 15662.779112, 304.892459, -0.237567, 0.971371, 0.006293
92.890000, 4712.556227, 15665.828296, 304.922198, -0.237628, 0.971356, 0.006292
92.900000, 4712.540709, 15668.877776, 304.951942, -0.237689, 0.971341, 0.006291
92.910000, 4712.524836, 15671.927551, 304.981691, -0.237750, 0.971326, 0.006290
92.920000, 4712.508607, 15674.977623, 305.011445, -0.237811, 0.971311, 0.006289
92.930000, 4712.492022, 15678.027990, 305.041203, -0.237872, 0.971296, 0.006287
92.940000, 4712.475081, 15681.078652, 305.070969, -0.237933, 0.971282, 0.006286
92.950000, 4712.457784, 15684.129611, 305.100739, -0.237994, 0.971267, 0.006285
92.960000, 4712.440131, 15687.180865, 305.130514, -0.238055, 0.971252, 0.006284
92.970000, 4712.422122, 15690.232414, 305.160293, -0.238116, 0.971237, 0.006283
92.980000, 4712.403757, 15693.284260, 305.190078, -0.238177, 0.971222, 0.006282
92.990000, 4712.385035, 15696.336401, 305.219867, -0.238238, 0.971207, 0.006281
93.000000, 4712.365957, 15699.388838, 305.249661, -0.238299, 0.971192, 0.006280
93.010000, 4712.346523, 15702.441571, 305.279460, -0.238360, 0.971177, 0.006279
93.020000, 4712.326732, 15705.494599, 305.309263, -0.238421, 0.971162, 0.006278
93.030000, 4712.306585, 15708.547924, 305.339071, -0.238482, 0.971147, 0.006277
93.040000, 4712.286081, 15711.601544, 305.368884, -0.238543, 0.971132, 0.006276
93.050000, 4712.265221, 15714.655459, 305.398702, -0.238604, 0.971117, 0.006275
93.060000, 4712.244003, 15717.709671, 305.428525, -0.238665, 0.971102, 0.006274
93.070000, 4712.222429, 15720.764178, 305.458352, -0.238726, 0.971087, 0.006273
93.080000, 4712.200498, 15723.818981, 305.488184, -0.238787, 0.971072, 0.006272
93.090000, 4712.178210, 15726.874080, 305.518021, -0.238848, 0.971057, 0.006271
93.100000, 4712.155564, 15729.929475, 305.547863, -0.238909, 0.971042, 0.006270
93.110000, 4712.132562, 15732.985166, 305.577709, -0.238969, 0.971027, 0.006269
93.120000, 4712.109202, 15736.041152, 305.607561, -0.239030, 0.971012, 0.006268
93.130000, 4712.085486, 15739.097434, 305.637419, -0.239091, 0.970997, 0.006266
93.140000, 4712.061412, 15742.154012, 305.667282, -0.239152, 0.970982, 0.006265
93.150000, 4712.036980, 15745.210886, 305.697149, -0.239213, 0.970967, 0.006264
93.160000, 4712.012191, 15748.268056, 305.727022, -0.239274, 0.970952, 0.006263
93.170000, 4711.987045, 15751.325521, 305.756899, -0.239334, 0.970937, 0.006262
93.180000, 4711.961540, 15754.383283, 305.786781, -0.239395, 0.970922, 0.006261
93.190000, 4711.935679, 15757.441340, 305.816668, -0.239456, 0.970907, 0.006260
93.200000, 4711.909459, 15760.499693, 305.846559, -0.239517, 0.970892, 0.006259
93.210000, 4711.882882, 15763.558342, 305.876456, -0.239577, 0.970877, 0.006258
93.220000, 4711.855946, 15766.617287, 305.906357, -0.239638, 0.970862, 0.006257
93.230000, 4711.828653, 15769.676528, 305.936263, -0.239699, 0.970847, 0.006256
93.240000, 4711.801002, 15772.736065, 305.966173, -0.239760, 0.970832, 0.006255
93.250000, 4711.772992, 15775.795898, 305.996089, -0.239820, 0.970817, 0.006254
93.260000, 4711.744625, 15778.856026, 306.026009, -0.239881, 0.970802, 0.006253
93.270000, 4711.715899, 15781.916451, 306.055934, -0.239942, 0.970787, 0.006252
93.280000, 4711.686814, 15784.977171, 306.085864, -0.240002, 0.970772, 0.006251
93.290000, 4711.657372, 15788.038188, 306.115799, -0.240063, 0.970757, 0.006250
93.300000, 4711.627571, 15791.099500, 306.145740, -0.240124, 0.970742, 0.006249
93.310000, 4711.597411, 15794.161108, 306.175687, -0.240184, 0.970727, 0.006247
93.320000, 4711.566893, 15797.223013, 306.205638, -0.240245, 0.970712, 0.006246
93.330000, 4711.536016, 15800.285213, 306.235594, -0.240306, 0.970697, 0.006245
93.340000, 4711.504781, 15803.347709, 306.265554, -0.240366, 0.970682, 0.006244
93.350000, 4711.473186, 15806.410501, 306.295520, -0.240427, 0.970667, 0.006243
93.360000, 4711.441233, 15809.473590, 306.325490, -0.240488, 0.970652, 0.006242
93.370000, 4711.408921, 15812.536974, 306.355465, -0.240548, 0.970637, 0.006241
93.380000, 4711.376249, 15815.600654, 306.385445, -0.240609, 0.970622, 0.006240
93.390000, 4711.343219, 15818.664630, 306.415429, -0.240669, 0.970607, 0.006239
93.400000, 4711.309829, 15821.728903, 306.445419, -0.240730, 0.970592, 0.006238
93.410000, 4711.276081, 15824.793471, 306.475413, -0.240790, 0.970577, 0.006237
93.420000, 4711.241972, 15827.858335, 306.505412, -0.240851, 0.970562, 0.006236
93.430000, 4711.207505, 15830.923496, 306.535416, -0.240911, 0.970547, 0.006235
93.440000, 4711.172678, 15833.988952, 306.565424, -0.240972, 0.970532, 0.006234
93.450000, 4711.137492, 15837.054705, 306.595438, -0.241032, 0.970517, 0.006233
93.460000, 4711.101946, 15840.120753, 306.625458, -0.241093, 0.970502, 0.006232
93.470000, 4711.066040, 15843.187098, 306.655483, -0.241153, 0.970487, 0.006230
93.480000, 4711.029775, 15846.253738, 306.685513, -0.241214, 0.970472, 0.006229
93.490000, 4710.993149, 15849.320675, 306.715548, -0.241274, 0.970457, 0.006228
93.500000, 4710.956164, 15852.387908, 306.745587, -0.241335, 0.970442, 0.006227
93.510000, 4710.918819, 15855.455437, 306.775632, -0.241395, 0.970427, 0.006226
93.520000, 4710.881114, 15858.523262, 306.805681, -0.241455, 0.970412, 0.006225
93.530000, 4710.843049, 15861.591383, 306.835734, -0.241516, 0.970397, 0.006224
93.540000, 4710.804624, 15864.659801, 306.865793, -0.241576, 0.970382, 0.006223
93.550000, 4710.765838, 15867.728514, 306.895857, -0.241637, 0.970367, 0.006222
93.560000, 4710.726693, 15870.797524, 306.925925, -0.241697, 0.970352, 0.006221
93.570000, 4710.687186, 15873.866830, 306.955998, -0.241757, 0.970337, 0.006220
93.580000, 4710.647320, 15876.936431, 306.986076, -0.241818, 0.970322, 0.006219
93.590000, 4710.607093, 15880.006330, 307.016159, -0.241878, 0.970307, 0.006218
93.600000, 4710.566505, 15883.076524, 307.046248, -0.241938, 0.970292, 0.006217
93.610000, 4710.525557, 15886.147014, 307.076343, -0.241999, 0.970277, 0.006216
93.620000, 4710.484248, 15889.217801, 307.106442, -0.242059, 0.970262, 0.006215
93.630000, 4710.442578, 15892.288883, 307.136546, -0.242119, 0.970247, 0.006213
93.640000, 4710.400548, 15895.360262, 307.166655, -0.242179, 0.970231, 0.006212
93.650000, 4710.358156, 15898.431938, 307.196768, -0.242240, 0.970216, 0.006211
93.660000, 4710.315403, 15901.503909, 307.226887, -0.242300, 0.970201, 0.006210
93.670000, 4710.272290, 15904.576177, 307.257010, -0.242360, 0.970186, 0.006209
93.680000, 4710.228815, 15907.648740, 307.287138, -0.242420, 0.970171, 0.006208
93.690000, 4710.184979, 15910.721601, 307.317271, -0.242481, 0.970156, 0.006207
93.700000, 4710.140782, 15913.794757, 307.347408, -0.242541, 0.970141, 0.006206
93.710000, 4710.096223, 15916.868209, 307.377551, -0.242601, 0.970126, 0.006205
93.720000, 4710.051303, 15919.941958, 307.407698, -0.242661, 0.970111, 0.006204
93.730000, 4710.006022, 15923.016003, 307.437850, -0.242721, 0.970096, 0.006203
93.740000, 4709.960379, 15926.090344, 307.468009, -0.242782, 0.970081, 0.006202
93.750000, 4709.914374, 15929.164982, 307.498173, -0.242842, 0.970066, 0.006201
93.760000, 4709.868008, 15932.239916, 307.528342, -0.242902, 0.970051, 0.006200
93.770000, 4709.821280, 15935.315146, 307.558515, -0.242962, 0.970036, 0.006198
93.780000, 4709.774190, 15938.390672, 307.588693, -0.243022, 0.970021, 0.006197
93.790000, 4709.726738, 15941.466495, 307.618876, -0.243082, 0.970006, 0.006196
93.800000, 4709.678925, 15944.542614, 307.649064, -0.243142, 0.969991, 0.006195
93.810000, 4709.630749, 15947.619030, 307.679257, -0.243202, 0.969976, 0.006194
93.820000, 4709.582211, 15950.695741, 307.709454, -0.243262, 0.969960, 0.006193
93.830000, 4709.533311, 15953.772749, 307.739657, -0.243323, 0.969945, 0.006192
93.840000, 4709.484048, 15956.850054, 307.769864, -0.243383, 0.969930, 0.006191
93.850000, 4709.434424, 15959.927654, 307.800076, -0.243443, 0.969915, 0.006190
93.860000, 4709.384437, 15963.005551, 307.830293, -0.243503, 0.969900, 0.006189
93.870000, 4709.334087, 15966.083745, 307.860516, -0.243563, 0.969885, 0.006188
93.880000, 4709.283375, 15969.162235, 307.890745, -0.243623, 0.969870, 0.006187
93.890000, 4709.232300, 15972.241021, 307.920978, -0.243683, 0.969855, 0.006186
93.900000, 4709.180863, 15975.320103, 307.951216, -0.243743, 0.969840, 0.006185
93.910000, 4709.129063, 15978.399482, 307.981459, -0.243803, 0.969825, 0.006183
93.920000, 4709.076900, 15981.479158, 308.011707, -0.243863, 0.969810, 0.006182
93.930000, 4709.024374, 15984.559129, 308.041960, -0.243923, 0.969795, 0.006181
93.940000, 4708.971485, 15987.639398, 308.072217, -0.243982, 0.969780, 0.006180
93.950000, 4708.918234, 15990.719962, 308.102479, -0.244042, 0.969765, 0.006179
93.960000, 4708.864619, 15993.800823, 308.132747, -0.244102, 0.969749, 0.006178
93.970000, 4708.810641, 15996.881981, 308.163018, -0.244162, 0.969734, 0.006177
93.980000, 4708.756300, 15999.963434, 308.193295, -0.244222, 0.969719, 0.006176
93.990000, 4708.701595, 16003.045185, 308.223577, -0.244282, 0.969704, 0.006175
94.000000, 4708.646527, 16006.127231, 308.253865, -0.244342, 0.969689, 0.006174
94.010000, 4708.591096, 16009.209575, 308.284159, -0.244402, 0.969674, 0.006173
94.020000, 4708.535301, 16012.292214, 308.314457, -0.244462, 0.969659, 0.006172
94.030000, 4708.479142, 16015.375150, 308.344760, -0.244521, 0.969644, 0.006171
94.040000, 4708.422620, 16018.458383, 308.375067, -0.244581, 0.969629, 0.006169
94.050000, 4708.365735, 16021.541912, 308.405380, -0.244641, 0.969614, 0.006168
94.060000, 4708.308485, 16024.625738, 308.435697, -0.244701, 0.969599, 0.006167
94.070000, 4708.250872, 16027.709860, 308.466020, -0.244761, 0.969584, 0.006166
94.080000, 4708.192894, 16030.794279, 308.496347, -0.244820, 0.969568, 0.006165
94.090000, 4708.134553, 16033.878994, 308.526679, -0.244880, 0.969553, 0.006164
94.100000, 4708.075847, 16036.964005, 308.557016, -0.244940, 0.969538, 0.006163
94.110000, 4708.016778, 16040.049313, 308.587357, -0.245000, 0.969523, 0.006162
94.120000, 4707.957344, 16043.134918, 308.617706, -0.245059, 0.969508, 0.006161
94.130000, 4707.897546, 16046.220819, 308.648059, -0.245119, 0.969493, 0.006160
94.140000, 4707.837384, 16049.307017, 308.678417, -0.245179, 0.969478, 0.006159
94.150000, 4707.776857, 16052.393512, 308.708780, -0.245238, 0.969463, 0.006158
94.160000, 4707.715965, 16055.480303, 308.739148, -0.245298, 0.969448, 0.006157
94.170000, 4707.654710, 16058.567390, 308.769521, -0.245358, 0.969433, 0.006155
94.180000, 4707.593089, 16061.654774, 308.799898, -0.245417, 0.969417, 0.006154
94.190000, 4707.531104, 16064.742455, 308.830281, -0.245477, 0.969402, 0.006153
94.200000, 4707.468754, 16067.830432, 308.860668, -0.245537, 0.969387, 0.006152
94.210000, 4707.406039, 16070.918706, 308.891060, -0.245596, 0.969372, 0.006151
94.220000, 4707.342960, 16074.007277, 308.921457, -0.245656, 0.969357, 0.006150
94.230000, 4707.279515, 16077.096144, 308.951861, -0.245716, 0.969342, 0.006149
94.240000, 4707.215705, 16080.185307, 308.982269, -0.245775, 0.969327, 0.006148
94.250000, 4707.151531, 16083.274768, 309.012683, -0.245835, 0.969312, 0.006147
94.260000, 4707.086991, 16086.364525, 309.043101, -0.245894, 0.969297, 0.006146
94.270000, 4707.022085, 16089.454578, 309.073524, -0.245954, 0.969282, 0.006145
94.280000, 4706.956815, 16092.544929, 309.103952, -0.246013, 0.969266, 0.006144
94.290000, 4706.891179, 16095.635576, 309.134385, -0.246073, 0.969251, 0.006142
94.300000, 4706.825178, 16098.726519, 309.164823, -0.246133, 0.969236, 0.006141
94.310000, 4706.758811, 16101.817760, 309.195265, -0.246192, 0.969221, 0.006140
94.320000, 4706.692078, 16104.909297, 309.225713, -0.246252, 0.969206, 0.006139
94.330000, 4706.624980, 16108.001130, 309.256165, -0.246311, 0.969191, 0.006138
94.340000, 4706.557516, 16111.093261, 309.286624, -0.246371, 0.969176, 0.006137
94.350000, 4706.489687, 16114.185688, 309.317088, -0.246430, 0.969161, 0.006136
94.360000, 4706.421491, 16117.278412, 309.347557, -0.246489, 0.969145, 0.006135
94.370000, 4706.352929, 16120.371432, 309.378030, -0.246549, 0.969130, 0.006134
94.380000, 4706.284002, 16123.464749, 309.408509, -0.246608, 0.969115, 0.006133
94.390000, 4706.214708, 16126.558363, 309.438992, -0.246668, 0.969100, 0.006132
94.400000, 4706.145049, 16129.652274, 309.469480, -0.246727, 0.969085, 0.006130
94.410000, 4706.075023, 16132.746481, 309.499974, -0.246787, 0.969070, 0.006129
94.420000, 4706.004630, 16135.840986, 309.530471, -0.246846, 0.969055, 0.006128
94.430000, 4705.933872, 16138.935787, 309.560974, -0.246905, 0.969040, 0.006127
94.440000, 4705.862747, 16142.030884, 309.591482, -0.246965, 0.969024, 0.006126
94.450000, 4705.791255, 16145.126279, 309.621996, -0.247024, 0.969009, 0.006125
94.460000, 4705.719397, 16148.221970, 309.652516, -0.247083, 0.968994, 0.006124
94.470000, 4705.647172, 16151.317958, 309.683040, -0.247143, 0.968979, 0.006123
94.480000, 4705.574581, 16154.414243, 309.713569, -0.247202, 0.968964, 0.006122
94.490000, 4705.501623, 16157.510825, 309.744103, -0.247261, 0.968949, 0.006121
94.500000, 4705.428297, 16160.607703, 309.774642, -0.247321, 0.968934, 0.006120
94.510000, 4705.354605, 16163.704878, 309.805185, -0.247380, 0.968919, 0.006118
94.520000, 4705.280546, 16166.802351, 309.835734, -0.247439, 0.968903, 0.006117
94.530000, 4705.206120, 16169.900119, 309.866287, -0.247498, 0.968888, 0.006116
94.540000, 4705.131327, 16172.998185, 309.896846, -0.247558, 0.968873, 0.006115
94.550000, 4705.056167, 16176.096548, 309.927409, -0.247617, 0.968858, 0.006114
94.560000, 4704.980639, 16179.195207, 309.957979, -0.247676, 0.968843, 0.006113
94.570000, 4704.904744, 16182.294164, 309.988553, -0.247735, 0.968828, 0.006112
94.580000, 4704.828482, 16185.393417, 310.019133, -0.247795, 0.968813, 0.006111
94.590000, 4704.751852, 16188.492967, 310.049718, -0.247854, 0.968797, 0.006110
94.600000, 4704.674855, 16191.592814, 310.080307, -0.247913, 0.968782, 0.006109
94.610000, 4704.597490, 16194.692958, 310.110901, -0.247972, 0.968767, 0.006108
94.620000, 4704.519757, 16197.793398, 310.141501, -0.248031, 0.968752, 0.006106
94.630000, 4704.441657, 16200.894136, 310.172105, -0.248090, 0.968737, 0.006105
94.640000, 4704.363189, 16203.995171, 310.202713, -0.248150, 0.968722, 0.006104
94.650000, 4704.284353, 16207.096502, 310.233327, -0.248209, 0.968707, 0.006103
94.660000, 4704.205149, 16210.198130, 310.263948, -0.248268, 0.968691, 0.006102
94.670000, 4704.125577, 16213.300056, 310.294573, -0.248327, 0.968676, 0.006101
94.680000, 4704.045637, 16216.402278, 310.325204, -0.248386, 0.968661, 0.006100
94.690000, 4703.965329, 16219.504797, 310.355839, -0.248445, 0.968646, 0.006099
94.700000, 4703.884652, 16222.607613, 310.386479, -0.248504, 0.968631, 0.006098
94.710000, 4703.803607, 16225.710726, 310.417124, -0.248563, 0.968616, 0.006097
94.720000, 4703.722194, 16228.814136, 310.447774, -0.248622, 0.968601, 0.006096
94.730000, 4703.640413, 16231.917843, 310.478429, -0.248681, 0.968585, 0.006094
94.740000, 4703.558263, 16235.021847, 310.509088, -0.248740, 0.968570, 0.006093
94.750000, 4703.475744, 16238.126148, 310.539755, -0.248799, 0.968555, 0.006092
94.760000, 4703.392857, 16241.230746, 310.570426, -0.248858, 0.968540, 0.006091
94.770000, 4703.309601, 16244.335641, 310.601102, -0.248917, 0.968525, 0.006090
94.780000, 4703.225976, 16247.440833, 310.631783, -0.248976, 0.968510, 0.006089
94.790000, 4703.141982, 16250.546322, 310.662469, -0.249035, 0.968494, 0.006088
94.800000, 4703.057620, 16253.652108, 310.693160, -0.249094, 0.968479, 0.006087
94.810000, 4702.972888, 16256.758191, 310.723856, -0.249153, 0.968464, 0.006086
94.820000, 4702.887788, 16259.864571, 310.754557, -0.249212, 0.968449, 0.006085
94.830000, 4702.802318, 16262.971249, 310.785262, -0.249271, 0.968434, 0.006083
94.840000, 4702.716479, 16266.078223, 310.815972, -0.249330, 0.968419, 0.006082
94.850000, 4702.630271, 16269.185494, 310.846690, -0.249389, 0.968403, 0.006081
94.860000, 4702.543693, 16272.293062, 310.877412, -0.249448, 0.968388, 0.006080
94.870000, 4702.456747, 16275.400928, 310.908139, -0.249506, 0.968373, 0.006079
94.880000, 4702.369430, 16278.509090, 310.938871, -0.249565, 0.968358, 0.006078
94.890000, 4702.281744, 16281.617550, 310.969607, -0.249624, 0.968343, 0.006077
94.900000, 4702.193689, 16284.726306, 311.000349, -0.249683, 0.968328, 0.006076
94.910000, 4702.105264, 16287.835360, 311.031095, -0.249742, 0.968312, 0.006075
94.920000, 4702.016469, 16290.944711, 311.061847, -0.249801, 0.968297, 0.006074
94.930000, 4701.927304, 16294.054359, 311.092603, -0.249859, 0.968282, 0.006072
94.940000, 4701.837769, 16297.164304, 311.123366, -0.249918, 0.968267, 0.006071
94.950000, 4701.747865, 16300.274546, 311.154134, -0.249977, 0.968252, 0.006070
94.960000, 4701.657590, 16303.385086, 311.184907, -0.250036, 0.968237, 0.006069
94.970000, 4701.566946, 16306.495922, 311.215685, -0.250094, 0.968221, 0.006068
94.980000, 4701.475931, 16309.607056, 311.246468, -0.250153, 0.968206, 0.006067
94.990000, 4701.384546, 16312.718487, 311.277255, -0.250212, 0.968191, 0.006066
95.000000, 4701.292791, 16315.830215, 311.308048, -0.250271, 0.968176, 0.006065
95.010000, 4701.200665, 16318.942240, 311.338845, -0.250329, 0.968161, 0.006064
95.020000, 4701.108169, 16322.054562, 311.369647, -0.250388, 0.968146, 0.006063
95.030000, 4701.015302, 16325.167182, 311.400456, -0.250447, 0.968130, 0.006061
95.040000, 4700.922065, 16328.280098, 311.431270, -0.250505, 0.968115, 0.006060
95.050000, 4700.828457, 16331.393312, 311.462089, -0.250564, 0.968100, 0.006059
95.060000, 4700.734479, 16334.506823, 311.492913, -0.250623, 0.968085, 0.006058
95.070000, 4700.640129, 16337.620632, 311.523742, -0.250681, 0.968070, 0.006057
95.080000, 4700.545409, 16340.734737, 311.554575, -0.250740, 0.968054, 0.006056
95.090000, 4700.450318, 16343.849140, 311.585414, -0.250799, 0.968039, 0.006055
95.100000, 4700.354856, 16346.963840, 311.616257, -0.250857, 0.968024, 0.006054
95.110000, 4700.259023, 16350.078837, 311.647105, -0.250916, 0.968009, 0.006053
95.120000, 4700.162819, 16353.194132, 311.677961, -0.250974, 0.967994, 0.006052
95.130000, 4700.066243, 16356.309724, 311.708821, -0.251033, 0.967979, 0.006050
95.140000, 4699.969297, 16359.425613, 311.739686, -0.251092, 0.967963, 0.006049
95.150000, 4699.871979, 16362.541799, 311.770555, -0.251150, 0.967948, 0.006048
95.160000, 4699.774290, 16365.658283, 311.801430, -0.251209, 0.967933, 0.006047
95.170000, 4699.676229, 16368.775063, 311.832310, -0.251267, 0.967918, 0.006046
95.180000, 4699.577796, 16371.892142, 311.863194, -0.251326, 0.967903, 0.006045
95.190000, 4699.478993, 16375.009517, 311.894083, -0.251384, 0.967887, 0.006044
95.200000, 4699.379817, 16378.127190, 311.924980, -0.251443, 0.967872, 0.006043
95.210000, 4699.280270, 16381.245160, 311.955881, -0.251501, 0.967857, 0.006042
95.220000, 4699.180350, 16384.363427, 311.986787, -0.251560, 0.967842, 0.006040
95.230000, 4699.080059, 16387.481992, 312.017698, -0.251618, 0.967827, 0.006039
95.240000, 4698.979397, 16390.600854, 312.048614, -0.251676, 0.967811, 0.006038
95.250000, 4698.878362, 16393.720014, 312.079535, -0.251735, 0.967796, 0.006037
95.260000, 4698.776955, 16396.839470, 312.110460, -0.251793, 0.967781, 0.006036
95.270000, 4698.675175, 16399.959224, 312.141391, -0.251852, 0.967766, 0.006035
95.280000, 4698.573024, 16403.079276, 312.172326, -0.251910, 0.967751, 0.006034
95.290000, 4698.470500, 16406.199625, 312.203269, -0.251968, 0.967735, 0.006033
95.300000, 4698.367604, 16409.320271, 312.234216, -0.252027, 0.967720, 0.006032
95.310000, 4698.264336, 16412.441215, 312.265168, -0.252085, 0.967705, 0.006030
95.320000, 4698.160695, 16415.562456, 312.296125, -0.252144, 0.967690, 0.006029
95.330000, 4698.056682, 16418.683994, 312.327087, -0.252202, 0.967675, 0.006028
95.340000, 4697.952296, 16421.805830, 312.358054, -0.252260, 0.967659, 0.006027
95.350000, 4697.847537, 16424.927963, 312.389026, -0.252318, 0.967644, 0.006026
95.360000, 4697.742405, 16428.050394, 312.420002, -0.252377, 0.967629, 0.006025
95.370000, 4697.636901, 16431.173122, 312.450986, -0.252435, 0.967614, 0.006024
95.380000, 4697.531024, 16434.296147, 312.481975, -0.252493, 0.967599, 0.006023
95.390000, 4697.424773, 16437.419470, 312.512968, -0.252552, 0.967583, 0.006022
95.400000, 4697.318150, 16440.543091, 312.543966, -0.252610, 0.967568, 0.006020
95.410000, 4697.211154, 16443.667009, 312.574969, -0.252668, 0.967553, 0.006019
95.420000, 4697.103784, 16446.791224, 312.605978, -0.252726, 0.967538, 0.006018
95.430000, 4696.996041, 16449.915737, 312.636991, -0.252785, 0.967523, 0.006017
95.440000, 4696.887925, 16453.040547, 312.668008, -0.252843, 0.967507, 0.006016
95.450000, 4696.779436, 16456.165655, 312.699033, -0.252901, 0.967492, 0.006015
95.460000, 4696.670573, 16459.291060, 312.730063, -0.252959, 0.967477, 0.006014
95.470000, 4696.561337, 16462.416763, 312.761098, -0.253017, 0.967462, 0.006013
95.480000, 4696.451727, 16465.542763, 312.792137, -0.253075, 0.967447, 0.006012
95.490000, 4696.341743, 16468.669061, 312.823182, -0.253134, 0.967431, 0.006010
95.500000, 4696.231386, 16471.795656, 312.854231, -0.253192, 0.967416, 0.006009
95.510000, 4696.120655, 16474.922549, 312.885285, -0.253250, 0.967401, 0.006008
95.520000, 4696.009550, 16478.049740, 312.916345, -0.253308, 0.967386, 0.006007
95.530000, 4695.898071, 16481.177227, 312.947411, -0.253366, 0.967370, 0.006006
95.540000, 4695.786218, 16484.305013, 312.978482, -0.253424, 0.967355, 0.006005
95.550000, 4695.673991, 16487.433096, 313.009558, -0.253482, 0.967340, 0.006004
95.560000, 4695.561390, 16490.561477, 313.040638, -0.253540, 0.967325, 0.006003
95.570000, 4695.448415, 16493.690155, 313.071724, -0.253598, 0.967310, 0.006002
95.580000, 4695.335065, 16496.819130, 313.102815, -0.253656, 0.967294, 0.006000
95.590000, 4695.221341, 16499.948404, 313.133910, -0.253714, 0.967279, 0.005999
95.600000, 4695.107243, 16503.077975, 313.165011, -0.253772, 0.967264, 0.005998
95.610000, 4694.992770, 16506.207843, 313.196118, -0.253830, 0.967249, 0.005997
95.620000, 4694.877923, 16509.338009, 313.227231, -0.253888, 0.967233, 0.005996
95.630000, 4694.762701, 16512.468473, 313.258348, -0.253946, 0.967218, 0.005995
95.640000, 4694.647105, 16515.599234, 313.289470, -0.254004, 0.967203, 0.005994
95.650000, 4694.531133, 16518.730293, 313.320597, -0.254062, 0.967188, 0.005993
95.660000, 4694.414787, 16521.861650, 313.351729, -0.254120, 0.967173, 0.005991
95.670000, 4694.298066, 16524.993304, 313.382866, -0.254178, 0.967157, 0.005990
95.680000, 4694.180971, 16528.125256, 313.414008, -0.254236, 0.967142, 0.005989
95.690000, 4694.063500, 16531.257506, 313.445157, -0.254294, 0.967127, 0.005988
95.700000, 4693.945654, 16534.390053, 313.476310, -0.254352, 0.967112, 0.005987
95.710000, 4693.827433, 16537.522898, 313.507469, -0.254410, 0.967096, 0.005986
95.720000, 4693.708836, 16540.656040, 313.538632, -0.254468, 0.967081, 0.005985
95.730000, 4693.589865, 16543.789481, 313.569801, -0.254526, 0.967066, 0.005984
95.740000, 4693.470518, 16546.923218, 313.600974, -0.254584, 0.967051, 0.005983
95.750000, 4693.350795, 16550.057254, 313.632152, -0.254641, 0.967036, 0.005981
95.760000, 4693.230698, 16553.191587, 313.663337, -0.254699, 0.967020, 0.005980
95.770000, 4693.110224, 16556.326218, 313.694528, -0.254757, 0.967005, 0.005979
95.780000, 4692.989375, 16559.461147, 313.725723, -0.254815, 0.966990, 0.005978
95.790000, 4692.868150, 16562.596374, 313.756923, -0.254873, 0.966975, 0.005977
95.800000, 4692.746550, 16565.731898, 313.788127, -0.254930, 0.966959, 0.005976
95.810000, 4692.624574, 16568.867720, 313.819337, -0.254988, 0.966944, 0.005975
95.820000, 4692.502221, 16572.003840, 313.850552, -0.255046, 0.966929, 0.005974
95.830000, 4692.379493, 16575.140257, 313.881774, -0.255104, 0.966914, 0.005972
95.840000, 4692.256389, 16578.276972, 313.913000, -0.255161, 0.966898, 0.005971
95.850000, 4692.132909, 16581.413985, 313.944232, -0.255219, 0.966883, 0.005970
95.860000, 4692.009052, 16584.551296, 313.975468, -0.255277, 0.966868, 0.005969
95.870000, 4691.884820, 16587.688905, 314.006709, -0.255335, 0.966853, 0.005968
95.880000, 4691.760211, 16590.826811, 314.037956, -0.255392, 0.966838, 0.005967
95.890000, 4691.635226, 16593.965015, 314.069207, -0.255450, 0.966822, 0.005966
95.900000, 4691.509864, 16597.103517, 314.100463, -0.255508, 0.966807, 0.005965
95.910000, 4691.384125, 16600.242317, 314.131726, -0.255565, 0.966792, 0.005963
95.920000, 4691.258011, 16603.381415, 314.162994, -0.255623, 0.966777, 0.005962
95.930000, 4691.131519, 16606.520810, 314.194267, -0.255681, 0.966761, 0.005961
95.940000, 4691.004651, 16609.660503, 314.225545, -0.255738, 0.966746, 0.005960
95.950000, 4690.877406, 16612.800494, 314.256828, -0.255796, 0.966731, 0.005959
95.960000, 4690.749784, 16615.940783, 314.288115, -0.255853, 0.966716, 0.005958
95.970000, 4690.621786, 16619.081370, 314.319408, -0.255911, 0.966700, 0.005957
95.980000, 4690.493410, 16622.222255, 314.350708, -0.255968, 0.966685, 0.005956
95.990000, 4690.364657, 16625.363437, 314.382012, -0.256026, 0.966670, 0.005954
96.000000, 4690.235527, 16628.504918, 314.413321, -0.256084, 0.966655, 0.005953
96.010000, 4690.106020, 16631.646696, 314.444636, -0.256141, 0.966639, 0.005952
96.020000, 4689.976136, 16634.788772, 314.475955, -0.256199, 0.966624, 0.005951
96.030000, 4689.845874, 16637.931146, 314.507279, -0.256256, 0.966609, 0.005950
96.040000, 4689.715235, 16641.073818, 314.538609, -0.256314, 0.966594, 0.005949
96.050000, 4689.584219, 16644.216788, 314.569945, -0.256371, 0.966578, 0.005948
96.060000, 4689.452825, 16647.360056, 314.601286, -0.256429, 0.966563, 0.005947
96.070000, 4689.321054, 16650.503622, 314.632632, -0.256486, 0.966548, 0.005945
96.080000, 4689.188904, 16653.647485, 314.663983, -0.256544, 0.966533, 0.005944
96.090000, 4689.056378, 16656.791647, 314.695338, -0.256601, 0.966517, 0.005943
96.100000, 4688.923473, 16659.936106, 314.726699, -0.256658, 0.966502, 0.005942
96.110000, 4688.790190, 16663.080864, 314.758065, -0.256716, 0.966487, 0.005941
96.120000, 4688.656530, 16666.225919, 314.789438, -0.256773, 0.966472, 0.005940
96.130000, 4688.522491, 16669.371273, 314.820815, -0.256831, 0.966456, 0.005939
96.140000, 4688.388075, 16672.516924, 314.852198, -0.256888, 0.966441, 0.005938
96.150000, 4688.253280, 16675.662874, 314.883585, -0.256945, 0.966426, 0.005936
96.160000, 4688.118108, 16678.809121, 314.914978, -0.257003, 0.966411, 0.005935
96.170000, 4687.982556, 16681.955666, 314.946375, -0.257060, 0.966395, 0.005934
96.180000, 4687.846627, 16685.102510, 314.977777, -0.257117, 0.966380, 0.005933
96.190000, 4687.710319, 16688.249651, 315.009186, -0.257175, 0.966365, 0.005932
96.200000, 4687.573633, 16691.397091, 315.040601, -0.257232, 0.966350, 0.005931
96.210000, 4687.436568, 16694.544828, 315.072020, -0.257289, 0.966334, 0.005930
96.220000, 4687.299125, 16697.692864, 315.103444, -0.257347, 0.966319, 0.005929
96.230000, 4687.161303, 16700.841197, 315.134873, -0.257404, 0.966304, 0.005927
96.240000, 4687.023102, 16703.989829, 315.166307, -0.257461, 0.966289, 0.005926
96.250000, 4686.884522, 16707.138758, 315.197746, -0.257518, 0.966273, 0.005925
96.260000, 4686.745564, 16710.287986, 315.229191, -0.257576, 0.966258, 0.005924
96.270000, 4686.606226, 16713.437512, 315.260642, -0.257633, 0.966243, 0.005923
96.280000, 4686.466510, 16716.587335, 315.292098, -0.257690, 0.966228, 0.005922
96.290000, 4686.326415, 16719.737457, 315.323558, -0.257747, 0.966212, 0.005921
96.300000, 4686.185940, 16722.887877, 315.355024, -0.257805, 0.966197, 0.005919
96.310000, 4686.045086, 16726.038595, 315.386495, -0.257862, 0.966182, 0.005918
96.320000, 4685.903853, 16729.189612, 315.417972, -0.257919, 0.966167, 0.005917
96.330000, 4685.762241, 16732.340926, 315.449455, -0.257976, 0.966151, 0.005916
96.340000, 4685.620249, 16735.492538, 315.480942, -0.258033, 0.966136, 0.005915
96.350000, 4685.477877, 16738.644449, 315.512434, -0.258090, 0.966121, 0.005914
96.360000, 4685.335127, 16741.796657, 315.543932, -0.258147, 0.966106, 0.005913
96.370000, 4685.191996, 16744.949164, 315.575434, -0.258205, 0.966090, 0.005912
96.380000, 4685.048486, 16748.101969, 315.606941, -0.258262, 0.966075, 0.005910
96.390000, 4684.904596, 16751.255072, 315.638455, -0.258319, 0.966060, 0.005909
96.400000, 4684.760326, 16754.408474, 315.669974, -0.258376, 0.966044, 0.005908
96.410000, 4684.615677, 16757.562173, 315.701498, -0.258433, 0.966029, 0.005907
96.420000, 4684.470647, 16760.716171, 315.733027, -0.258490, 0.966014, 0.005906
96.430000, 4684.325238, 16763.870466, 315.764561, -0.258547, 0.965999, 0.005905
96.440000, 4684.179448, 16767.025060, 315.796100, -0.258604, 0.965983, 0.005904
96.450000, 4684.033279, 16770.179952, 315.827646, -0.258661, 0.965968, 0.005902
96.460000, 4683.886729, 16773.335143, 315.859196, -0.258718, 0.965953, 0.005901
96.470000, 4683.739798, 16776.490631, 315.890752, -0.258775, 0.965938, 0.005900
96.480000, 4683.592488, 16779.646418, 315.922313, -0.258832, 0.965922, 0.005899
96.490000, 4683.444797, 16782.802503, 315.953879, -0.258889, 0.965907, 0.005898
96.500000, 4683.296725, 16785.958887, 315.985449, -0.258946, 0.965892, 0.005897
96.510000, 4683.148273, 16789.115568, 316.017025, -0.259003, 0.965877, 0.005896
96.520000, 4682.999441, 16792.272548, 316.048607, -0.259060, 0.965861, 0.005894
96.530000, 4682.850227, 16795.429826, 316.080195, -0.259117, 0.965846, 0.005893
96.540000, 4682.700633, 16798.587402, 316.111787, -0.259174, 0.965831, 0.005892
96.550000, 4682.550658, 16801.745276, 316.143384, -0.259231, 0.965815, 0.005891
96.560000, 4682.400302, 16804.903449, 316.174987, -0.259287, 0.965800, 0.005890
96.570000, 4682.249566, 16808.061920, 316.206594, -0.259344, 0.965785, 0.005889
96.580000, 4682.098448, 16811.220690, 316.238208, -0.259401, 0.965770, 0.005888
96.590000, 4681.946949, 16814.379757, 316.269827, -0.259458, 0.965754, 0.005887
96.600000, 4681.795069, 16817.539123, 316.301451, -0.259515, 0.965739, 0.005885
96.610000, 4681.642808, 16820.698788, 316.333081, -0.259572, 0.965724, 0.005884
96.620000, 4681.490165, 16823.858750, 316.364715, -0.259629, 0.965709, 0.005883
96.630000, 4681.337142, 16827.019011, 316.396354, -0.259685, 0.965693, 0.005882
96.640000, 4681.183736, 16830.179570, 316.428000, -0.259742, 0.965678, 0.005881
96.650000, 4681.029950, 16833.340428, 316.459651, -0.259799, 0.965663, 0.005880
96.660000, 4680.875781, 16836.501584, 316.491306, -0.259856, 0.965647, 0.005879
96.670000, 4680.721231, 16839.663038, 316.522967, -0.259912, 0.965632, 0.005877
96.680000, 4680.566300, 16842.824791, 316.554633, -0.259969, 0.965617, 0.005876
96.690000, 4680.410986, 16845.986842, 316.586304, -0.260026, 0.965602, 0.005875
96.700000, 4680.255291, 16849.149191, 316.617980, -0.260083, 0.965586, 0.005874
96.710000, 4680.099214, 16852.311839, 316.649662, -0.260139, 0.965571, 0.005873
96.720000, 4679.942755, 16855.474785, 316.681350, -0.260196, 0.965556, 0.005872
96.730000, 4679.785914, 16858.638030, 316.713043, -0.260253, 0.965541, 0.005871
96.740000, 4679.628691, 16861.801572, 316.744740, -0.260309, 0.965525, 0.005869
96.750000, 4679.471085, 16864.965414, 316.776443, -0.260366, 0.965510, 0.005868
96.760000, 4679.313098, 16868.129554, 316.808150, -0.260423, 0.965495, 0.005867
96.770000, 4679.154728, 16871.293992, 316.839865, -0.260479, 0.965479, 0.005866
96.780000, 4678.995976, 16874.458728, 316.871584, -0.260536, 0.965464, 0.005865
96.790000, 4678.836841, 16877.623763, 316.903308, -0.260593, 0.965449, 0.005864
96.800000, 4678.677324, 16880.789097, 316.935038, -0.260649, 0.965434, 0.005863
96.810000, 4678.517424, 16883.954729, 316.966772, -0.260706, 0.965418, 0.005861
96.820000, 4678.357142, 16887.120659, 316.998511, -0.260762, 0.965403, 0.005860
96.830000, 4678.196477, 16890.286888, 317.030258, -0.260819, 0.965388, 0.005859
96.840000, 4678.035429, 16893.453415, 317.062009, -0.260875, 0.965372, 0.005858
96.850000, 4677.873999, 16896.620241, 317.093765, -0.260932, 0.965357, 0.005857
96.860000, 4677.712185, 16899.787366, 317.125526, -0.260988, 0.965342, 0.005856
96.870000, 4677.549989, 16902.954788, 317.157292, -0.261045, 0.965327, 0.005855
96.880000, 4677.387409, 16906.122510, 317.189064, -0.261101, 0.965311, 0.005853
96.890000, 4677.224447, 16909.290529, 317.220842, -0.261158, 0.965296, 0.005852
96.900000, 4677.061101, 16912.458848, 317.252625, -0.261214, 0.965281, 0.005851
96.910000, 4676.897372, 16915.627465, 317.284413, -0.261271, 0.965266, 0.005850
96.920000, 4676.733260, 16918.796380, 317.316206, -0.261327, 0.965250, 0.005849
96.930000, 4676.568764, 16921.965594, 317.348004, -0.261384, 0.965235, 0.005848
96.940000, 4676.403885, 16925.135106, 317.379806, -0.261440, 0.965220, 0.005847
96.950000, 4676.238623, 16928.304917, 317.411616, -0.261497, 0.965204, 0.005845
96.960000, 4676.072977, 16931.475027, 317.443431, -0.261553, 0.965189, 0.005844
96.970000, 4675.906947, 16934.645435, 317.475251, -0.261609, 0.965174, 0.005843
96.980000, 4675.740534, 16937.816142, 317.507076, -0.261666, 0.965159, 0.005842
96.990000, 4675.573737, 16940.987147, 317.538906, -0.261722, 0.965143, 0.005841
97.000000, 4675.406556, 16944.158451, 317.570740, -0.261779, 0.965128, 0.005840
97.010000, 4675.238991, 16947.330053, 317.602582, -0.261835, 0.965113, 0.005839
97.020000, 4675.071042, 16950.501954, 317.634429, -0.261891, 0.965097, 0.005837
97.030000, 4674.902709, 16953.674154, 317.666280, -0.261948, 0.965082, 0.005836
97.040000, 4674.733992, 16956.846652, 317.698137, -0.262004, 0.965067, 0.005835
97.050000, 4674.564891, 16960.019449, 317.729999, -0.262060, 0.965052, 0.005834
97.060000, 4674.395406, 16963.192545, 317.761867, -0.262117, 0.965036, 0.005833
97.070000, 4674.225536, 16966.365939, 317.793741, -0.262173, 0.965021, 0.005832
97.080000, 4674.055282, 16969.539631, 317.825619, -0.262229, 0.965006, 0.005830
97.090000, 4673.884644, 16972.713623, 317.857503, -0.262285, 0.964990, 0.005829
97.100000, 4673.713621, 16975.887913, 317.889391, -0.262342, 0.964975, 0.005828
97.110000, 4673.542214, 16979.062502, 317.921285, -0.262398, 0.964960, 0.005827
97.120000, 4673.370422, 16982.237389, 317.953185, -0.262454, 0.964945, 0.005826
97.130000, 4673.198245, 16985.412575, 317.985091, -0.262510, 0.964929, 0.005825
97.140000, 4673.025683, 16988.588060, 318.017001, -0.262566, 0.964914, 0.005824
97.150000, 4672.852737, 16991.763844, 318.048916, -0.262623, 0.964899, 0.005822
97.160000, 4672.679406, 16994.939926, 318.080837, -0.262679, 0.964883, 0.005821
97.170000, 4672.505690, 16998.116307, 318.112762, -0.262735, 0.964868, 0.005820
97.180000, 4672.331589, 17001.292986, 318.144694, -0.262791, 0.964853, 0.005819
97.190000, 4672.157102, 17004.469965, 318.176632, -0.262847, 0.964837, 0.005818
97.200000, 4671.982231, 17007.647242, 318.208574, -0.262903, 0.964822, 0.005817
97.210000, 4671.806974, 17010.824818, 318.240521, -0.262959, 0.964807, 0.005816
97.220000, 4671.631332, 17014.002692, 318.272473, -0.263016, 0.964792, 0.005814
97.230000, 4671.455305, 17017.180866, 318.304433, -0.263072, 0.964776, 0.005813
97.240000, 4671.278892, 17020.359338, 318.336397, -0.263128, 0.964761, 0.005812
97.250000, 4671.102094, 17023.538108, 318.368366, -0.263184, 0.964746, 0.005811
97.260000, 4670.924910, 17026.717178, 318.400340, -0.263240, 0.964730, 0.005810
97.270000, 4670.747341, 17029.896546, 318.432319, -0.263296, 0.964715, 0.005809
97.280000, 4670.569386, 17033.076214, 318.464303, -0.263352, 0.964700, 0.005807
97.290000, 4670.391045, 17036.256180, 318.496295, -0.263408, 0.964685, 0.005806
97.300000, 4670.212318, 17039.436444, 318.528291, -0.263464, 0.964669, 0.005805
97.310000, 4670.033206, 17042.617008, 318.560292, -0.263520, 0.964654, 0.005804
97.320000, 4669.853707, 17045.797870, 318.592298, -0.263576, 0.964639, 0.005803
97.330000, 4669.673823, 17048.979031, 318.624309, -0.263632, 0.964623, 0.005802
97.340000, 4669.493552, 17052.160492, 318.656325, -0.263688, 0.964608, 0.005801
97.350000, 4669.312896, 17055.342250, 318.688348, -0.263744, 0.964593, 0.005799
97.360000, 4669.131853, 17058.524308, 318.720376, -0.263800, 0.964578, 0.005798
97.370000, 4668.950423, 17061.706665, 318.752409, -0.263856, 0.964562, 0.005797
97.380000, 4668.768608, 17064.889320, 318.784447, -0.263911, 0.964547, 0.005796
97.390000, 4668.586406, 17068.072274, 318.816490, -0.263967, 0.964532, 0.005795
97.400000, 4668.403817, 17071.255527, 318.848540, -0.264023, 0.964516, 0.005794
97.410000, 4668.220842, 17074.439079, 318.880595, -0.264079, 0.964501, 0.005792
97.420000, 4668.037481, 17077.622930, 318.912655, -0.264135, 0.964486, 0.005791
97.430000, 4667.853733, 17080.807080, 318.944720, -0.264191, 0.964470, 0.005790
97.440000, 4667.669597, 17083.991529, 318.976789, -0.264247, 0.964455, 0.005789
97.450000, 4667.485076, 17087.176277, 319.008864, -0.264302, 0.964440, 0.005788
97.460000, 4667.300167, 17090.361323, 319.040946, -0.264358, 0.964425, 0.005787
97.470000, 4667.114871, 17093.546668, 319.073033, -0.264414, 0.964409, 0.005786
97.480000, 4666.929189, 17096.732313, 319.105125, -0.264470, 0.964394, 0.005784
97.490000, 4666.743119, 17099.918256, 319.137222, -0.264526, 0.964379, 0.005783
97.500000, 4666.556662, 17103.104498, 319.169324, -0.264581, 0.964363, 0.005782
97.510000, 4666.369818, 17106.291040, 319.201432, -0.264637, 0.964348, 0.005781
97.520000, 4666.182586, 17109.477880, 319.233546, -0.264693, 0.964333, 0.005780
97.530000, 4665.994968, 17112.665019, 319.265665, -0.264749, 0.964317, 0.005779
97.540000, 4665.806961, 17115.852457, 319.297789, -0.264804, 0.964302, 0.005777
97.550000, 4665.618568, 17119.040194, 319.329918, -0.264860, 0.964287, 0.005776
97.560000, 4665.429787, 17122.228230, 319.362053, -0.264916, 0.964272, 0.005775
97.570000, 4665.240618, 17125.416565, 319.394194, -0.264971, 0.964256, 0.005774
97.580000, 4665.051062, 17128.605199, 319.426340, -0.265027, 0.964241, 0.005773
97.590000, 4664.861117, 17131.794132, 319.458491, -0.265083, 0.964226, 0.005772
97.600000, 4664.670785, 17134.983364, 319.490646, -0.265138, 0.964210, 0.005770
97.610000, 4664.480066, 17138.172895, 319.522807, -0.265194, 0.964195, 0.005769
97.620000, 4664.288958, 17141.362725, 319.554975, -0.265250, 0.964180, 0.005768
97.630000, 4664.097462, 17144.552854, 319.587148, -0.265305, 0.964165, 0.005767
97.640000, 4663.905578, 17147.743283, 319.619325, -0.265361, 0.964149, 0.005766
97.650000, 4663.713306, 17150.934010, 319.651508, -0.265416, 0.964134, 0.005765
97.660000, 4663.520646, 17154.125036, 319.683696, -0.265472, 0.964119, 0.005763
97.670000, 4663.327598, 17157.316361, 319.715891, -0.265527, 0.964103, 0.005762
97.680000, 4663.134161, 17160.507986, 319.748090, -0.265583, 0.964088, 0.005761
97.690000, 4662.940336, 17163.699909, 319.780295, -0.265638, 0.964073, 0.005760
97.700000, 4662.746122, 17166.892132, 319.812505, -0.265694, 0.964057, 0.005759
97.710000, 4662.551520, 17170.084653, 319.844720, -0.265750, 0.964042, 0.005758
97.720000, 4662.356529, 17173.277474, 319.876941, -0.265805, 0.964027, 0.005757
97.730000, 4662.161150, 17176.470594, 319.909168, -0.265861, 0.964012, 0.005755
97.740000, 4661.965382, 17179.664013, 319.941400, -0.265916, 0.963996, 0.005754
97.750000, 4661.769225, 17182.857731, 319.973636, -0.265971, 0.963981, 0.005753
97.760000, 4661.572679, 17186.051748, 320.005878, -0.266027, 0.963966, 0.005752
97.770000, 4661.375745, 17189.246065, 320.038127, -0.266082, 0.963950, 0.005751
97.780000, 4661.178421, 17192.440680, 320.070380, -0.266138, 0.963935, 0.005750
97.790000, 4660.980708, 17195.635595, 320.102639, -0.266193, 0.963920, 0.005748
97.800000, 4660.782606, 17198.830809, 320.134903, -0.266249, 0.963904, 0.005747
97.810000, 4660.584115, 17202.026322, 320.167172, -0.266304, 0.963889, 0.005746
97.820000, 4660.385235, 17205.222134, 320.199447, -0.266359, 0.963874, 0.005745
97.830000, 4660.185966, 17208.418245, 320.231728, -0.266415, 0.963859, 0.005744
97.840000, 4659.986307, 17211.614656, 320.264014, -0.266470, 0.963843, 0.005743
97.850000, 4659.786258, 17214.811365, 320.296304, -0.266525, 0.963828, 0.005741
97.860000, 4659.585820, 17218.008374, 320.328600, -0.266581, 0.963813, 0.005740
97.870000, 4659.384993, 17221.205682, 320.360903, -0.266636, 0.963797, 0.005739
97.880000, 4659.183776, 17224.403290, 320.393210, -0.266691, 0.963782, 0.005738
97.890000, 4658.982169, 17227.601196, 320.425523, -0.266747, 0.963767, 0.005737
97.900000, 4658.780172, 17230.799402, 320.457841, -0.266802, 0.963751, 0.005736
97.910000, 4658.577786, 17233.997907, 320.490164, -0.266857, 0.963736, 0.005734
97.920000, 4658.375009, 17237.196711, 320.522491, -0.266912, 0.963721, 0.005733
97.930000, 4658.171843, 17240.395815, 320.554826, -0.266968, 0.963706, 0.005732
97.940000, 4657.968287, 17243.595217, 320.587166, -0.267023, 0.963690, 0.005731
97.950000, 4657.764340, 17246.794919, 320.619511, -0.267078, 0.963675, 0.005730
97.960000, 4657.560003, 17249.994921, 320.651860, -0.267133, 0.963660, 0.005729
97.970000, 4657.355277, 17253.195221, 320.684215, -0.267188, 0.963644, 0.005727
97.980000, 4657.150159, 17256.395821, 320.716577, -0.267244, 0.963629, 0.005726
97.990000, 4656.944652, 17259.596720, 320.748944, -0.267299, 0.963614, 0.005725
98.000000, 4656.738754, 17262.797919, 320.781315, -0.267354, 0.963598, 0.005724
98.010000, 4656.532465, 17265.999416, 320.813692, -0.267409, 0.963583, 0.005723
98.020000, 4656.325786, 17269.201213, 320.846074, -0.267464, 0.963568, 0.005722
98.030000, 4656.118717, 17272.403310, 320.878463, -0.267519, 0.963552, 0.005720
98.040000, 4655.911256, 17275.605705, 320.910857, -0.267574, 0.963537, 0.005719
98.050000, 4655.703405, 17278.808400, 320.943256, -0.267630, 0.963522, 0.005718
98.060000, 4655.495163, 17282.011395, 320.975659, -0.267685, 0.963507, 0.005717
98.070000, 4655.286530, 17285.214688, 321.008070, -0.267740, 0.963491, 0.005716
98.080000, 4655.077507, 17288.418281, 321.040486, -0.267795, 0.963476, 0.005715
98.090000, 4654.868092, 17291.622174, 321.072907, -0.267850, 0.963461, 0.005713
98.100000, 4654.658286, 17294.826366, 321.105333, -0.267905, 0.963445, 0.005712
98.110000, 4654.448089, 17298.030857, 321.137764, -0.267960, 0.963430, 0.005711
98.120000, 4654.237501, 17301.235647, 321.170201, -0.268015, 0.963415, 0.005710
98.130000, 4654.026521, 17304.440737, 321.202644, -0.268070, 0.963399, 0.005709
98.140000, 4653.815150, 17307.646126, 321.235092, -0.268125, 0.963384, 0.005708
98.150000, 4653.603388, 17310.851815, 321.267545, -0.268180, 0.963369, 0.005706
98.160000, 4653.391234, 17314.057803, 321.300003, -0.268235, 0.963354, 0.005705
98.170000, 4653.178689, 17317.264091, 321.332468, -0.268290, 0.963338, 0.005704
98.180000, 4652.965752, 17320.470678, 321.364938, -0.268345, 0.963323, 0.005703
98.190000, 4652.752423, 17323.677564, 321.397413, -0.268400, 0.963308, 0.005702
98.200000, 4652.538703, 17326.884750, 321.429893, -0.268455, 0.963292, 0.005701
98.210000, 4652.324591, 17330.092236, 321.462378, -0.268509, 0.963277, 0.005699
98.220000, 4652.110087, 17333.300020, 321.494870, -0.268564, 0.963262, 0.005698
98.230000, 4651.895191, 17336.508105, 321.527367, -0.268619, 0.963246, 0.005697
98.240000, 4651.679903, 17339.716488, 321.559869, -0.268674, 0.963231, 0.005696
98.250000, 4651.464223, 17342.925171, 321.592376, -0.268729, 0.963216, 0.005695
98.260000, 4651.248150, 17346.134154, 321.624888, -0.268784, 0.963201, 0.005694
98.270000, 4651.031686, 17349.343436, 321.657407, -0.268839, 0.963185, 0.005692
98.280000, 4650.814830, 17352.553018, 321.689931, -0.268893, 0.963170, 0.005691
98.290000, 4650.597581, 17355.762899, 321.722460, -0.268948, 0.963155, 0.005690
98.300000, 4650.379939, 17358.973080, 321.754994, -0.269003, 0.963139, 0.005689
98.310000, 4650.161905, 17362.183560, 321.787534, -0.269058, 0.963124, 0.005688
98.320000, 4649.943479, 17365.394340, 321.820080, -0.269113, 0.963109, 0.005686
98.330000, 4649.724660, 17368.605419, 321.852631, -0.269167, 0.963093, 0.005685
98.340000, 4649.505449, 17371.816798, 321.885187, -0.269222, 0.963078, 0.005684
98.350000, 4649.285844, 17375.028476, 321.917748, -0.269277, 0.963063, 0.005683
98.360000, 4649.065847, 17378.240454, 321.950317, -0.269332, 0.963048, 0.005682
98.370000, 4648.845458, 17381.452731, 321.982890, -0.269386, 0.963032, 0.005681
98.380000, 4648.624675, 17384.665308, 322.015468, -0.269441, 0.963017, 0.005679
98.390000, 4648.403499, 17387.878185, 322.048051, -0.269496, 0.963002, 0.005678
98.400000, 4648.181930, 17391.091361, 322.080640, -0.269550, 0.962986, 0.005677
98.410000, 4647.959968, 17394.304837, 322.113235, -0.269605, 0.962971, 0.005676
98.420000, 4647.737613, 17397.518612, 322.145835, -0.269660, 0.962956, 0.005675
98.430000, 4647.514865, 17400.732687, 322.178441, -0.269714, 0.962940, 0.005674
98.440000, 4647.291723, 17403.947062, 322.211051, -0.269769, 0.962925, 0.005672
98.450000, 4647.068188, 17407.161736, 322.243666, -0.269823, 0.962910, 0.005671
98.460000, 4646.844260, 17410.376710, 322.276289, -0.269878, 0.962895, 0.005670
98.470000, 4646.619938, 17413.591983, 322.308916, -0.269933, 0.962879, 0.005669
98.480000, 4646.395222, 17416.807556, 322.341549, -0.269987, 0.962864, 0.005668
98.490000, 4646.170113, 17420.023429, 322.374186, -0.270042, 0.962849, 0.005667
98.500000, 4645.944610, 17423.239601, 322.406831, -0.270096, 0.962833, 0.005665
98.510000, 4645.718714, 17426.456074, 322.439480, -0.270151, 0.962818, 0.005664
98.520000, 4645.492423, 17429.672845, 322.472135, -0.270205, 0.962803, 0.005663
98.530000, 4645.265739, 17432.889917, 322.504794, -0.270260, 0.962787, 0.005662
98.540000, 4645.038661, 17436.107288, 322.537459, -0.270314, 0.962772, 0.005661
98.550000, 4644.811188, 17439.324959, 322.570130, -0.270369, 0.962757, 0.005659
98.560000, 4644.583322, 17442.542929, 322.602807, -0.270423, 0.962742, 0.005658
98.570000, 4644.355062, 17445.761199, 322.635489, -0.270478, 0.962726, 0.005657
98.580000, 4644.126407, 17448.979769, 322.668175, -0.270532, 0.962711, 0.005656
98.590000, 4643.897358, 17452.198639, 322.700867, -0.270587, 0.962696, 0.005655
98.600000, 4643.667914, 17455.417808, 322.733566, -0.270641, 0.962680, 0.005654
98.610000, 4643.438077, 17458.637277, 322.766270, -0.270696, 0.962665, 0.005652
98.620000, 4643.207845, 17461.857046, 322.798978, -0.270750, 0.962650, 0.005651
98.630000, 4642.977218, 17465.077115, 322.831692, -0.270804, 0.962634, 0.005650
98.640000, 4642.746196, 17468.297483, 322.864413, -0.270859, 0.962619, 0.005649
98.650000, 4642.514780, 17471.518151, 322.897139, -0.270913, 0.962604, 0.005648
98.660000, 4642.282970, 17474.739119, 322.929870, -0.270967, 0.962589, 0.005647
98.670000, 4642.050764, 17477.960386, 322.962606, -0.271022, 0.962573, 0.005645
98.680000, 4641.818164, 17481.181954, 322.995347, -0.271076, 0.962558, 0.005644
98.690000, 4641.585168, 17484.403821, 323.028095, -0.271130, 0.962543, 0.005643
98.700000, 4641.351778, 17487.625988, 323.060848, -0.271185, 0.962527, 0.005642
98.710000, 4641.117993, 17490.848455, 323.093606, -0.271239, 0.962512, 0.005641
98.720000, 4640.883812, 17494.071221, 323.126369, -0.271293, 0.962497, 0.005639
98.730000, 4640.649237, 17497.294288, 323.159139, -0.271348, 0.962481, 0.005638
98.740000, 4640.414266, 17500.517654, 323.191914, -0.271402, 0.962466, 0.005637
98.750000, 4640.178899, 17503.741320, 323.224694, -0.271456, 0.962451, 0.005636
98.760000, 4639.943138, 17506.965286, 323.257479, -0.271510, 0.962436, 0.005635
98.770000, 4639.706981, 17510.189552, 323.290269, -0.271564, 0.962420, 0.005634
98.780000, 4639.470428, 17513.414117, 323.323067, -0.271619, 0.962405, 0.005632
98.790000, 4639.233480, 17516.638983, 323.355869, -0.271673, 0.962390, 0.005631
98.800000, 4638.996136, 17519.864148, 323.388676, -0.271727, 0.962374, 0.005630
98.810000, 4638.758397, 17523.089613, 323.421488, -0.271781, 0.962359, 0.005629
98.820000, 4638.520262, 17526.315379, 323.454308, -0.271835, 0.962344, 0.005628
98.830000, 4638.281731, 17529.541444, 323.487132, -0.271890, 0.962328, 0.005626
98.840000, 4638.042804, 17532.767808, 323.519961, -0.271944, 0.962313, 0.005625
98.850000, 4637.803481, 17535.994473, 323.552796, -0.271998, 0.962298, 0.005624
98.860000, 4637.563762, 17539.221438, 323.585635, -0.272052, 0.962283, 0.005623
98.870000, 4637.323647, 17542.448703, 323.618482, -0.272106, 0.962267, 0.005622
98.880000, 4637.083135, 17545.676267, 323.651333, -0.272160, 0.962252, 0.005621
98.890000, 4636.842228, 17548.904132, 323.684190, -0.272214, 0.962237, 0.005619
98.900000, 4636.600924, 17552.132296, 323.717052, -0.272268, 0.962221, 0.005618
98.910000, 4636.359224, 17555.360760, 323.749920, -0.272322, 0.962206, 0.005617
98.920000, 4636.117128, 17558.589525, 323.782794, -0.272376, 0.962191, 0.005616
98.930000, 4635.874635, 17561.818589, 323.815672, -0.272430, 0.962176, 0.005615
98.940000, 4635.631746, 17565.047953, 323.848556, -0.272484, 0.962160, 0.005613
98.950000, 4635.388459, 17568.277617, 323.881447, -0.272538, 0.962145, 0.005612
98.960000, 4635.144777, 17571.507582, 323.914343, -0.272592, 0.962130, 0.005611
98.970000, 4634.900697, 17574.737846, 323.947243, -0.272646, 0.962114, 0.005610
98.980000, 4634.656221, 17577.968410, 323.980149, -0.272700, 0.962099, 0.005609
98.990000, 4634.411348, 17581.199274, 324.013060, -0.272754, 0.962084, 0.005608
99.000000, 4634.166078, 17584.430438, 324.045978, -0.272808, 0.962068, 0.005606
99.010000, 4633.920411, 17587.661903, 324.078901, -0.272862, 0.962053, 0.005605
99.020000, 4633.674347, 17590.893667, 324.111829, -0.272916, 0.962038, 0.005604
99.030000, 4633.427885, 17594.125731, 324.144762, -0.272970, 0.962023, 0.005603
99.040000, 4633.181027, 17597.358096, 324.177702, -0.273024, 0.962007, 0.005602
99.050000, 4632.933771, 17600.590760, 324.210647, -0.273078, 0.961992, 0.005600
99.060000, 4632.686118, 17603.823724, 324.243597, -0.273132, 0.961977, 0.005599
99.070000, 4632.438068, 17607.056989, 324.276553, -0.273185, 0.961961, 0.005598
99.080000, 4632.189620, 17610.290553, 324.309515, -0.273239, 0.961946, 0.005597
99.090000, 4631.940775, 17613.524418, 324.342482, -0.273293, 0.961931, 0.005596
99.100000, 4631.691532, 17616.758583, 324.375454, -0.273347, 0.961916, 0.005595
99.110000, 4631.441892, 17619.993048, 324.408432, -0.273401, 0.961900, 0.005593
99.120000, 4631.191853, 17623.227813, 324.441414, -0.273454, 0.961885, 0.005592
99.130000, 4630.941417, 17626.462878, 324.474403, -0.273508, 0.961870, 0.005591
99.140000, 4630.690584, 17629.698243, 324.507398, -0.273562, 0.961854, 0.005590
99.150000, 4630.439352, 17632.933908, 324.540397, -0.273616, 0.961839, 0.005589
99.160000, 4630.187722, 17636.169873, 324.573402, -0.273669, 0.961824, 0.005587
99.170000, 4629.935695, 17639.406139, 324.606413, -0.273723, 0.961809, 0.005586
99.180000, 4629.683269, 17642.642704, 324.639430, -0.273777, 0.961793, 0.005585
99.190000, 4629.430445, 17645.879570, 324.672451, -0.273831, 0.961778, 0.005584
99.200000, 4629.177223, 17649.116736, 324.705478, -0.273884, 0.961763, 0.005583
99.210000, 4628.923602, 17652.354202, 324.738512, -0.273938, 0.961747, 0.005581
99.220000, 4628.669584, 17655.591969, 324.771551, -0.273992, 0.961732, 0.005580
99.230000, 4628.415167, 17658.830035, 324.804594, -0.274045, 0.961717, 0.005579
99.240000, 4628.160351, 17662.068402, 324.837643, -0.274099, 0.961701, 0.005578
99.250000, 4627.905137, 17665.307069, 324.870699, -0.274153, 0.961686, 0.005577
99.260000, 4627.649524, 17668.546036, 324.903760, -0.274206, 0.961671, 0.005576
99.270000, 4627.393513, 17671.785303, 324.936826, -0.274260, 0.961656, 0.005574
99.280000, 4627.137103, 17675.024870, 324.969897, -0.274313, 0.961640, 0.005573
99.290000, 4626.880294, 17678.264738, 325.002975, -0.274367, 0.961625, 0.005572
99.300000, 4626.623086, 17681.504906, 325.036058, -0.274421, 0.961610, 0.005571
99.310000, 4626.365479, 17684.745374, 325.069146, -0.274474, 0.961594, 0.005570
99.320000, 4626.107474, 17687.986142, 325.102239, -0.274528, 0.961579, 0.005568
99.330000, 4625.849069, 17691.227211, 325.135337, -0.274581, 0.961564, 0.005567
99.340000, 4625.590265, 17694.468580, 325.168443, -0.274635, 0.961549, 0.005566
99.350000, 4625.331062, 17697.710249, 325.201553, -0.274688, 0.961533, 0.005565
99.360000, 4625.071460, 17700.952218, 325.234668, -0.274742, 0.961518, 0.005564
99.370000, 4624.811458, 17704.194488, 325.267789, -0.274795, 0.961503, 0.005562
99.380000, 4624.551057, 17707.437058, 325.300916, -0.274849, 0.961487, 0.005561
99.390000, 4624.290257, 17710.679928, 325.334048, -0.274902, 0.961472, 0.005560
99.400000, 4624.029057, 17713.923099, 325.367186, -0.274956, 0.961457, 0.005559
99.410000, 4623.767458, 17717.166570, 325.400329, -0.275009, 0.961442, 0.005558
99.420000, 4623.505459, 17720.410341, 325.433478, -0.275062, 0.961426, 0.005556
99.430000, 4623.243060, 17723.654412, 325.466633, -0.275116, 0.961411, 0.005555
99.440000, 4622.980262, 17726.898784, 325.499792, -0.275169, 0.961396, 0.005554
99.450000, 4622.717063, 17730.143456, 325.532957, -0.275223, 0.961381, 0.005553
99.460000, 4622.453465, 17733.388429, 325.566129, -0.275276, 0.961365, 0.005552
99.470000, 4622.189467, 17736.633702, 325.599306, -0.275329, 0.961350, 0.005551
99.480000, 4621.925069, 17739.879275, 325.632488, -0.275383, 0.961335, 0.005549
99.490000, 4621.660271, 17743.125148, 325.665675, -0.275436, 0.961319, 0.005548
99.500000, 4621.395073, 17746.371322, 325.698868, -0.275489, 0.961304, 0.005547
99.510000, 4621.129474, 17749.617797, 325.732067, -0.275543, 0.961289, 0.005546
99.520000, 4620.863475, 17752.864571, 325.765272, -0.275596, 0.961274, 0.005545
99.530000, 4620.597076, 17756.111646, 325.798481, -0.275649, 0.961258, 0.005543
99.540000, 4620.330277, 17759.359022, 325.831697, -0.275703, 0.961243, 0.005542
99.550000, 4620.063077, 17762.606698, 325.864918, -0.275756, 0.961228, 0.005541
99.560000, 4619.795477, 17765.854674, 325.898144, -0.275809, 0.961212, 0.005540
99.570000, 4619.527476, 17769.102951, 325.931375, -0.275862, 0.961197, 0.005539
99.580000, 4619.259074, 17772.351528, 325.964614, -0.275916, 0.961182, 0.005537
99.590000, 4618.990271, 17775.600405, 325.997857, -0.275969, 0.961167, 0.005536
99.600000, 4618.721068, 17778.849584, 326.031106, -0.276022, 0.961151, 0.005535
99.610000, 4618.451464, 17782.099062, 326.064359, -0.276075, 0.961136, 0.005534
99.620000, 4618.181460, 17785.348841, 326.097620, -0.276128, 0.961121, 0.005533
99.630000, 4617.911054, 17788.598920, 326.130885, -0.276181, 0.961106, 0.005531
99.640000, 4617.640247, 17791.849300, 326.164156, -0.276235, 0.961090, 0.005530
99.650000, 4617.369039, 17795.099981, 326.197431, -0.276288, 0.961075, 0.005529
99.660000, 4617.097430, 17798.350961, 326.230714, -0.276341, 0.961060, 0.005528
99.670000, 4616.825419, 17801.602243, 326.264002, -0.276394, 0.961044, 0.005527
99.680000, 4616.553008, 17804.853825, 326.297295, -0.276447, 0.961029, 0.005525
99.690000, 4616.280195, 17808.105707, 326.330593, -0.276500, 0.961014, 0.005524
99.700000, 4616.006981, 17811.357890, 326.363897, -0.276553, 0.960999, 0.005523
99.710000, 4615.733365, 17814.610373, 326.397207, -0.276606, 0.960983, 0.005522
99.720000, 4615.459347, 17817.863157, 326.430522, -0.276659, 0.960968, 0.005521
99.730000, 4615.184928, 17821.116241, 326.463843, -0.276712, 0.960953, 0.005519
99.740000, 4614.910108, 17824.369626, 326.497170, -0.276765, 0.960938, 0.005518
99.750000, 4614.634885, 17827.623312, 326.530502, -0.276818, 0.960922, 0.005517
99.760000, 4614.359261, 17830.877298, 326.563839, -0.276871, 0.960907, 0.005516
99.770000, 4614.083235, 17834.131585, 326.597181, -0.276924, 0.960892, 0.005515
99.780000, 4613.806807, 17837.386172, 326.630531, -0.276977, 0.960876, 0.005513
99.790000, 4613.529978, 17840.641060, 326.663885, -0.277030, 0.960861, 0.005512
99.800000, 4613.252746, 17843.896248, 326.697244, -0.277083, 0.960846, 0.005511
99.810000, 4612.975112, 17847.151737, 326.730609, -0.277136, 0.960831, 0.005510
99.820000, 4612.697075, 17850.407527, 326.763981, -0.277189, 0.960815, 0.005509
99.830000, 4612.418637, 17853.663617, 326.797357, -0.277242, 0.960800, 0.005508
99.840000, 4612.139796, 17856.920008, 326.830739, -0.277295, 0.960785, 0.005506
99.850000, 4611.860553, 17860.176699, 326.864126, -0.277348, 0.960770, 0.005505
99.860000, 4611.580908, 17863.433691, 326.897519, -0.277401, 0.960754, 0.005504
99.870000, 4611.300860, 17866.690984, 326.930918, -0.277454, 0.960739, 0.005503
99.880000, 4611.020409, 17869.948577, 326.964322, -0.277507, 0.960724, 0.005502
99.890000, 4610.739556, 17873.206471, 326.997731, -0.277559, 0.960708, 0.005500
99.900000, 4610.458300, 17876.464666, 327.031147, -0.277612, 0.960693, 0.005499
99.910000, 4610.176641, 17879.723161, 327.064568, -0.277665, 0.960678, 0.005498
99.920000, 4609.894580, 17882.981957, 327.097994, -0.277718, 0.960663, 0.005497
99.930000, 4609.612116, 17886.241053, 327.131425, -0.277771, 0.960647, 0.005496
99.940000, 4609.329248, 17889.500451, 327.164863, -0.277823, 0.960632, 0.005494
99.950000, 4609.045978, 17892.760149, 327.198307, -0.277876, 0.960617, 0.005493
99.960000, 4608.762305, 17896.020148, 327.231755, -0.277929, 0.960602, 0.005492
99.970000, 4608.478229, 17899.280447, 327.265210, -0.277982, 0.960586, 0.005491
99.980000, 4608.193749, 17902.541047, 327.298671, -0.278034, 0.960571, 0.005490
99.990000, 4607.908866, 17905.801948, 327.332136, -0.278087, 0.960556, 0.005488
